2026-10-06T21:17:47.3256739Z Current runner version: '2.337.0'
2026-10-06T21:17:47.3286831Z ##[group]Runner Image Provisioner
2026-10-06T21:17:47.3287742Z Hosted Compute Agent
2026-10-06T21:17:47.3288301Z Version: 20260901.588
2026-10-06T21:17:47.3288917Z Commit: f88ec8081b781fac6c440065ac7ff9e710ce3d0b
2026-10-06T21:17:47.3289632Z Build Date: 2026-09-01T19:56:44Z
2026-10-06T21:17:47.3290347Z Worker ID: {f22b192c-a412-4cce-b3a8-085136ff75b9}
2026-10-06T21:17:47.3291123Z Azure Region: centralus
2026-10-06T21:17:47.3291730Z ##[endgroup]
2026-10-06T21:17:47.3293439Z ##[group]Operating System
2026-10-06T21:17:47.3294190Z Microsoft Windows Server 2025
2026-10-06T21:17:47.3294778Z 10.0.26100
2026-10-06T21:17:47.3295308Z Datacenter
2026-10-06T21:17:47.3295830Z ##[endgroup]
2026-10-06T21:17:47.3296364Z ##[group]Runner Image
2026-10-06T21:17:47.3296937Z Image: windows-2025-vs2026
2026-10-06T21:17:47.3297507Z Version: 20260925.250.1
2026-10-06T21:17:47.3299676Z Included Software: https://github.com/actions/runner-images/blob/win25-vs2026/20260925.250/images/windows/Windows2025-VS2026-Readme.md
2026-10-06T21:17:47.3301416Z Image Release: https://github.com/actions/runner-images/releases/tag/win25-vs2026%2F20260925.250
2026-10-06T21:17:47.3302367Z ##[endgroup]
2026-10-06T21:17:47.3303520Z ##[group]GITHUB_TOKEN Permissions
2026-10-06T21:17:47.3306230Z Contents: read
2026-10-06T21:17:47.3306835Z Metadata: read
2026-10-06T21:17:47.3307372Z ##[endgroup]
2026-10-06T21:17:47.3309489Z Secret source: Actions
2026-10-06T21:17:47.3310477Z Cache mode: write
2026-10-06T21:17:47.3311234Z Prepare workflow directory
2026-10-06T21:17:47.3747905Z Prepare all required actions
2026-10-06T21:17:47.3825322Z Getting action download info
2026-10-06T21:17:47.6430949Z Download action repository 'actions/checkout@v4' (SHA:11d5960a326750d5838078e36cf38b85af677262)
2026-10-06T21:17:47.7874694Z Download action repository 'actions/setup-node@v4' (SHA:49933ea5288caeca8642d1e84afbd3f7d6820020)
2026-10-06T21:17:47.9902978Z Download action repository 'actions/upload-artifact@v4' (SHA:ea165f8d65b6e75b540449e92b4886f43607fa02)
2026-10-06T21:17:48.3969240Z Complete job name: windows-2025 / x64
2026-10-06T21:17:48.5538621Z ##[group]Run actions/checkout@v4
2026-10-06T21:17:48.5539723Z with:
2026-10-06T21:17:48.5540200Z   repository: yceachan/ea-md-reader
2026-10-06T21:17:48.5544290Z   token: ***
2026-10-06T21:17:48.5544726Z   ssh-strict: true
2026-10-06T21:17:48.5545179Z   ssh-user: git
2026-10-06T21:17:48.5545635Z   persist-credentials: true
2026-10-06T21:17:48.5546414Z   clean: true
2026-10-06T21:17:48.5546916Z   sparse-checkout-cone-mode: true
2026-10-06T21:17:48.5547455Z   fetch-depth: 1
2026-10-06T21:17:48.5547890Z   fetch-tags: false
2026-10-06T21:17:48.5548352Z   show-progress: true
2026-10-06T21:17:48.5548816Z   lfs: false
2026-10-06T21:17:48.5549244Z   submodules: false
2026-10-06T21:17:48.5549724Z   set-safe-directory: true
2026-10-06T21:17:48.5550263Z   allow-unsafe-pr-checkout: false
2026-10-06T21:17:48.5551340Z env:
2026-10-06T21:17:48.5551846Z   CSC_IDENTITY_AUTO_DISCOVERY: false
2026-10-06T21:17:48.5552427Z   XDG_CURRENT_DESKTOP: 
2026-10-06T21:17:48.5552939Z ##[endgroup]
2026-10-06T21:17:48.6997192Z Syncing repository: yceachan/ea-md-reader
2026-10-06T21:17:48.6999126Z ##[group]Getting Git version info
2026-10-06T21:17:48.6999871Z Working directory is 'D:\a\ea-md-reader\ea-md-reader'
2026-10-06T21:17:48.8065483Z [command]"C:\Program Files\Git\bin\git.exe" version
2026-10-06T21:17:49.1934236Z git version 2.55.0.windows.5
2026-10-06T21:17:49.1983941Z ##[endgroup]
2026-10-06T21:17:49.2005411Z Temporarily overriding HOME='D:\a\_temp\82b817bb-0a4c-4dff-b41d-9b20527fd144' before making global git config changes
2026-10-06T21:17:49.2007992Z Adding repository directory to the temporary git global config as a safe directory
2026-10-06T21:17:49.2016786Z [command]"C:\Program Files\Git\bin\git.exe" config --global --add safe.directory D:\a\ea-md-reader\ea-md-reader
2026-10-06T21:17:49.2713831Z Deleting the contents of 'D:\a\ea-md-reader\ea-md-reader'
2026-10-06T21:17:49.2720922Z ##[group]Initializing the repository
2026-10-06T21:17:49.2731567Z [command]"C:\Program Files\Git\bin\git.exe" init D:\a\ea-md-reader\ea-md-reader
2026-10-06T21:17:49.3830713Z Initialized empty Git repository in D:/a/ea-md-reader/ea-md-reader/.git/
2026-10-06T21:17:49.3898311Z [command]"C:\Program Files\Git\bin\git.exe" remote add origin https://github.com/yceachan/ea-md-reader
2026-10-06T21:17:49.4550731Z ##[endgroup]
2026-10-06T21:17:49.4552663Z ##[group]Disabling automatic garbage collection
2026-10-06T21:17:49.4559573Z [command]"C:\Program Files\Git\bin\git.exe" config --local gc.auto 0
2026-10-06T21:17:49.4874650Z ##[endgroup]
2026-10-06T21:17:49.4876489Z ##[group]Setting up auth
2026-10-06T21:17:49.4887582Z [command]"C:\Program Files\Git\bin\git.exe" config --local --name-only --get-regexp core\.sshCommand
2026-10-06T21:17:49.5201291Z [command]"C:\Program Files\Git\bin\git.exe" submodule foreach --recursive "sh -c \"git config --local --name-only --get-regexp 'core\.sshCommand' && git config --local --unset-all 'core.sshCommand' || :\""
2026-10-06T21:17:51.0181982Z [command]"C:\Program Files\Git\bin\git.exe" config --local --name-only --get-regexp http\.https\:\/\/github\.com\/\.extraheader
2026-10-06T21:17:51.0519886Z [command]"C:\Program Files\Git\bin\git.exe" submodule foreach --recursive "sh -c \"git config --local --name-only --get-regexp 'http\.https\:\/\/github\.com\/\.extraheader' && git config --local --unset-all 'http.https://github.com/.extraheader' || :\""
2026-10-06T21:17:51.6278118Z [command]"C:\Program Files\Git\bin\git.exe" config --local --name-only --get-regexp ^includeIf\.gitdir:
2026-10-06T21:17:51.6608688Z [command]"C:\Program Files\Git\bin\git.exe" submodule foreach --recursive "git config --local --show-origin --name-only --get-regexp remote.origin.url"
2026-10-06T21:17:52.2137900Z [command]"C:\Program Files\Git\bin\git.exe" config --local http.https://github.com/.extraheader "AUTHORIZATION: basic ***"
2026-10-06T21:17:52.2460540Z ##[endgroup]
2026-10-06T21:17:52.2461191Z ##[group]Fetching the repository
2026-10-06T21:17:52.2477106Z [command]"C:\Program Files\Git\bin\git.exe" -c protocol.version=2 fetch --no-tags --prune --no-recurse-submodules --depth=1 origin +de6e5c5a124efce277194902f29abe97965e3f7d:refs/remotes/pull/2/merge
2026-10-06T21:17:53.4041970Z From https://github.com/yceachan/ea-md-reader
2026-10-06T21:17:53.4043004Z  * [new ref]         de6e5c5a124efce277194902f29abe97965e3f7d -> pull/2/merge
2026-10-06T21:17:53.4086121Z ##[endgroup]
2026-10-06T21:17:53.4086795Z ##[group]Determining the checkout info
2026-10-06T21:17:53.4089443Z ##[endgroup]
2026-10-06T21:17:53.4099963Z [command]"C:\Program Files\Git\bin\git.exe" sparse-checkout disable
2026-10-06T21:17:53.4575816Z [command]"C:\Program Files\Git\bin\git.exe" config --local --unset-all extensions.worktreeConfig
2026-10-06T21:17:53.4887027Z ##[group]Checking out the ref
2026-10-06T21:17:53.4901774Z [command]"C:\Program Files\Git\bin\git.exe" checkout --progress --force refs/remotes/pull/2/merge
2026-10-06T21:17:53.5715876Z Note: switching to 'refs/remotes/pull/2/merge'.
2026-10-06T21:17:53.5716287Z 
2026-10-06T21:17:53.5716538Z You are in 'detached HEAD' state. You can look around, make experimental
2026-10-06T21:17:53.5717026Z changes and commit them, and you can discard any commits you make in this
2026-10-06T21:17:53.5717494Z state without impacting any branches by switching back to a branch.
2026-10-06T21:17:53.5718014Z 
2026-10-06T21:17:53.5718308Z If you want to create a new branch to retain commits you create, you may
2026-10-06T21:17:53.5719081Z do so (now or later) by using -c with the switch command. Example:
2026-10-06T21:17:53.5719341Z 
2026-10-06T21:17:53.5719470Z   git switch -c <new-branch-name>
2026-10-06T21:17:53.5719783Z 
2026-10-06T21:17:53.5719961Z Or undo this operation with:
2026-10-06T21:17:53.5720239Z 
2026-10-06T21:17:53.5720343Z   git switch -
2026-10-06T21:17:53.5720464Z 
2026-10-06T21:17:53.5720671Z Turn off this advice by setting config variable advice.detachedHead to false
2026-10-06T21:17:53.5721927Z 
2026-10-06T21:17:53.5722370Z HEAD is now at de6e5c5 Merge 0decc43e5991a55a755e9ebc1cd0e27402cc010a into 7cebdef012f4a664e064cdc88a54888779db395b
2026-10-06T21:17:53.5830538Z ##[endgroup]
2026-10-06T21:17:53.6246140Z [command]"C:\Program Files\Git\bin\git.exe" log -1 --format=%H
2026-10-06T21:17:53.6520672Z de6e5c5a124efce277194902f29abe97965e3f7d
2026-10-06T21:17:53.7021099Z ##[group]Run actions/setup-node@v4
2026-10-06T21:17:53.7021443Z with:
2026-10-06T21:17:53.7021633Z   node-version: 22
2026-10-06T21:17:53.7021827Z   cache: npm
2026-10-06T21:17:53.7022010Z   always-auth: false
2026-10-06T21:17:53.7022215Z   check-latest: false
2026-10-06T21:17:53.7024776Z   token: ***
2026-10-06T21:17:53.7024953Z env:
2026-10-06T21:17:53.7025131Z   CSC_IDENTITY_AUTO_DISCOVERY: false
2026-10-06T21:17:53.7025382Z   XDG_CURRENT_DESKTOP: 
2026-10-06T21:17:53.7025582Z ##[endgroup]
2026-10-06T21:17:53.8900986Z Found in cache @ C:\hostedtoolcache\windows\node\22.23.3\x64
2026-10-06T21:17:53.8908212Z (node:5920) [DEP0040] DeprecationWarning: The `punycode` module is deprecated. Please use a userland alternative instead.
2026-10-06T21:17:53.8909020Z (Use `node --trace-deprecation ...` to show where the warning was created)
2026-10-06T21:17:53.8912508Z ##[group]Environment details
2026-10-06T21:17:58.6680314Z node: v22.23.3
2026-10-06T21:17:58.6680801Z npm: 10.9.9
2026-10-06T21:17:58.6681091Z yarn: 1.22.22
2026-10-06T21:17:58.6682583Z ##[endgroup]
2026-10-06T21:17:58.7681337Z [command]C:\Windows\system32\cmd.exe /D /S /C "C:\hostedtoolcache\windows\node\22.23.3\x64\npm.cmd config get cache"
2026-10-06T21:17:59.3858335Z C:\npm\cache
2026-10-06T21:17:59.7172505Z npm cache is not found
2026-10-06T21:17:59.7501635Z ##[group]Run node -e "console.log({platform:process.platform,arch:process.arch,node:process.version}); if(process.arch!==process.env.EXPECTED_ARCH) process.exit(1)"
2026-10-06T21:17:59.7502882Z [36;1mnode -e "console.log({platform:process.platform,arch:process.arch,node:process.version}); if(process.arch!==process.env.EXPECTED_ARCH) process.exit(1)"[0m
2026-10-06T21:17:59.8118119Z shell: C:\Program Files\PowerShell\7\pwsh.EXE -command ". '{0}'"
2026-10-06T21:17:59.8118627Z env:
2026-10-06T21:17:59.8118895Z   CSC_IDENTITY_AUTO_DISCOVERY: false
2026-10-06T21:17:59.8119257Z   XDG_CURRENT_DESKTOP: 
2026-10-06T21:17:59.8119543Z   EXPECTED_ARCH: x64
2026-10-06T21:17:59.8119803Z ##[endgroup]
2026-10-06T21:18:00.2273417Z { platform: 'win32', arch: 'x64', node: 'v22.23.3' }
2026-10-06T21:18:00.3865857Z ##[group]Run npm ci
2026-10-06T21:18:00.3866144Z [36;1mnpm ci[0m
2026-10-06T21:18:00.3937880Z shell: C:\Program Files\PowerShell\7\pwsh.EXE -command ". '{0}'"
2026-10-06T21:18:00.3938216Z env:
2026-10-06T21:18:00.3938395Z   CSC_IDENTITY_AUTO_DISCOVERY: false
2026-10-06T21:18:00.3938637Z   XDG_CURRENT_DESKTOP: 
2026-10-06T21:18:00.3938830Z ##[endgroup]
2026-10-06T21:18:05.1101332Z npm warn deprecated rimraf@2.6.3: Rimraf versions prior to v4 are no longer supported
2026-10-06T21:18:05.6471201Z npm warn deprecated inflight@1.0.6: This module is not supported, and leaks memory. Do not use it. Check out lru-cache if you want a good and tested way to coalesce async requests by a key value, which is much more comprehensive and powerful.
2026-10-06T21:18:06.0910216Z npm warn deprecated glob@7.2.3: Old versions of glob are not supported, and contain widely publicized security vulnerabilities, which have been fixed in the current version. Please update. Support for old versions may be purchased (at exorbitant rates) by contacting i@izs.me
2026-10-06T21:18:08.4514829Z npm warn deprecated boolean@3.2.0: Package no longer supported. Contact Support at https://www.npmjs.com/support for more info.
2026-10-06T21:18:21.0137327Z 
2026-10-06T21:18:21.0138395Z added 520 packages, and audited 521 packages in 20s
2026-10-06T21:18:21.0138889Z 
2026-10-06T21:18:21.0139217Z 86 packages are looking for funding
2026-10-06T21:18:21.0140189Z   run `npm fund` for details
2026-10-06T21:18:21.0390623Z 
2026-10-06T21:18:21.0391386Z 10 vulnerabilities (2 low, 8 moderate)
2026-10-06T21:18:21.0391884Z 
2026-10-06T21:18:21.0392326Z To address all issues (including breaking changes), run:
2026-10-06T21:18:21.0393460Z   npm audit fix --force
2026-10-06T21:18:21.0393734Z 
2026-10-06T21:18:21.0393981Z Run `npm audit` for details.
2026-10-06T21:18:22.4113122Z ##[group]Run npm run build
2026-10-06T21:18:22.4113604Z [36;1mnpm run build[0m
2026-10-06T21:18:22.4188518Z shell: C:\Program Files\PowerShell\7\pwsh.EXE -command ". '{0}'"
2026-10-06T21:18:22.4188861Z env:
2026-10-06T21:18:22.4189048Z   CSC_IDENTITY_AUTO_DISCOVERY: false
2026-10-06T21:18:22.4189300Z   XDG_CURRENT_DESKTOP: 
2026-10-06T21:18:22.4189513Z ##[endgroup]
2026-10-06T21:18:23.1930998Z 
2026-10-06T21:18:23.1932308Z > emd@0.1.0 build
2026-10-06T21:18:23.1932720Z > npm run build:icons && tsc --noEmit && vite build
2026-10-06T21:18:23.1932973Z 
2026-10-06T21:18:23.5110350Z 
2026-10-06T21:18:23.5110880Z > emd@0.1.0 build:icons
2026-10-06T21:18:23.5111300Z > node scripts/render-icons.mjs
2026-10-06T21:18:23.5111549Z 
2026-10-06T21:18:28.1527194Z Rendered application icons from assets/emd.svg
2026-10-06T21:18:31.5438152Z [36mvite v7.3.6 [32mbuilding client environment for production...[36m[39m
2026-10-06T21:18:31.6342004Z transforming...
2026-10-06T21:18:45.3137601Z [32m✓[39m 2528 modules transformed.
2026-10-06T21:18:46.9121743Z rendering chunks...
2026-10-06T21:18:48.0861222Z computing gzip size...
2026-10-06T21:18:48.5725929Z [2mdist/[22m[32mindex.html                                       [39m[1m[2m  0.70 kB[22m[1m[22m[2m │ gzip:   0.42 kB[22m
2026-10-06T21:18:48.5727167Z [2mdist/[22m[32massets/KaTeX_Size3-Regular-CTq5MqoE.woff         [39m[1m[2m  4.42 kB[22m[1m[22m
2026-10-06T21:18:48.5728639Z [2mdist/[22m[32massets/KaTeX_Size4-Regular-Dl5lxZxV.woff2        [39m[1m[2m  4.93 kB[22m[1m[22m
2026-10-06T21:18:48.5730461Z [2mdist/[22m[32massets/KaTeX_Size2-Regular-Dy4dx90m.woff2        [39m[1m[2m  5.21 kB[22m[1m[22m
2026-10-06T21:18:48.5731885Z [2mdist/[22m[32massets/KaTeX_Size1-Regular-mCD8mA8B.woff2        [39m[1m[2m  5.47 kB[22m[1m[22m
2026-10-06T21:18:48.5733584Z [2mdist/[22m[32massets/KaTeX_Size4-Regular-BF-4gkZK.woff         [39m[1m[2m  5.98 kB[22m[1m[22m
2026-10-06T21:18:48.5735125Z [2mdist/[22m[32massets/KaTeX_Size2-Regular-oD1tc_U0.woff         [39m[1m[2m  6.19 kB[22m[1m[22m
2026-10-06T21:18:48.5736394Z [2mdist/[22m[32massets/KaTeX_Size1-Regular-C195tn64.woff         [39m[1m[2m  6.50 kB[22m[1m[22m
2026-10-06T21:18:48.5737502Z [2mdist/[22m[32massets/KaTeX_Caligraphic-Regular-Di6jR-x-.woff2  [39m[1m[2m  6.91 kB[22m[1m[22m
2026-10-06T21:18:48.5738364Z [2mdist/[22m[32massets/KaTeX_Caligraphic-Bold-Dq_IR9rO.woff2     [39m[1m[2m  6.91 kB[22m[1m[22m
2026-10-06T21:18:48.5739168Z [2mdist/[22m[32massets/KaTeX_Size3-Regular-DgpXs0kz.ttf          [39m[1m[2m  7.59 kB[22m[1m[22m
2026-10-06T21:18:48.5740186Z [2mdist/[22m[32massets/KaTeX_Caligraphic-Regular-CTRA-rTL.woff   [39m[1m[2m  7.66 kB[22m[1m[22m
2026-10-06T21:18:48.5741639Z [2mdist/[22m[32massets/KaTeX_Caligraphic-Bold-BEiXGLvX.woff      [39m[1m[2m  7.72 kB[22m[1m[22m
2026-10-06T21:18:48.5743994Z [2mdist/[22m[32massets/KaTeX_Script-Regular-D3wIWfF6.woff2       [39m[1m[2m  9.64 kB[22m[1m[22m
2026-10-06T21:18:48.5745362Z [2mdist/[22m[32massets/KaTeX_SansSerif-Regular-DDBCnlJ7.woff2    [39m[1m[2m 10.34 kB[22m[1m[22m
2026-10-06T21:18:48.5746690Z [2mdist/[22m[32massets/KaTeX_Size4-Regular-DWFBv043.ttf          [39m[1m[2m 10.36 kB[22m[1m[22m
2026-10-06T21:18:48.5747943Z [2mdist/[22m[32massets/KaTeX_Script-Regular-D5yQViql.woff        [39m[1m[2m 10.59 kB[22m[1m[22m
2026-10-06T21:18:48.5749217Z [2mdist/[22m[32massets/KaTeX_Fraktur-Regular-CTYiF6lA.woff2      [39m[1m[2m 11.32 kB[22m[1m[22m
2026-10-06T21:18:48.5750426Z [2mdist/[22m[32massets/KaTeX_Fraktur-Bold-CL6g_b3V.woff2         [39m[1m[2m 11.35 kB[22m[1m[22m
2026-10-06T21:18:48.5752421Z [2mdist/[22m[32massets/KaTeX_Size2-Regular-B7gKUWhC.ttf          [39m[1m[2m 11.51 kB[22m[1m[22m
2026-10-06T21:18:48.5754058Z [2mdist/[22m[32massets/KaTeX_SansSerif-Italic-C3H0VqGB.woff2     [39m[1m[2m 12.03 kB[22m[1m[22m
2026-10-06T21:18:48.5760057Z [2mdist/[22m[32massets/KaTeX_SansSerif-Bold-D1sUS0GD.woff2       [39m[1m[2m 12.22 kB[22m[1m[22m
2026-10-06T21:18:48.5761780Z [2mdist/[22m[32massets/KaTeX_Size1-Regular-Dbsnue_I.ttf          [39m[1m[2m 12.23 kB[22m[1m[22m
2026-10-06T21:18:48.5763302Z [2mdist/[22m[32massets/KaTeX_SansSerif-Regular-CS6fqUqJ.woff     [39m[1m[2m 12.32 kB[22m[1m[22m
2026-10-06T21:18:48.5764836Z [2mdist/[22m[32massets/KaTeX_Caligraphic-Regular-wX97UBjC.ttf    [39m[1m[2m 12.34 kB[22m[1m[22m
2026-10-06T21:18:48.5766359Z [2mdist/[22m[32massets/KaTeX_Caligraphic-Bold-ATXxdsX0.ttf       [39m[1m[2m 12.37 kB[22m[1m[22m
2026-10-06T21:18:48.5767921Z [2mdist/[22m[32massets/KaTeX_Fraktur-Regular-Dxdc4cR9.woff       [39m[1m[2m 13.21 kB[22m[1m[22m
2026-10-06T21:18:48.5769437Z [2mdist/[22m[32massets/KaTeX_Fraktur-Bold-BsDP51OF.woff          [39m[1m[2m 13.30 kB[22m[1m[22m
2026-10-06T21:18:48.5770955Z [2mdist/[22m[32massets/KaTeX_Typewriter-Regular-CO6r4hn1.woff2   [39m[1m[2m 13.57 kB[22m[1m[22m
2026-10-06T21:18:48.5772491Z [2mdist/[22m[32massets/KaTeX_SansSerif-Italic-DN2j7dab.woff      [39m[1m[2m 14.11 kB[22m[1m[22m
2026-10-06T21:18:48.5774476Z [2mdist/[22m[32massets/KaTeX_SansSerif-Bold-DbIhKOiC.woff        [39m[1m[2m 14.41 kB[22m[1m[22m
2026-10-06T21:18:48.5775997Z [2mdist/[22m[32massets/KaTeX_Typewriter-Regular-C0xS9mPB.woff    [39m[1m[2m 16.03 kB[22m[1m[22m
2026-10-06T21:18:48.5777540Z [2mdist/[22m[32massets/KaTeX_Math-BoldItalic-CZnvNsCZ.woff2      [39m[1m[2m 16.40 kB[22m[1m[22m
2026-10-06T21:18:48.5779130Z [2mdist/[22m[32massets/KaTeX_Math-Italic-t53AETM-.woff2          [39m[1m[2m 16.44 kB[22m[1m[22m
2026-10-06T21:18:48.5780644Z [2mdist/[22m[32massets/KaTeX_Script-Regular-C5JkGWo-.ttf         [39m[1m[2m 16.65 kB[22m[1m[22m
2026-10-06T21:18:48.5782126Z [2mdist/[22m[32massets/KaTeX_Main-BoldItalic-DxDJ3AOS.woff2      [39m[1m[2m 16.78 kB[22m[1m[22m
2026-10-06T21:18:48.5783591Z [2mdist/[22m[32massets/KaTeX_Main-Italic-NWA7e6Wa.woff2          [39m[1m[2m 16.99 kB[22m[1m[22m
2026-10-06T21:18:48.5785059Z [2mdist/[22m[32massets/KaTeX_Math-BoldItalic-iY-2wyZ7.woff       [39m[1m[2m 18.67 kB[22m[1m[22m
2026-10-06T21:18:48.5786515Z [2mdist/[22m[32massets/KaTeX_Math-Italic-DA0__PXp.woff           [39m[1m[2m 18.75 kB[22m[1m[22m
2026-10-06T21:18:48.5787978Z [2mdist/[22m[32massets/KaTeX_Main-BoldItalic-SpSLRI95.woff       [39m[1m[2m 19.41 kB[22m[1m[22m
2026-10-06T21:18:48.5789101Z [2mdist/[22m[32massets/KaTeX_SansSerif-Regular-BNo7hRIc.ttf      [39m[1m[2m 19.44 kB[22m[1m[22m
2026-10-06T21:18:48.5790126Z [2mdist/[22m[32massets/KaTeX_Fraktur-Regular-CB_wures.ttf        [39m[1m[2m 19.57 kB[22m[1m[22m
2026-10-06T21:18:48.5791538Z [2mdist/[22m[32massets/KaTeX_Fraktur-Bold-BdnERNNW.ttf           [39m[1m[2m 19.58 kB[22m[1m[22m
2026-10-06T21:18:48.5792953Z [2mdist/[22m[32massets/KaTeX_Main-Italic-BMLOBm91.woff           [39m[1m[2m 19.68 kB[22m[1m[22m
2026-10-06T21:18:48.5794659Z [2mdist/[22m[32massets/KaTeX_SansSerif-Italic-YYjJ1zSn.ttf       [39m[1m[2m 22.36 kB[22m[1m[22m
2026-10-06T21:18:48.5796018Z [2mdist/[22m[32massets/KaTeX_SansSerif-Bold-CFMepnvq.ttf         [39m[1m[2m 24.50 kB[22m[1m[22m
2026-10-06T21:18:48.5797372Z [2mdist/[22m[32massets/KaTeX_Main-Bold-Cx986IdX.woff2            [39m[1m[2m 25.32 kB[22m[1m[22m
2026-10-06T21:18:48.5798750Z [2mdist/[22m[32massets/KaTeX_Main-Regular-B22Nviop.woff2         [39m[1m[2m 26.27 kB[22m[1m[22m
2026-10-06T21:18:48.5800162Z [2mdist/[22m[32massets/KaTeX_Typewriter-Regular-D3Ib7_Hf.ttf     [39m[1m[2m 27.56 kB[22m[1m[22m
2026-10-06T21:18:48.5802910Z [2mdist/[22m[32massets/KaTeX_AMS-Regular-BQhdFMY1.woff2          [39m[1m[2m 28.08 kB[22m[1m[22m
2026-10-06T21:18:48.5804310Z [2mdist/[22m[32massets/KaTeX_Main-Bold-Jm3AIy58.woff             [39m[1m[2m 29.91 kB[22m[1m[22m
2026-10-06T21:18:48.5806977Z [2mdist/[22m[32massets/KaTeX_Main-Regular-Dr94JaBh.woff          [39m[1m[2m 30.77 kB[22m[1m[22m
2026-10-06T21:18:48.5808430Z [2mdist/[22m[32massets/KaTeX_Math-BoldItalic-B3XSjfu4.ttf        [39m[1m[2m 31.20 kB[22m[1m[22m
2026-10-06T21:18:48.5809850Z [2mdist/[22m[32massets/KaTeX_Math-Italic-flOr_0UB.ttf            [39m[1m[2m 31.31 kB[22m[1m[22m
2026-10-06T21:18:48.5811224Z [2mdist/[22m[32massets/KaTeX_Main-BoldItalic-DzxPMmG6.ttf        [39m[1m[2m 32.97 kB[22m[1m[22m
2026-10-06T21:18:48.5812648Z [2mdist/[22m[32massets/KaTeX_AMS-Regular-DMm9YOAa.woff           [39m[1m[2m 33.52 kB[22m[1m[22m
2026-10-06T21:18:48.5814114Z [2mdist/[22m[32massets/KaTeX_Main-Italic-3WenGoN9.ttf            [39m[1m[2m 33.58 kB[22m[1m[22m
2026-10-06T21:18:48.5815563Z [2mdist/[22m[32massets/KaTeX_Main-Bold-waoOVXN0.ttf              [39m[1m[2m 51.34 kB[22m[1m[22m
2026-10-06T21:18:48.5816888Z [2mdist/[22m[32massets/KaTeX_Main-Regular-ypZvNtVU.ttf           [39m[1m[2m 53.58 kB[22m[1m[22m
2026-10-06T21:18:48.5818301Z [2mdist/[22m[32massets/KaTeX_AMS-Regular-DRggAlZN.ttf            [39m[1m[2m 63.63 kB[22m[1m[22m
2026-10-06T21:18:48.5819829Z [2mdist/[22m[35massets/index-BwxPVEoW.css                        [39m[1m[2m 49.45 kB[22m[1m[22m[2m │ gzip:  12.80 kB[22m
2026-10-06T21:18:48.5821413Z [2mdist/[22m[36massets/channel-FUdXnKJX.js                       [39m[1m[2m  0.11 kB[22m[1m[22m[2m │ gzip:   0.13 kB[22m
2026-10-06T21:18:48.5822947Z [2mdist/[22m[36massets/init-Gi6I4Gst.js                          [39m[1m[2m  0.15 kB[22m[1m[22m[2m │ gzip:   0.13 kB[22m
2026-10-06T21:18:48.5824356Z [2mdist/[22m[36massets/chunk-2Q5K7J3B-o2JtGGfA.js                [39m[1m[2m  0.19 kB[22m[1m[22m[2m │ gzip:   0.16 kB[22m
2026-10-06T21:18:48.5825960Z [2mdist/[22m[36massets/chunk-JWPE2WC7-Cl1QLhVt.js                [39m[1m[2m  0.23 kB[22m[1m[22m[2m │ gzip:   0.17 kB[22m
2026-10-06T21:18:48.5827598Z [2mdist/[22m[36massets/chunk-XXDRQBXY-I-YnLo6L.js                [39m[1m[2m  0.23 kB[22m[1m[22m[2m │ gzip:   0.21 kB[22m
2026-10-06T21:18:48.5829170Z [2mdist/[22m[36massets/chunk-5VM5RSS4-CLOA691W.js                [39m[1m[2m  0.37 kB[22m[1m[22m[2m │ gzip:   0.27 kB[22m
2026-10-06T21:18:48.5830791Z [2mdist/[22m[36massets/stateDiagram-v2-MP3YSRHH-B2P103kj.js      [39m[1m[2m  0.43 kB[22m[1m[22m[2m │ gzip:   0.30 kB[22m
2026-10-06T21:18:48.5832482Z [2mdist/[22m[36massets/classDiagram-ZZMXUADV-Cx1tDEYN.js         [39m[1m[2m  0.47 kB[22m[1m[22m[2m │ gzip:   0.32 kB[22m
2026-10-06T21:18:48.5834353Z [2mdist/[22m[36massets/classDiagram-v2-VYDZK3BY-Cx1tDEYN.js      [39m[1m[2m  0.47 kB[22m[1m[22m[2m │ gzip:   0.32 kB[22m
2026-10-06T21:18:48.5836230Z [2mdist/[22m[36massets/chunk-POPQ4Y6H-3TACjkb4.js                [39m[1m[2m  0.51 kB[22m[1m[22m[2m │ gzip:   0.36 kB[22m
2026-10-06T21:18:48.5837883Z [2mdist/[22m[36massets/codeowners-Bp6g37R7.js                    [39m[1m[2m  0.55 kB[22m[1m[22m[2m │ gzip:   0.32 kB[22m
2026-10-06T21:18:48.5839431Z [2mdist/[22m[36massets/swimlanesDiagram-VR7AAH4N-C5wxo-hl.js     [39m[1m[2m  0.55 kB[22m[1m[22m[2m │ gzip:   0.37 kB[22m
2026-10-06T21:18:48.5840950Z [2mdist/[22m[36massets/infoDiagram-27XIBGKW-_RHcM5LJ.js          [39m[1m[2m  0.59 kB[22m[1m[22m[2m │ gzip:   0.41 kB[22m
2026-10-06T21:18:48.5842566Z [2mdist/[22m[36massets/shellsession-BADoaaVG.js                  [39m[1m[2m  0.71 kB[22m[1m[22m[2m │ gzip:   0.43 kB[22m
2026-10-06T21:18:48.5844018Z [2mdist/[22m[36massets/tsv-B_m7g4N7.js                           [39m[1m[2m  0.74 kB[22m[1m[22m[2m │ gzip:   0.34 kB[22m
2026-10-06T21:18:48.5845746Z [2mdist/[22m[36massets/html-derivative-DZhk3IEZ.js               [39m[1m[2m  0.90 kB[22m[1m[22m[2m │ gzip:   0.50 kB[22m
2026-10-06T21:18:48.5847402Z [2mdist/[22m[36massets/sizeCapture-INFHLROL-nXGNq9r5.js          [39m[1m[2m  0.94 kB[22m[1m[22m[2m │ gzip:   0.53 kB[22m
2026-10-06T21:18:48.5849274Z [2mdist/[22m[36massets/git-rebase-r7XF79zn.js                    [39m[1m[2m  0.98 kB[22m[1m[22m[2m │ gzip:   0.44 kB[22m
2026-10-06T21:18:48.5850855Z [2mdist/[22m[36massets/qmldir-C8lEn-DE.js                        [39m[1m[2m  1.00 kB[22m[1m[22m[2m │ gzip:   0.45 kB[22m
2026-10-06T21:18:48.5852319Z [2mdist/[22m[36massets/csv-fuZLfV_i.js                           [39m[1m[2m  1.14 kB[22m[1m[22m[2m │ gzip:   0.37 kB[22m
2026-10-06T21:18:48.5853775Z [2mdist/[22m[36massets/ordinal-Cboi1Yqb.js                       [39m[1m[2m  1.19 kB[22m[1m[22m[2m │ gzip:   0.57 kB[22m
2026-10-06T21:18:48.5855589Z [2mdist/[22m[36massets/git-commit-F4YmCXRG.js                    [39m[1m[2m  1.23 kB[22m[1m[22m[2m │ gzip:   0.53 kB[22m
2026-10-06T21:18:48.5857228Z [2mdist/[22m[36massets/xsl-CtQFsRM5.js                           [39m[1m[2m  1.39 kB[22m[1m[22m[2m │ gzip:   0.52 kB[22m
2026-10-06T21:18:48.5858848Z [2mdist/[22m[36massets/sparql-rVzFXLq3.js                        [39m[1m[2m  1.48 kB[22m[1m[22m[2m │ gzip:   0.82 kB[22m
2026-10-06T21:18:48.5860316Z [2mdist/[22m[36massets/ini-BEwlwnbL.js                           [39m[1m[2m  1.53 kB[22m[1m[22m[2m │ gzip:   0.50 kB[22m
2026-10-06T21:18:48.5861839Z [2mdist/[22m[36massets/railroadDiagram-O6MQD6OU-DEkPl9ae.js      [39m[1m[2m  1.61 kB[22m[1m[22m[2m │ gzip:   0.75 kB[22m
2026-10-06T21:18:48.5863542Z [2mdist/[22m[36massets/fortran-fixed-form-CkoXwp7k.js            [39m[1m[2m  1.67 kB[22m[1m[22m[2m │ gzip:   0.69 kB[22m
2026-10-06T21:18:48.5865075Z [2mdist/[22m[36massets/docker-BcOcwvcX.js                        [39m[1m[2m  1.74 kB[22m[1m[22m[2m │ gzip:   0.60 kB[22m
2026-10-06T21:18:48.5866646Z [2mdist/[22m[36massets/dotenv-De0Btta0.js                        [39m[1m[2m  1.75 kB[22m[1m[22m[2m │ gzip:   0.61 kB[22m
2026-10-06T21:18:48.5868170Z [2mdist/[22m[36massets/abnfDiagram-VCTEODGH-CW857IX5.js          [39m[1m[2m  1.81 kB[22m[1m[22m[2m │ gzip:   0.89 kB[22m
2026-10-06T21:18:48.5869779Z [2mdist/[22m[36massets/desktop-BmXAJ9_W.js                       [39m[1m[2m  1.83 kB[22m[1m[22m[2m │ gzip:   0.76 kB[22m
2026-10-06T21:18:48.5871173Z [2mdist/[22m[36massets/chunk-F27PBJKO-BHOfQOWm.js                [39m[1m[2m  1.88 kB[22m[1m[22m[2m │ gzip:   0.82 kB[22m
2026-10-06T21:18:48.5872722Z [2mdist/[22m[36massets/hxml-2-FPmUDs.js                          [39m[1m[2m  1.89 kB[22m[1m[22m[2m │ gzip:   0.90 kB[22m
2026-10-06T21:18:48.5874639Z [2mdist/[22m[36massets/pegDiagram-XKGWAZYB-CJfN6Ktr.js           [39m[1m[2m  1.96 kB[22m[1m[22m[2m │ gzip:   0.92 kB[22m
2026-10-06T21:18:48.5876220Z [2mdist/[22m[36massets/ebnfDiagram-PWID7BFC-CHSS9qdm.js          [39m[1m[2m  2.01 kB[22m[1m[22m[2m │ gzip:   0.88 kB[22m
2026-10-06T21:18:48.5877828Z [2mdist/[22m[36massets/wenyan-BV7otONQ.js                        [39m[1m[2m  2.16 kB[22m[1m[22m[2m │ gzip:   1.09 kB[22m
2026-10-06T21:18:48.5879461Z [2mdist/[22m[36massets/jssm-C2t-YnRu.js                          [39m[1m[2m  2.24 kB[22m[1m[22m[2m │ gzip:   0.62 kB[22m
2026-10-06T21:18:48.5880994Z [2mdist/[22m[36massets/reg-C-SQnVFl.js                           [39m[1m[2m  2.35 kB[22m[1m[22m[2m │ gzip:   0.70 kB[22m
2026-10-06T21:18:48.5882518Z [2mdist/[22m[36massets/edge-CJaD-t2L.js                          [39m[1m[2m  2.36 kB[22m[1m[22m[2m │ gzip:   0.70 kB[22m
2026-10-06T21:18:48.5884028Z [2mdist/[22m[36massets/diff-D97Zzqfu.js                          [39m[1m[2m  2.57 kB[22m[1m[22m[2m │ gzip:   0.70 kB[22m
2026-10-06T21:18:48.5885487Z [2mdist/[22m[36massets/gleam-BspZqrRM.js                         [39m[1m[2m  2.58 kB[22m[1m[22m[2m │ gzip:   0.82 kB[22m
2026-10-06T21:18:48.5887183Z [2mdist/[22m[36massets/erb-CSMaCouu.js                           [39m[1m[2m  2.61 kB[22m[1m[22m[2m │ gzip:   0.84 kB[22m
2026-10-06T21:18:48.5888857Z [2mdist/[22m[36massets/hy-DFXneXwc.js                            [39m[1m[2m  2.65 kB[22m[1m[22m[2m │ gzip:   1.18 kB[22m
2026-10-06T21:18:48.5890397Z [2mdist/[22m[36massets/json-Cp-IABpG.js                          [39m[1m[2m  2.82 kB[22m[1m[22m[2m │ gzip:   0.78 kB[22m
2026-10-06T21:18:48.5892211Z [2mdist/[22m[36massets/openscad-C4EeE6gA.js                      [39m[1m[2m  2.82 kB[22m[1m[22m[2m │ gzip:   1.01 kB[22m
2026-10-06T21:18:48.5895944Z [2mdist/[22m[36massets/log-2UxHyX5q.js                           [39m[1m[2m  2.85 kB[22m[1m[22m[2m │ gzip:   0.90 kB[22m
2026-10-06T21:18:48.5898323Z [2mdist/[22m[36massets/cairo-KRGpt6FW.js                         [39m[1m[2m  2.94 kB[22m[1m[22m[2m │ gzip:   0.81 kB[22m
2026-10-06T21:18:48.5900020Z [2mdist/[22m[36massets/berry-uYugtg8r.js                         [39m[1m[2m  3.01 kB[22m[1m[22m[2m │ gzip:   0.81 kB[22m
2026-10-06T21:18:48.5901633Z [2mdist/[22m[36massets/jsonl-DcaNXYhu.js                         [39m[1m[2m  3.01 kB[22m[1m[22m[2m │ gzip:   0.79 kB[22m
2026-10-06T21:18:48.5903215Z [2mdist/[22m[36massets/jsonc-Des-eS-w.js                         [39m[1m[2m  3.11 kB[22m[1m[22m[2m │ gzip:   0.80 kB[22m
2026-10-06T21:18:48.5904815Z [2mdist/[22m[36massets/logo-BtOb2qkB.js                          [39m[1m[2m  3.13 kB[22m[1m[22m[2m │ gzip:   1.47 kB[22m
2026-10-06T21:18:48.5906261Z [2mdist/[22m[36massets/po-BTJTHyun.js                            [39m[1m[2m  3.24 kB[22m[1m[22m[2m │ gzip:   0.91 kB[22m
2026-10-06T21:18:48.5907918Z [2mdist/[22m[36massets/json5-C9tS-k6U.js                         [39m[1m[2m  3.25 kB[22m[1m[22m[2m │ gzip:   0.83 kB[22m
2026-10-06T21:18:48.5909530Z [2mdist/[22m[36massets/mipsasm-CKIfxQSi.js                       [39m[1m[2m  3.26 kB[22m[1m[22m[2m │ gzip:   1.18 kB[22m
2026-10-06T21:18:48.5911174Z [2mdist/[22m[36massets/tasl-QIJgUcNo.js                          [39m[1m[2m  3.29 kB[22m[1m[22m[2m │ gzip:   0.85 kB[22m
2026-10-06T21:18:48.5912724Z [2mdist/[22m[36massets/rbs-CpoqiR4B.js                           [39m[1m[2m  3.31 kB[22m[1m[22m[2m │ gzip:   0.73 kB[22m
2026-10-06T21:18:48.5914706Z [2mdist/[22m[36massets/genie-D0YGMca9.js                         [39m[1m[2m  3.36 kB[22m[1m[22m[2m │ gzip:   1.21 kB[22m
2026-10-06T21:18:48.5916343Z [2mdist/[22m[36massets/rel-C3B-1QV4.js                           [39m[1m[2m  3.37 kB[22m[1m[22m[2m │ gzip:   1.11 kB[22m
2026-10-06T21:18:48.5917957Z [2mdist/[22m[36massets/vala-CsfeWuGM.js                          [39m[1m[2m  3.37 kB[22m[1m[22m[2m │ gzip:   1.19 kB[22m
2026-10-06T21:18:48.5918892Z [2mdist/[22m[36massets/arc-B3krsYDy.js                           [39m[1m[2m  3.43 kB[22m[1m[22m[2m │ gzip:   1.47 kB[22m
2026-10-06T21:18:48.5920085Z [2mdist/[22m[36massets/splunk-BtCnVYZw.js                        [39m[1m[2m  3.44 kB[22m[1m[22m[2m │ gzip:   1.52 kB[22m
2026-10-06T21:18:48.5921104Z [2mdist/[22m[36massets/fluent-C4IJs8-o.js                        [39m[1m[2m  3.61 kB[22m[1m[22m[2m │ gzip:   0.90 kB[22m
2026-10-06T21:18:48.5921970Z [2mdist/[22m[36massets/ssh-config-_ykCGR6B.js                    [39m[1m[2m  3.62 kB[22m[1m[22m[2m │ gzip:   1.60 kB[22m
2026-10-06T21:18:48.5922835Z [2mdist/[22m[36massets/jsonnet-DFQXde-d.js                       [39m[1m[2m  3.62 kB[22m[1m[22m[2m │ gzip:   1.05 kB[22m
2026-10-06T21:18:48.5923668Z [2mdist/[22m[36massets/kdl-DV7GczEv.js                           [39m[1m[2m  3.63 kB[22m[1m[22m[2m │ gzip:   1.04 kB[22m
2026-10-06T21:18:48.5924498Z [2mdist/[22m[36massets/glsl-DplSGwfg.js                          [39m[1m[2m  3.63 kB[22m[1m[22m[2m │ gzip:   1.41 kB[22m
2026-10-06T21:18:48.5925610Z [2mdist/[22m[36massets/hurl-irOxFIW8.js                          [39m[1m[2m  3.65 kB[22m[1m[22m[2m │ gzip:   1.16 kB[22m
2026-10-06T21:18:48.5927316Z [2mdist/[22m[36massets/narrat-DRg8JJMk.js                        [39m[1m[2m  3.67 kB[22m[1m[22m[2m │ gzip:   1.11 kB[22m
2026-10-06T21:18:48.5928689Z [2mdist/[22m[36massets/turtle-BsS91CYL.js                        [39m[1m[2m  3.70 kB[22m[1m[22m[2m │ gzip:   0.98 kB[22m
2026-10-06T21:18:48.5929592Z [2mdist/[22m[36massets/zenscript-DVFEvuxE.js                     [39m[1m[2m  3.91 kB[22m[1m[22m[2m │ gzip:   1.28 kB[22m
2026-10-06T21:18:48.5930484Z [2mdist/[22m[36massets/ron-D8l8udqQ.js                           [39m[1m[2m  3.91 kB[22m[1m[22m[2m │ gzip:   0.98 kB[22m
2026-10-06T21:18:48.5931318Z [2mdist/[22m[36massets/gn-8iBmfbXw.js                            [39m[1m[2m  4.02 kB[22m[1m[22m[2m │ gzip:   1.50 kB[22m
2026-10-06T21:18:48.5932395Z [2mdist/[22m[36massets/pascal-D93ZcfNL.js                        [39m[1m[2m  4.15 kB[22m[1m[22m[2m │ gzip:   1.67 kB[22m
2026-10-06T21:18:48.5934535Z [2mdist/[22m[36massets/diagram-Z3DM3KII-_CUAebxI.js              [39m[1m[2m  4.21 kB[22m[1m[22m[2m │ gzip:   1.83 kB[22m
2026-10-06T21:18:48.5935499Z [2mdist/[22m[36massets/tcl-dwOrl1Do.js                           [39m[1m[2m  4.43 kB[22m[1m[22m[2m │ gzip:   1.52 kB[22m
2026-10-06T21:18:48.5936370Z [2mdist/[22m[36massets/nextflow-BCxp2Aob.js                      [39m[1m[2m  4.51 kB[22m[1m[22m[2m │ gzip:   1.16 kB[22m
2026-10-06T21:18:48.5937229Z [2mdist/[22m[36massets/rosmsg-BJDFO7_C.js                        [39m[1m[2m  4.52 kB[22m[1m[22m[2m │ gzip:   1.06 kB[22m
2026-10-06T21:18:48.5938082Z [2mdist/[22m[36massets/http-jrhK8wxY.js                          [39m[1m[2m  4.55 kB[22m[1m[22m[2m │ gzip:   1.12 kB[22m
2026-10-06T21:18:48.5938946Z [2mdist/[22m[36massets/polar-C0HS_06l.js                         [39m[1m[2m  4.67 kB[22m[1m[22m[2m │ gzip:   1.12 kB[22m
2026-10-06T21:18:48.5939813Z [2mdist/[22m[36massets/defaultLocale-DX6XiGOO.js                 [39m[1m[2m  4.69 kB[22m[1m[22m[2m │ gzip:   2.18 kB[22m
2026-10-06T21:18:48.5940690Z [2mdist/[22m[36massets/sdbl-DVxCFoDh.js                          [39m[1m[2m  4.70 kB[22m[1m[22m[2m │ gzip:   2.01 kB[22m
2026-10-06T21:18:48.5941526Z [2mdist/[22m[36massets/fennel-BYunw83y.js                        [39m[1m[2m  4.77 kB[22m[1m[22m[2m │ gzip:   1.53 kB[22m
2026-10-06T21:18:48.5942371Z [2mdist/[22m[36massets/bibtex-CHM0blh-.js                        [39m[1m[2m  4.80 kB[22m[1m[22m[2m │ gzip:   0.83 kB[22m
2026-10-06T21:18:48.5943195Z [2mdist/[22m[36massets/llvm-BZoOZj88.js                          [39m[1m[2m  5.04 kB[22m[1m[22m[2m │ gzip:   2.01 kB[22m
2026-10-06T21:18:48.5944012Z [2mdist/[22m[36massets/wgsl-Dx-B1_4e.js                          [39m[1m[2m  5.14 kB[22m[1m[22m[2m │ gzip:   1.39 kB[22m
2026-10-06T21:18:48.5944850Z [2mdist/[22m[36massets/gdresource-TyuKm33G.js                    [39m[1m[2m  5.29 kB[22m[1m[22m[2m │ gzip:   1.34 kB[22m
2026-10-06T21:18:48.5945699Z [2mdist/[22m[36massets/qml-3beO22l8.js                           [39m[1m[2m  5.34 kB[22m[1m[22m[2m │ gzip:   1.38 kB[22m
2026-10-06T21:18:48.5946525Z [2mdist/[22m[36massets/zig-VOosw3JB.js                           [39m[1m[2m  5.34 kB[22m[1m[22m[2m │ gzip:   1.55 kB[22m
2026-10-06T21:18:48.5947342Z [2mdist/[22m[36massets/dax-CEL-wOlO.js                           [39m[1m[2m  5.37 kB[22m[1m[22m[2m │ gzip:   2.23 kB[22m
2026-10-06T21:18:48.5948164Z [2mdist/[22m[36massets/bicep-Bmn6On1c.js                         [39m[1m[2m  5.38 kB[22m[1m[22m[2m │ gzip:   1.15 kB[22m
2026-10-06T21:18:48.5948986Z [2mdist/[22m[36massets/xml-sdJ4AIDG.js                           [39m[1m[2m  5.38 kB[22m[1m[22m[2m │ gzip:   1.21 kB[22m
2026-10-06T21:18:48.5950688Z [2mdist/[22m[36massets/awk-DMzUqQB5.js                           [39m[1m[2m  5.46 kB[22m[1m[22m[2m │ gzip:   1.38 kB[22m
2026-10-06T21:18:48.5951543Z [2mdist/[22m[36massets/linear-CBDaVLx1.js                        [39m[1m[2m  5.66 kB[22m[1m[22m[2m │ gzip:   2.31 kB[22m
2026-10-06T21:18:48.5952858Z [2mdist/[22m[36massets/jinja-DFQZVq3b.js                         [39m[1m[2m  5.69 kB[22m[1m[22m[2m │ gzip:   1.40 kB[22m
2026-10-06T21:18:48.5954027Z [2mdist/[22m[36massets/lean-BZvkOJ9d.js                          [39m[1m[2m  5.78 kB[22m[1m[22m[2m │ gzip:   1.92 kB[22m
2026-10-06T21:18:48.5954890Z [2mdist/[22m[36massets/powerquery-CEu0bR-o.js                    [39m[1m[2m  5.90 kB[22m[1m[22m[2m │ gzip:   1.52 kB[22m
2026-10-06T21:18:48.5955753Z [2mdist/[22m[36massets/shaderlab-Dg9Lc6iA.js                     [39m[1m[2m  5.92 kB[22m[1m[22m[2m │ gzip:   2.08 kB[22m
2026-10-06T21:18:48.5956648Z [2mdist/[22m[36massets/cypher-COkxafJQ.js                        [39m[1m[2m  5.96 kB[22m[1m[22m[2m │ gzip:   1.73 kB[22m
2026-10-06T21:18:48.5957263Z [33m
2026-10-06T21:18:48.5957623Z (!) Some chunks are larger than 500 kB after minification. Consider:
2026-10-06T21:18:48.5958085Z - Using dynamic import() to code-split the application
2026-10-06T21:18:48.5958883Z - Use build.rollupOptions.output.manualChunks to improve chunking: https://rollupjs.org/configuration-options/#output-manualchunks
2026-10-06T21:18:48.5959764Z - Adjust chunk size limit for this warning via build.chunkSizeWarningLimit.[39m
2026-10-06T21:18:48.5960558Z [2mdist/[22m[36massets/coq-BqXF5kFF.js                           [39m[1m[2m  6.02 kB[22m[1m[22m[2m │ gzip:   1.96 kB[22m
2026-10-06T21:18:48.5961399Z [2mdist/[22m[36massets/vb-Cu-pLBUe.js                            [39m[1m[2m  6.08 kB[22m[1m[22m[2m │ gzip:   2.33 kB[22m
2026-10-06T21:18:48.5962240Z [2mdist/[22m[36massets/moonbit-Bag4Rp_g.js                       [39m[1m[2m  6.08 kB[22m[1m[22m[2m │ gzip:   1.71 kB[22m
2026-10-06T21:18:48.5963120Z [2mdist/[22m[36massets/diagram-UQ7AKVKN-C6Wnrt-2.js              [39m[1m[2m  6.08 kB[22m[1m[22m[2m │ gzip:   2.62 kB[22m
2026-10-06T21:18:48.5964013Z [2mdist/[22m[36massets/min-dark-CafNBF8u.js                      [39m[1m[2m  6.29 kB[22m[1m[22m[2m │ gzip:   1.71 kB[22m
2026-10-06T21:18:48.5964907Z [2mdist/[22m[36massets/pieDiagram-E7YTZNPT-DDKSzztx.js           [39m[1m[2m  6.29 kB[22m[1m[22m[2m │ gzip:   2.62 kB[22m
2026-10-06T21:18:48.5965805Z [2mdist/[22m[36massets/gdshader-DkwncUOv.js                      [39m[1m[2m  6.33 kB[22m[1m[22m[2m │ gzip:   1.73 kB[22m
2026-10-06T21:18:48.5966640Z [2mdist/[22m[36massets/ara-BRHolxvo.js                           [39m[1m[2m  6.36 kB[22m[1m[22m[2m │ gzip:   1.81 kB[22m
2026-10-06T21:18:48.5967476Z [2mdist/[22m[36massets/verilog-nZwndyjY.js                       [39m[1m[2m  6.41 kB[22m[1m[22m[2m │ gzip:   1.92 kB[22m
2026-10-06T21:18:48.5968327Z [2mdist/[22m[36massets/clojure-P80f7IUj.js                       [39m[1m[2m  6.41 kB[22m[1m[22m[2m │ gzip:   1.42 kB[22m
2026-10-06T21:18:48.5969187Z [2mdist/[22m[36massets/postcss-CXtECtnM.js                       [39m[1m[2m  6.42 kB[22m[1m[22m[2m │ gzip:   1.91 kB[22m
2026-10-06T21:18:48.5970050Z [2mdist/[22m[36massets/toml-vGWfd6FD.js                          [39m[1m[2m  6.43 kB[22m[1m[22m[2m │ gzip:   1.28 kB[22m
2026-10-06T21:18:48.5970884Z [2mdist/[22m[36massets/proto-C7zT0LnQ.js                         [39m[1m[2m  6.55 kB[22m[1m[22m[2m │ gzip:   1.42 kB[22m
2026-10-06T21:18:48.5971721Z [2mdist/[22m[36massets/chapel-DTp_pixX.js                        [39m[1m[2m  6.62 kB[22m[1m[22m[2m │ gzip:   1.85 kB[22m
2026-10-06T21:18:48.5972770Z [2mdist/[22m[36massets/r-Cf5RLm7j.js                             [39m[1m[2m  6.74 kB[22m[1m[22m[2m │ gzip:   1.84 kB[22m
2026-10-06T21:18:48.5974017Z [2mdist/[22m[36massets/red-DMbB5_pp.js                           [39m[1m[2m  6.74 kB[22m[1m[22m[2m │ gzip:   1.71 kB[22m
2026-10-06T21:18:48.5974915Z [2mdist/[22m[36massets/talonscript-CkByrt1z.js                   [39m[1m[2m  6.76 kB[22m[1m[22m[2m │ gzip:   1.49 kB[22m
2026-10-06T21:18:48.5975909Z [2mdist/[22m[36massets/riscv-BM1_JUlF.js                         [39m[1m[2m  6.91 kB[22m[1m[22m[2m │ gzip:   1.98 kB[22m
2026-10-06T21:18:48.5976798Z [2mdist/[22m[36massets/solarized-light-DCG28T6R.js               [39m[1m[2m  6.94 kB[22m[1m[22m[2m │ gzip:   1.82 kB[22m
2026-10-06T21:18:48.5977693Z [2mdist/[22m[36massets/min-light-CTRr51gU.js                     [39m[1m[2m  6.97 kB[22m[1m[22m[2m │ gzip:   1.89 kB[22m
2026-10-06T21:18:48.5978557Z [2mdist/[22m[36massets/soy-zscZBeg6.js                           [39m[1m[2m  6.98 kB[22m[1m[22m[2m │ gzip:   1.66 kB[22m
2026-10-06T21:18:48.5979400Z [2mdist/[22m[36massets/scheme-C98Dy4si.js                        [39m[1m[2m  7.17 kB[22m[1m[22m[2m │ gzip:   2.05 kB[22m
2026-10-06T21:18:48.5980243Z [2mdist/[22m[36massets/hlsl-D3lLCCz7.js                          [39m[1m[2m  7.26 kB[22m[1m[22m[2m │ gzip:   2.19 kB[22m
2026-10-06T21:18:48.5981110Z [2mdist/[22m[36massets/solarized-dark-UcubFVte.js                [39m[1m[2m  7.39 kB[22m[1m[22m[2m │ gzip:   1.91 kB[22m
2026-10-06T21:18:48.5981978Z [2mdist/[22m[36massets/qss-IeuSbFQv.js                           [39m[1m[2m  7.47 kB[22m[1m[22m[2m │ gzip:   2.58 kB[22m
2026-10-06T21:18:48.5982809Z [2mdist/[22m[36massets/prisma-Vru482bI.js                        [39m[1m[2m  7.74 kB[22m[1m[22m[2m │ gzip:   1.48 kB[22m
2026-10-06T21:18:48.5983642Z [2mdist/[22m[36massets/systemd-4A_iFExJ.js                       [39m[1m[2m  7.87 kB[22m[1m[22m[2m │ gzip:   2.55 kB[22m
2026-10-06T21:18:48.5984483Z [2mdist/[22m[36massets/regexp-CDVJQ6XC.js                        [39m[1m[2m  7.99 kB[22m[1m[22m[2m │ gzip:   1.42 kB[22m
2026-10-06T21:18:48.5985370Z [2mdist/[22m[36massets/diagram-S7CK7UJ4-CVENdfMO.js              [39m[1m[2m  8.22 kB[22m[1m[22m[2m │ gzip:   3.67 kB[22m
2026-10-06T21:18:48.5986250Z [2mdist/[22m[36massets/monokai-CR4piiQ-.js                       [39m[1m[2m  8.25 kB[22m[1m[22m[2m │ gzip:   1.98 kB[22m
2026-10-06T21:18:48.5987092Z [2mdist/[22m[36massets/haml-GN_XdMnF.js                          [39m[1m[2m  8.26 kB[22m[1m[22m[2m │ gzip:   1.81 kB[22m
2026-10-06T21:18:48.5987930Z [2mdist/[22m[36massets/vue-html-AaS7Mt5G.js                      [39m[1m[2m  8.47 kB[22m[1m[22m[2m │ gzip:   1.68 kB[22m
2026-10-06T21:18:48.5988781Z [2mdist/[22m[36massets/plsql-ChMvpjG-.js                         [39m[1m[2m  8.51 kB[22m[1m[22m[2m │ gzip:   3.00 kB[22m
2026-10-06T21:18:48.5989652Z [2mdist/[22m[36massets/dart-CtKP3W-j.js                          [39m[1m[2m  8.62 kB[22m[1m[22m[2m │ gzip:   2.00 kB[22m
2026-10-06T21:18:48.5990494Z [2mdist/[22m[36massets/horizon-BUw7H-hv.js                       [39m[1m[2m  8.78 kB[22m[1m[22m[2m │ gzip:   1.96 kB[22m
2026-10-06T21:18:48.5991363Z [2mdist/[22m[36massets/kotlin-BdnUsdx6.js                        [39m[1m[2m  8.79 kB[22m[1m[22m[2m │ gzip:   2.13 kB[22m
2026-10-06T21:18:48.5992443Z [2mdist/[22m[36massets/horizon-bright-CUuTKBJd.js                [39m[1m[2m  8.79 kB[22m[1m[22m[2m │ gzip:   1.97 kB[22m
2026-10-06T21:18:48.5993343Z [2mdist/[22m[36massets/make-CHLpvVh8.js                          [39m[1m[2m  8.96 kB[22m[1m[22m[2m │ gzip:   1.77 kB[22m
2026-10-06T21:18:48.5994424Z [2mdist/[22m[36massets/andromeeda-C4gqWexZ.js                    [39m[1m[2m  9.02 kB[22m[1m[22m[2m │ gzip:   2.36 kB[22m
2026-10-06T21:18:48.5995332Z [2mdist/[22m[36massets/sas-BGn39htG.js                           [39m[1m[2m  9.06 kB[22m[1m[22m[2m │ gzip:   3.81 kB[22m
2026-10-06T21:18:48.5996186Z [2mdist/[22m[36massets/dark-plus-C3mMm8J8.js                     [39m[1m[2m  9.10 kB[22m[1m[22m[2m │ gzip:   2.10 kB[22m
2026-10-06T21:18:48.5997251Z [2mdist/[22m[36massets/slack-dark-BthQWCQV.js                    [39m[1m[2m  9.12 kB[22m[1m[22m[2m │ gzip:   1.97 kB[22m
2026-10-06T21:18:48.5998187Z [2mdist/[22m[36massets/smithy-cds9vsN8.js                        [39m[1m[2m  9.13 kB[22m[1m[22m[2m │ gzip:   1.53 kB[22m
2026-10-06T21:18:48.5999027Z [2mdist/[22m[36massets/sass-Cj5Yp3dK.js                          [39m[1m[2m  9.29 kB[22m[1m[22m[2m │ gzip:   2.49 kB[22m
2026-10-06T21:18:48.5999968Z [2mdist/[22m[36massets/plastic-3e1v2bzS.js                       [39m[1m[2m  9.30 kB[22m[1m[22m[2m │ gzip:   1.98 kB[22m
2026-10-06T21:18:48.6031424Z [2mdist/[22m[36massets/slack-ochin-DqwNpetd.js                   [39m[1m[2m  9.43 kB[22m[1m[22m[2m │ gzip:   2.10 kB[22m
2026-10-06T21:18:48.6032370Z [2mdist/[22m[36massets/tex-D96PA37w.js                           [39m[1m[2m  9.67 kB[22m[1m[22m[2m │ gzip:   3.06 kB[22m
2026-10-06T21:18:48.6033600Z [2mdist/[22m[36massets/jison-wvAkD_A8.js                         [39m[1m[2m  9.69 kB[22m[1m[22m[2m │ gzip:   1.85 kB[22m
2026-10-06T21:18:48.6034706Z [2mdist/[22m[36massets/cmake-D1j8_8rp.js                         [39m[1m[2m  9.86 kB[22m[1m[22m[2m │ gzip:   3.37 kB[22m
2026-10-06T21:18:48.6035648Z [2mdist/[22m[36massets/light-plus-B7mTdjB0.js                    [39m[1m[2m  9.94 kB[22m[1m[22m[2m │ gzip:   2.27 kB[22m
2026-10-06T21:18:48.6036525Z [2mdist/[22m[36massets/hcl-BWvSN4gD.js                           [39m[1m[2m 10.05 kB[22m[1m[22m[2m │ gzip:   1.93 kB[22m
2026-10-06T21:18:48.6037425Z [2mdist/[22m[36massets/cynefinDiagram-5FMLGOSQ-BNh775dA.js       [39m[1m[2m 10.10 kB[22m[1m[22m[2m │ gzip:   3.63 kB[22m
2026-10-06T21:18:48.6038381Z [2mdist/[22m[36massets/stateDiagram-D77RDMKH-CdlHAbe9.js         [39m[1m[2m 10.37 kB[22m[1m[22m[2m │ gzip:   3.63 kB[22m
2026-10-06T21:18:48.6039298Z [2mdist/[22m[36massets/pkl-u5AG7uiY.js                           [39m[1m[2m 10.37 kB[22m[1m[22m[2m │ gzip:   1.38 kB[22m
2026-10-06T21:18:48.6040171Z [2mdist/[22m[36massets/dream-maker-BtqSS_iP.js                   [39m[1m[2m 10.47 kB[22m[1m[22m[2m │ gzip:   2.25 kB[22m
2026-10-06T21:18:48.6041047Z [2mdist/[22m[36massets/raku-DXvB9xmW.js                          [39m[1m[2m 10.47 kB[22m[1m[22m[2m │ gzip:   2.94 kB[22m
2026-10-06T21:18:48.6041888Z [2mdist/[22m[36massets/yaml-Buea-lGh.js                          [39m[1m[2m 10.51 kB[22m[1m[22m[2m │ gzip:   2.27 kB[22m
2026-10-06T21:18:48.6042756Z [2mdist/[22m[36massets/nextflow-groovy-CedDknKX.js               [39m[1m[2m 10.53 kB[22m[1m[22m[2m │ gzip:   2.17 kB[22m
2026-10-06T21:18:48.6043622Z [2mdist/[22m[36massets/rst-CVOjT0e7.js                           [39m[1m[2m 10.67 kB[22m[1m[22m[2m │ gzip:   2.42 kB[22m
2026-10-06T21:18:48.6044497Z [2mdist/[22m[36massets/dagre-GXQ25YYZ-DBJ9PiOm.js                [39m[1m[2m 10.68 kB[22m[1m[22m[2m │ gzip:   4.03 kB[22m
2026-10-06T21:18:48.6045403Z [2mdist/[22m[36massets/diagram-VSXAHHWV-CcBux2xS.js              [39m[1m[2m 10.72 kB[22m[1m[22m[2m │ gzip:   4.13 kB[22m
2026-10-06T21:18:48.6046348Z [2mdist/[22m[36massets/elm-DbKCFpqz.js                           [39m[1m[2m 10.97 kB[22m[1m[22m[2m │ gzip:   2.12 kB[22m
2026-10-06T21:18:48.6047201Z [2mdist/[22m[36massets/github-light-DAi9KRSo.js                  [39m[1m[2m 11.18 kB[22m[1m[22m[2m │ gzip:   2.51 kB[22m
2026-10-06T21:18:48.6048060Z [2mdist/[22m[36massets/just-CMxyWJJc.js                          [39m[1m[2m 11.23 kB[22m[1m[22m[2m │ gzip:   2.80 kB[22m
2026-10-06T21:18:48.6048895Z [2mdist/[22m[36massets/prolog-CbFg5uaA.js                        [39m[1m[2m 11.36 kB[22m[1m[22m[2m │ gzip:   3.83 kB[22m
2026-10-06T21:18:48.6049756Z [2mdist/[22m[36massets/terraform-BETggiCN.js                     [39m[1m[2m 11.39 kB[22m[1m[22m[2m │ gzip:   2.51 kB[22m
2026-10-06T21:18:48.6052420Z [2mdist/[22m[36massets/github-dark-DHJKELXO.js                   [39m[1m[2m 11.41 kB[22m[1m[22m[2m │ gzip:   2.55 kB[22m
2026-10-06T21:18:48.6082850Z [2mdist/[22m[36massets/puppet-BMWR74SV.js                        [39m[1m[2m 11.44 kB[22m[1m[22m[2m │ gzip:   2.11 kB[22m
2026-10-06T21:18:48.6085873Z [2mdist/[22m[36massets/laserwave-DUszq2jm.js                     [39m[1m[2m 11.50 kB[22m[1m[22m[2m │ gzip:   2.58 kB[22m
2026-10-06T21:18:48.6087484Z [2mdist/[22m[36massets/gherkin-DyxjwDmM.js                       [39m[1m[2m 11.95 kB[22m[1m[22m[2m │ gzip:   5.05 kB[22m
2026-10-06T21:18:48.6089003Z [2mdist/[22m[36massets/wasm-MzD3tlZU.js                          [39m[1m[2m 12.01 kB[22m[1m[22m[2m │ gzip:   2.19 kB[22m
2026-10-06T21:18:48.6090528Z [2mdist/[22m[36massets/hjson-D5-asLiD.js                         [39m[1m[2m 12.05 kB[22m[1m[22m[2m │ gzip:   1.64 kB[22m
2026-10-06T21:18:48.6093114Z [2mdist/[22m[36massets/surrealql-Cjom0U5J.js                     [39m[1m[2m 12.06 kB[22m[1m[22m[2m │ gzip:   3.30 kB[22m
2026-10-06T21:18:48.6094081Z [2mdist/[22m[36massets/apache-Pmp26Uib.js                        [39m[1m[2m 12.46 kB[22m[1m[22m[2m │ gzip:   3.72 kB[22m
2026-10-06T21:18:48.6095016Z [2mdist/[22m[36massets/handlebars-DPT5vKgj.js                    [39m[1m[2m 12.48 kB[22m[1m[22m[2m │ gzip:   2.42 kB[22m
2026-10-06T21:18:48.6095901Z [2mdist/[22m[36massets/vesper-DRje8inN.js                        [39m[1m[2m 12.73 kB[22m[1m[22m[2m │ gzip:   1.98 kB[22m
2026-10-06T21:18:48.6096778Z [2mdist/[22m[36massets/beancount-BgSHGh8x.js                     [39m[1m[2m 12.86 kB[22m[1m[22m[2m │ gzip:   2.21 kB[22m
2026-10-06T21:18:48.6097645Z [2mdist/[22m[36massets/bat-CickPsom.js                           [39m[1m[2m 12.89 kB[22m[1m[22m[2m │ gzip:   3.23 kB[22m
2026-10-06T21:18:48.6098512Z [2mdist/[22m[36massets/fish-BvzEVeQv.js                          [39m[1m[2m 13.04 kB[22m[1m[22m[2m │ gzip:   1.74 kB[22m
2026-10-06T21:18:48.6105210Z [2mdist/[22m[36massets/nsis-BlV79W_Q.js                          [39m[1m[2m 13.13 kB[22m[1m[22m[2m │ gzip:   4.07 kB[22m
2026-10-06T21:18:48.6106107Z [2mdist/[22m[36massets/v-BGw2Nkan.js                             [39m[1m[2m 13.33 kB[22m[1m[22m[2m │ gzip:   2.77 kB[22m
2026-10-06T21:18:48.6106989Z [2mdist/[22m[36massets/vitesse-light-CVO1_9PV.js                 [39m[1m[2m 13.62 kB[22m[1m[22m[2m │ gzip:   3.04 kB[22m
2026-10-06T21:18:48.6107882Z [2mdist/[22m[36massets/aurora-x-D-2ljcwZ.js                      [39m[1m[2m 13.66 kB[22m[1m[22m[2m │ gzip:   2.28 kB[22m
2026-10-06T21:18:48.6152001Z [2mdist/[22m[36massets/vitesse-black-Bkuqu6BP.js                 [39m[1m[2m 13.68 kB[22m[1m[22m[2m │ gzip:   3.06 kB[22m
2026-10-06T21:18:48.6153863Z [2mdist/[22m[36massets/vitesse-dark-D0r3Knsf.js                  [39m[1m[2m 13.76 kB[22m[1m[22m[2m │ gzip:   3.06 kB[22m
2026-10-06T21:18:48.6155497Z [2mdist/[22m[36massets/pug-BtYPkAgq.js                           [39m[1m[2m 13.84 kB[22m[1m[22m[2m │ gzip:   2.58 kB[22m
2026-10-06T21:18:48.6157033Z [2mdist/[22m[36massets/synthwave-84-CbfX1IO0.js                  [39m[1m[2m 14.04 kB[22m[1m[22m[2m │ gzip:   2.87 kB[22m
2026-10-06T21:18:48.6158631Z [2mdist/[22m[36massets/smalltalk-BOQMe2GC.js                     [39m[1m[2m 14.13 kB[22m[1m[22m[2m │ gzip:   2.16 kB[22m
2026-10-06T21:18:48.6160296Z [2mdist/[22m[36massets/github-light-default-D7oLnXFd.js          [39m[1m[2m 14.16 kB[22m[1m[22m[2m │ gzip:   3.04 kB[22m
2026-10-06T21:18:48.6162027Z [2mdist/[22m[36massets/github-light-high-contrast-BfjtVDDH.js    [39m[1m[2m 14.28 kB[22m[1m[22m[2m │ gzip:   3.02 kB[22m
2026-10-06T21:18:48.6163655Z [2mdist/[22m[36massets/clarity-Dn5IMItf.js                       [39m[1m[2m 14.36 kB[22m[1m[22m[2m │ gzip:   2.51 kB[22m
2026-10-06T21:18:48.6165776Z [2mdist/[22m[36massets/github-dark-dimmed-DH5Ifo-i.js            [39m[1m[2m 14.43 kB[22m[1m[22m[2m │ gzip:   3.13 kB[22m
2026-10-06T21:18:48.6167466Z [2mdist/[22m[36massets/github-dark-default-Cuk6v7N8.js           [39m[1m[2m 14.44 kB[22m[1m[22m[2m │ gzip:   3.13 kB[22m
2026-10-06T21:18:48.6169338Z [2mdist/[22m[36massets/github-dark-high-contrast-E3gJ1_iC.js     [39m[1m[2m 14.60 kB[22m[1m[22m[2m │ gzip:   3.09 kB[22m
2026-10-06T21:18:48.6170996Z [2mdist/[22m[36massets/gnuplot-DdkO51Og.js                       [39m[1m[2m 14.78 kB[22m[1m[22m[2m │ gzip:   3.27 kB[22m
2026-10-06T21:18:48.6172798Z [2mdist/[22m[36massets/rust-DPvrY3IQ.js                          [39m[1m[2m 15.17 kB[22m[1m[22m[2m │ gzip:   2.73 kB[22m
2026-10-06T21:18:48.6174318Z [2mdist/[22m[36massets/kusto-wEQ09or8.js                         [39m[1m[2m 15.17 kB[22m[1m[22m[2m │ gzip:   3.92 kB[22m
2026-10-06T21:18:48.6175800Z [2mdist/[22m[36massets/nix-CwoSXNpI.js                           [39m[1m[2m 15.51 kB[22m[1m[22m[2m │ gzip:   2.48 kB[22m
2026-10-06T21:18:48.6177329Z [2mdist/[22m[36massets/lua-BaeVxFsk.js                           [39m[1m[2m 15.54 kB[22m[1m[22m[2m │ gzip:   3.16 kB[22m
2026-10-06T21:18:48.6178908Z [2mdist/[22m[36massets/actionscript-3-B3316cI-.js                [39m[1m[2m 15.54 kB[22m[1m[22m[2m │ gzip:   2.71 kB[22m
2026-10-06T21:18:48.6180506Z [2mdist/[22m[36massets/chunk-SVP7TREG-C-_jshwc.js                [39m[1m[2m 15.73 kB[22m[1m[22m[2m │ gzip:   4.41 kB[22m
2026-10-06T21:18:48.6182075Z [2mdist/[22m[36massets/abap-BdImnpbu.js                          [39m[1m[2m 15.85 kB[22m[1m[22m[2m │ gzip:   5.91 kB[22m
2026-10-06T21:18:48.6183641Z [2mdist/[22m[36massets/diagram-VX7I27RA-CenI9kOk.js              [39m[1m[2m 15.96 kB[22m[1m[22m[2m │ gzip:   5.70 kB[22m
2026-10-06T21:18:48.6185237Z [2mdist/[22m[36massets/matlab-D7o27uSR.js                        [39m[1m[2m 16.09 kB[22m[1m[22m[2m │ gzip:   3.06 kB[22m
2026-10-06T21:18:48.6186778Z [2mdist/[22m[36massets/cue-D82EKSYY.js                           [39m[1m[2m 16.20 kB[22m[1m[22m[2m │ gzip:   2.06 kB[22m
2026-10-06T21:18:48.6188269Z [2mdist/[22m[36massets/luau-nOZpfvQi.js                          [39m[1m[2m 16.30 kB[22m[1m[22m[2m │ gzip:   3.58 kB[22m
2026-10-06T21:18:48.6189790Z [2mdist/[22m[36massets/elixir-DkJLSxtU.js                        [39m[1m[2m 16.32 kB[22m[1m[22m[2m │ gzip:   2.80 kB[22m
2026-10-06T21:18:48.6191650Z [2mdist/[22m[36massets/solidity-DijEV5ha.js                      [39m[1m[2m 16.41 kB[22m[1m[22m[2m │ gzip:   3.16 kB[22m
2026-10-06T21:18:48.6193215Z [2mdist/[22m[36massets/odin-BBf5iR-q.js                          [39m[1m[2m 16.51 kB[22m[1m[22m[2m │ gzip:   2.94 kB[22m
2026-10-06T21:18:48.6194733Z [2mdist/[22m[36massets/ts-tags-Ls60c9xG.js                       [39m[1m[2m 16.57 kB[22m[1m[22m[2m │ gzip:   2.07 kB[22m
2026-10-06T21:18:48.6196290Z [2mdist/[22m[36massets/kanagawa-wave-DFGoQZhC.js                 [39m[1m[2m 17.12 kB[22m[1m[22m[2m │ gzip:   2.93 kB[22m
2026-10-06T21:18:48.6197874Z [2mdist/[22m[36massets/kanagawa-lotus-C3DzagqV.js                [39m[1m[2m 17.12 kB[22m[1m[22m[2m │ gzip:   2.93 kB[22m
2026-10-06T21:18:48.6199474Z [2mdist/[22m[36massets/kanagawa-dragon-BuwD2xS4.js               [39m[1m[2m 17.12 kB[22m[1m[22m[2m │ gzip:   2.95 kB[22m
2026-10-06T21:18:48.6201148Z [2mdist/[22m[36massets/ishikawaDiagram-5VMMS53U-DCz6yYPF.js      [39m[1m[2m 17.47 kB[22m[1m[22m[2m │ gzip:   6.64 kB[22m
2026-10-06T21:18:48.6202769Z [2mdist/[22m[36massets/move-el3G9tDJ.js                          [39m[1m[2m 17.66 kB[22m[1m[22m[2m │ gzip:   3.06 kB[22m
2026-10-06T21:18:48.6204365Z [2mdist/[22m[36massets/graphql-ChdNCCLP.js                       [39m[1m[2m 18.00 kB[22m[1m[22m[2m │ gzip:   2.52 kB[22m
2026-10-06T21:18:48.6206159Z [2mdist/[22m[36massets/liquid-B-duXHXw.js                        [39m[1m[2m 18.09 kB[22m[1m[22m[2m │ gzip:   3.16 kB[22m
2026-10-06T21:18:48.6207683Z [2mdist/[22m[36massets/svelte-D84K1R2Q.js                        [39m[1m[2m 18.25 kB[22m[1m[22m[2m │ gzip:   3.15 kB[22m
2026-10-06T21:18:48.6210436Z [2mdist/[22m[36massets/material-theme-D5KoaKCx.js                [39m[1m[2m 18.62 kB[22m[1m[22m[2m │ gzip:   3.11 kB[22m
2026-10-06T21:18:48.6212198Z [2mdist/[22m[36massets/material-theme-darker-BfHTSMKl.js         [39m[1m[2m 18.63 kB[22m[1m[22m[2m │ gzip:   3.11 kB[22m
2026-10-06T21:18:48.6213897Z [2mdist/[22m[36massets/material-theme-ocean-CyktbL80.js          [39m[1m[2m 18.63 kB[22m[1m[22m[2m │ gzip:   3.14 kB[22m
2026-10-06T21:18:48.6215600Z [2mdist/[22m[36massets/material-theme-lighter-B0m2ddpp.js        [39m[1m[2m 18.63 kB[22m[1m[22m[2m │ gzip:   3.11 kB[22m
2026-10-06T21:18:48.6217293Z [2mdist/[22m[36massets/material-theme-palenight-Csfq5Kiy.js      [39m[1m[2m 18.64 kB[22m[1m[22m[2m │ gzip:   3.13 kB[22m
2026-10-06T21:18:48.6218954Z [2mdist/[22m[36massets/gdscript-DqcFQ5yU.js                      [39m[1m[2m 19.09 kB[22m[1m[22m[2m │ gzip:   3.77 kB[22m
2026-10-06T21:18:48.6220502Z [2mdist/[22m[36massets/groovy-gcz8RCvz.js                        [39m[1m[2m 19.18 kB[22m[1m[22m[2m │ gzip:   3.60 kB[22m
2026-10-06T21:18:48.6222041Z [2mdist/[22m[36massets/glimmer-js-Drrc9bTt.js                    [39m[1m[2m 20.07 kB[22m[1m[22m[2m │ gzip:   2.95 kB[22m
2026-10-06T21:18:48.6223607Z [2mdist/[22m[36massets/glimmer-ts-zeybXsvi.js                    [39m[1m[2m 20.07 kB[22m[1m[22m[2m │ gzip:   2.94 kB[22m
2026-10-06T21:18:48.6225040Z [2mdist/[22m[36massets/ayu-dark-DYE7WIF3.js                      [39m[1m[2m 20.08 kB[22m[1m[22m[2m │ gzip:   3.94 kB[22m
2026-10-06T21:18:48.6226616Z [2mdist/[22m[36massets/ayu-mirage-32ctXXKs.js                    [39m[1m[2m 20.09 kB[22m[1m[22m[2m │ gzip:   3.94 kB[22m
2026-10-06T21:18:48.6228157Z [2mdist/[22m[36massets/ayu-light-BA47KaF1.js                     [39m[1m[2m 20.15 kB[22m[1m[22m[2m │ gzip:   3.93 kB[22m
2026-10-06T21:18:48.6229976Z [2mdist/[22m[36massets/powershell-Dd0kTxKP.js                    [39m[1m[2m 20.15 kB[22m[1m[22m[2m │ gzip:   4.07 kB[22m
2026-10-06T21:18:48.6231557Z [2mdist/[22m[36massets/mdc-DF4WjDMn.js                           [39m[1m[2m 20.18 kB[22m[1m[22m[2m │ gzip:   6.81 kB[22m
2026-10-06T21:18:48.6233194Z [2mdist/[22m[36massets/kanban-definition-UXKFOSKX-BfqL7w_0.js    [39m[1m[2m 20.30 kB[22m[1m[22m[2m │ gzip:   7.21 kB[22m
2026-10-06T21:18:48.6234737Z [2mdist/[22m[36massets/viml-CJc9bBzg.js                          [39m[1m[2m 20.37 kB[22m[1m[22m[2m │ gzip:   6.73 kB[22m
2026-10-06T21:18:48.6236289Z [2mdist/[22m[36massets/snazzy-light-Bw305WKR.js                  [39m[1m[2m 20.77 kB[22m[1m[22m[2m │ gzip:   3.83 kB[22m
2026-10-06T21:18:48.6237830Z [2mdist/[22m[36massets/dracula-BzJJZx-M.js                       [39m[1m[2m 21.07 kB[22m[1m[22m[2m │ gzip:   4.00 kB[22m
2026-10-06T21:18:48.6239384Z [2mdist/[22m[36massets/dracula-soft-BXkSAIEj.js                  [39m[1m[2m 21.08 kB[22m[1m[22m[2m │ gzip:   4.04 kB[22m
2026-10-06T21:18:48.6240918Z [2mdist/[22m[36massets/wit-5i3qLPDT.js                           [39m[1m[2m 21.47 kB[22m[1m[22m[2m │ gzip:   2.89 kB[22m
2026-10-06T21:18:48.6242435Z [2mdist/[22m[36massets/rose-pine-5qJOZa0Y.js                     [39m[1m[2m 21.74 kB[22m[1m[22m[2m │ gzip:   3.88 kB[22m
2026-10-06T21:18:48.6244030Z [2mdist/[22m[36massets/rose-pine-moon-C9pEdX9L.js                [39m[1m[2m 21.75 kB[22m[1m[22m[2m │ gzip:   3.90 kB[22m
2026-10-06T21:18:48.6245614Z [2mdist/[22m[36massets/rose-pine-dawn-zx0QlTCp.js                [39m[1m[2m 21.75 kB[22m[1m[22m[2m │ gzip:   3.90 kB[22m
2026-10-06T21:18:48.6247179Z [2mdist/[22m[36massets/nushell-BXD5iret.js                       [39m[1m[2m 21.77 kB[22m[1m[22m[2m │ gzip:   5.44 kB[22m
2026-10-06T21:18:48.6248964Z [2mdist/[22m[36massets/nim-nV83PyhX.js                           [39m[1m[2m 22.46 kB[22m[1m[22m[2m │ gzip:   3.16 kB[22m
2026-10-06T21:18:48.6251313Z [2mdist/[22m[36massets/common-lisp-Cg-RD9OK.js                   [39m[1m[2m 22.58 kB[22m[1m[22m[2m │ gzip:   6.06 kB[22m
2026-10-06T21:18:48.6252998Z [2mdist/[22m[36massets/gruvbox-dark-hard-CFHQjOhq.js             [39m[1m[2m 22.63 kB[22m[1m[22m[2m │ gzip:   4.18 kB[22m
2026-10-06T21:18:48.6254628Z [2mdist/[22m[36massets/gruvbox-dark-soft-CVdnzihN.js             [39m[1m[2m 22.63 kB[22m[1m[22m[2m │ gzip:   4.17 kB[22m
2026-10-06T21:18:48.6256248Z [2mdist/[22m[36massets/gruvbox-light-hard-CH1njM8p.js            [39m[1m[2m 22.64 kB[22m[1m[22m[2m │ gzip:   4.18 kB[22m
2026-10-06T21:18:48.6257863Z [2mdist/[22m[36massets/gruvbox-light-soft-hJgmCMqR.js            [39m[1m[2m 22.64 kB[22m[1m[22m[2m │ gzip:   4.18 kB[22m
2026-10-06T21:18:48.6259541Z [2mdist/[22m[36massets/gruvbox-dark-medium-GsRaNv29.js           [39m[1m[2m 22.64 kB[22m[1m[22m[2m │ gzip:   4.18 kB[22m
2026-10-06T21:18:48.6261206Z [2mdist/[22m[36massets/gruvbox-light-medium-DRw_LuNl.js          [39m[1m[2m 22.64 kB[22m[1m[22m[2m │ gzip:   4.18 kB[22m
2026-10-06T21:18:48.6263169Z [2mdist/[22m[36massets/mindmap-definition-YA3MSWOX-B_Ix6xuA.js   [39m[1m[2m 23.18 kB[22m[1m[22m[2m │ gzip:   7.83 kB[22m
2026-10-06T21:18:48.6264909Z [2mdist/[22m[36massets/sankeyDiagram-P5KCCOFB-DwtJo_TO.js        [39m[1m[2m 23.20 kB[22m[1m[22m[2m │ gzip:   8.56 kB[22m
2026-10-06T21:18:48.6266594Z [2mdist/[22m[36massets/journeyDiagram-3NMN7TZE-DIEEoj9H.js       [39m[1m[2m 23.57 kB[22m[1m[22m[2m │ gzip:   8.35 kB[22m
2026-10-06T21:18:48.6268183Z [2mdist/[22m[36massets/cadence-Bv_4Rxtq.js                       [39m[1m[2m 23.67 kB[22m[1m[22m[2m │ gzip:   3.67 kB[22m
2026-10-06T21:18:48.6269974Z [2mdist/[22m[36massets/sql-DkvoVjww.js                           [39m[1m[2m 23.67 kB[22m[1m[22m[2m │ gzip:   7.48 kB[22m
2026-10-06T21:18:48.6271581Z [2mdist/[22m[36massets/astro-DTjqU0_L.js                         [39m[1m[2m 24.01 kB[22m[1m[22m[2m │ gzip:   7.55 kB[22m
2026-10-06T21:18:48.6273067Z [2mdist/[22m[36massets/apl-ChzvTHjC.js                           [39m[1m[2m 24.04 kB[22m[1m[22m[2m │ gzip:   4.20 kB[22m
2026-10-06T21:18:48.6274508Z [2mdist/[22m[36massets/templ-Vpw5XpSW.js                         [39m[1m[2m 24.06 kB[22m[1m[22m[2m │ gzip:   5.40 kB[22m
2026-10-06T21:18:48.6275840Z [2mdist/[22m[36massets/vhdl-CeAyd5Ju.js                          [39m[1m[2m 24.26 kB[22m[1m[22m[2m │ gzip:   3.87 kB[22m
2026-10-06T21:18:48.6277239Z [2mdist/[22m[36massets/angular-html-D_SYSyRt.js                  [39m[1m[2m 24.29 kB[22m[1m[22m[2m │ gzip:   4.01 kB[22m
2026-10-06T21:18:48.6278808Z [2mdist/[22m[36massets/purescript-CklMAg4u.js                    [39m[1m[2m 24.69 kB[22m[1m[22m[2m │ gzip:   3.25 kB[22m
2026-10-06T21:18:48.6280376Z [2mdist/[22m[36massets/vue-DSqPwMUe.js                           [39m[1m[2m 24.96 kB[22m[1m[22m[2m │ gzip:   3.04 kB[22m
2026-10-06T21:18:48.6281934Z [2mdist/[22m[36massets/one-light-C3Wv6jpd.js                     [39m[1m[2m 25.30 kB[22m[1m[22m[2m │ gzip:   3.67 kB[22m
2026-10-06T21:18:48.6283483Z [2mdist/[22m[36massets/fsharp-CXgrBDvD.js                        [39m[1m[2m 25.31 kB[22m[1m[22m[2m │ gzip:   4.13 kB[22m
2026-10-06T21:18:48.6285020Z [2mdist/[22m[36massets/twig-D9-LOF2p.js                          [39m[1m[2m 25.31 kB[22m[1m[22m[2m │ gzip:   4.21 kB[22m
2026-10-06T21:18:48.6286642Z [2mdist/[22m[36massets/wardleyDiagram-VM6X3IG4-BqUFGpH4.js       [39m[1m[2m 25.50 kB[22m[1m[22m[2m │ gzip:   6.79 kB[22m
2026-10-06T21:18:48.6288277Z [2mdist/[22m[36massets/marko-BYgDmDgU.js                         [39m[1m[2m 25.72 kB[22m[1m[22m[2m │ gzip:   3.66 kB[22m
2026-10-06T21:18:48.6290479Z [2mdist/[22m[36massets/night-owl-light-CMTm3GFP.js               [39m[1m[2m 25.90 kB[22m[1m[22m[2m │ gzip:   4.26 kB[22m
2026-10-06T21:18:48.6292107Z [2mdist/[22m[36massets/c3-Dp5svz6Z.js                            [39m[1m[2m 26.39 kB[22m[1m[22m[2m │ gzip:   3.99 kB[22m
2026-10-06T21:18:48.6293863Z [2mdist/[22m[36massets/system-verilog-0hqHdDBg.js                [39m[1m[2m 26.56 kB[22m[1m[22m[2m │ gzip:   4.88 kB[22m
2026-10-06T21:18:48.6295450Z [2mdist/[22m[36massets/nord-Ddv68eIx.js                          [39m[1m[2m 26.72 kB[22m[1m[22m[2m │ gzip:   4.40 kB[22m
2026-10-06T21:18:48.6296991Z [2mdist/[22m[36massets/codeql-DsOJ9woJ.js                        [39m[1m[2m 26.88 kB[22m[1m[22m[2m │ gzip:   3.79 kB[22m
2026-10-06T21:18:48.6298519Z [2mdist/[22m[36massets/typespec-ClX509-Q.js                      [39m[1m[2m 27.00 kB[22m[1m[22m[2m │ gzip:   2.76 kB[22m
2026-10-06T21:18:48.6300072Z [2mdist/[22m[36massets/scss-Cw6XMfVs.js                          [39m[1m[2m 27.20 kB[22m[1m[22m[2m │ gzip:   4.20 kB[22m
2026-10-06T21:18:48.6301565Z [2mdist/[22m[36massets/java-CylS5w8V.js                          [39m[1m[2m 27.22 kB[22m[1m[22m[2m │ gzip:   4.26 kB[22m
2026-10-06T21:18:48.6303081Z [2mdist/[22m[36massets/coffee-Ch7k5sss.js                        [39m[1m[2m 27.42 kB[22m[1m[22m[2m │ gzip:   6.35 kB[22m
2026-10-06T21:18:48.6304737Z [2mdist/[22m[36massets/razor-CyjPwjZj.js                         [39m[1m[2m 27.51 kB[22m[1m[22m[2m │ gzip:   3.57 kB[22m
2026-10-06T21:18:48.6306266Z [2mdist/[22m[36massets/scala-CqE71os6.js                         [39m[1m[2m 28.89 kB[22m[1m[22m[2m │ gzip:   3.94 kB[22m
2026-10-06T21:18:48.6307789Z [2mdist/[22m[36massets/night-owl-C39BiMTA.js                     [39m[1m[2m 28.91 kB[22m[1m[22m[2m │ gzip:   5.16 kB[22m
2026-10-06T21:18:48.6309353Z [2mdist/[22m[36massets/crystal-LUwhHfY5.js                       [39m[1m[2m 29.39 kB[22m[1m[22m[2m │ gzip:   4.45 kB[22m
2026-10-06T21:18:48.6311288Z [2mdist/[22m[36massets/gitGraphDiagram-WWUBYQGX-BYmF1fPo.js      [39m[1m[2m 29.42 kB[22m[1m[22m[2m │ gzip:   8.70 kB[22m
2026-10-06T21:18:48.6312986Z [2mdist/[22m[36massets/applescript-Co6uUVPk.js                   [39m[1m[2m 29.57 kB[22m[1m[22m[2m │ gzip:   5.93 kB[22m
2026-10-06T21:18:48.6314660Z [2mdist/[22m[36massets/erDiagram-RLTQ6QDP-C11v4BrV.js            [39m[1m[2m 30.79 kB[22m[1m[22m[2m │ gzip:  10.59 kB[22m
2026-10-06T21:18:48.6316383Z [2mdist/[22m[36massets/timeline-definition-24CTP7MA-mW6NuLip.js  [39m[1m[2m 30.84 kB[22m[1m[22m[2m │ gzip:  10.15 kB[22m
2026-10-06T21:18:48.6318161Z [2mdist/[22m[36massets/requirementDiagram-BXWQKSXE-C9i98qcr.js   [39m[1m[2m 31.00 kB[22m[1m[22m[2m │ gzip:   9.73 kB[22m
2026-10-06T21:18:48.6319819Z [2mdist/[22m[36massets/stylus-BEDo0Tqx.js                        [39m[1m[2m 31.07 kB[22m[1m[22m[2m │ gzip:   7.99 kB[22m
2026-10-06T21:18:48.6321358Z [2mdist/[22m[36massets/julia-Cu79e8SL.js                         [39m[1m[2m 31.29 kB[22m[1m[22m[2m │ gzip:   4.37 kB[22m
2026-10-06T21:18:48.6471264Z [2mdist/[22m[36massets/ahk-BrbAagtO.js                           [39m[1m[2m 31.45 kB[22m[1m[22m[2m │ gzip:   7.81 kB[22m
2026-10-06T21:18:48.6473139Z [2mdist/[22m[36massets/poimandres-CS3Unz2-.js                    [39m[1m[2m 33.49 kB[22m[1m[22m[2m │ gzip:   5.50 kB[22m
2026-10-06T21:18:48.6474697Z [2mdist/[22m[36massets/bsl-DlhNcFeZ.js                           [39m[1m[2m 33.95 kB[22m[1m[22m[2m │ gzip:   8.36 kB[22m
2026-10-06T21:18:48.6476314Z [2mdist/[22m[36massets/quadrantDiagram-AXDQQJYC-BOzng_oh.js      [39m[1m[2m 34.01 kB[22m[1m[22m[2m │ gzip:   9.98 kB[22m
2026-10-06T21:18:48.6477941Z [2mdist/[22m[36massets/nginx-BpAMiNFr.js                         [39m[1m[2m 35.37 kB[22m[1m[22m[2m │ gzip:   4.43 kB[22m
2026-10-06T21:18:48.6481387Z [2mdist/[22m[36massets/houston-DnULxvSX.js                       [39m[1m[2m 35.42 kB[22m[1m[22m[2m │ gzip:   5.78 kB[22m
2026-10-06T21:18:48.6482931Z [2mdist/[22m[36massets/layout-B2pWYY9-.js                        [39m[1m[2m 35.44 kB[22m[1m[22m[2m │ gzip:  12.75 kB[22m
2026-10-06T21:18:48.6484743Z [2mdist/[22m[36massets/tokyo-night-hegEt444.js                   [39m[1m[2m 35.67 kB[22m[1m[22m[2m │ gzip:   6.24 kB[22m
2026-10-06T21:18:48.6486314Z [2mdist/[22m[36massets/haxe-CfZj7gIn.js                          [39m[1m[2m 35.95 kB[22m[1m[22m[2m │ gzip:   6.01 kB[22m
2026-10-06T21:18:48.6487825Z [2mdist/[22m[36massets/org-6a7ccXN_.js                           [39m[1m[2m 36.32 kB[22m[1m[22m[2m │ gzip:   3.70 kB[22m
2026-10-06T21:18:48.6489411Z [2mdist/[22m[36massets/one-dark-pro-CxGP3dtY.js                  [39m[1m[2m 37.06 kB[22m[1m[22m[2m │ gzip:   6.11 kB[22m
2026-10-06T21:18:48.6495462Z [2mdist/[22m[36massets/erlang-DsQrWhSR.js                        [39m[1m[2m 37.48 kB[22m[1m[22m[2m │ gzip:   4.40 kB[22m
2026-10-06T21:18:48.6497130Z [2mdist/[22m[36massets/chunk-IMKFNOWR-C9iztqsZ.js                [39m[1m[2m 38.11 kB[22m[1m[22m[2m │ gzip:  12.53 kB[22m
2026-10-06T21:18:48.6498729Z [2mdist/[22m[36massets/bird2-Bx8U0n9b.js                         [39m[1m[2m 38.68 kB[22m[1m[22m[2m │ gzip:   8.50 kB[22m
2026-10-06T21:18:48.6500255Z [2mdist/[22m[36massets/cobol-BBKr1ja6.js                         [39m[1m[2m 39.13 kB[22m[1m[22m[2m │ gzip:  10.86 kB[22m
2026-10-06T21:18:48.6501767Z [2mdist/[22m[36massets/asm-D_Q5rh1f.js                           [39m[1m[2m 40.72 kB[22m[1m[22m[2m │ gzip:   8.21 kB[22m
2026-10-06T21:18:48.6503332Z [2mdist/[22m[36massets/shellscript-Yzrsuije.js                   [39m[1m[2m 41.48 kB[22m[1m[22m[2m │ gzip:   6.09 kB[22m
2026-10-06T21:18:48.6505005Z [2mdist/[22m[36massets/haskell-Df6bDoY_.js                       [39m[1m[2m 41.49 kB[22m[1m[22m[2m │ gzip:   6.44 kB[22m
2026-10-06T21:18:48.6506641Z [2mdist/[22m[36massets/blockDiagram-I7D4REHJ--3MbKKbn.js         [39m[1m[2m 41.76 kB[22m[1m[22m[2m │ gzip:  13.58 kB[22m
2026-10-06T21:18:48.6508374Z [2mdist/[22m[36massets/vennDiagram-4TSXK5OY-CuJerX2C.js          [39m[1m[2m 41.96 kB[22m[1m[22m[2m │ gzip:  15.70 kB[22m
2026-10-06T21:18:48.6510374Z [2mdist/[22m[36massets/perl-5klg-GXX.js                          [39m[1m[2m 43.16 kB[22m[1m[22m[2m │ gzip:   4.67 kB[22m
2026-10-06T21:18:48.6511888Z [2mdist/[22m[36massets/d-85-TOEBH.js                             [39m[1m[2m 43.80 kB[22m[1m[22m[2m │ gzip:   8.47 kB[22m
2026-10-06T21:18:48.6513507Z [2mdist/[22m[36massets/xychartDiagram-S5SC5T6Z-ulGzTtn9.js       [39m[1m[2m 44.51 kB[22m[1m[22m[2m │ gzip:  12.61 kB[22m
2026-10-06T21:18:48.6515138Z [2mdist/[22m[36massets/ahk2-8Zs4aa1G.js                          [39m[1m[2m 45.07 kB[22m[1m[22m[2m │ gzip:   9.88 kB[22m
2026-10-06T21:18:48.6516666Z [2mdist/[22m[36massets/ruby-C8rp0wew.js                          [39m[1m[2m 46.76 kB[22m[1m[22m[2m │ gzip:   5.83 kB[22m
2026-10-06T21:18:48.6518163Z [2mdist/[22m[36massets/go-C27-OAKa.js                            [39m[1m[2m 46.82 kB[22m[1m[22m[2m │ gzip:   5.18 kB[22m
2026-10-06T21:18:48.6519674Z [2mdist/[22m[36massets/apex-DhZFqWV2.js                          [39m[1m[2m 47.89 kB[22m[1m[22m[2m │ gzip:   6.90 kB[22m
2026-10-06T21:18:48.6521242Z [2mdist/[22m[36massets/ada-BIOnG6TC.js                           [39m[1m[2m 48.08 kB[22m[1m[22m[2m │ gzip:   6.03 kB[22m
2026-10-06T21:18:48.6522815Z [2mdist/[22m[36massets/chunk-TICWLB2K-Dy-UYYod.js                [39m[1m[2m 49.21 kB[22m[1m[22m[2m │ gzip:  15.76 kB[22m
2026-10-06T21:18:48.6524376Z [2mdist/[22m[36massets/imba-DGztddWO.js                          [39m[1m[2m 49.93 kB[22m[1m[22m[2m │ gzip:   9.46 kB[22m
2026-10-06T21:18:48.6525908Z [2mdist/[22m[36massets/catppuccin-mocha-Ct7hS0mc.js              [39m[1m[2m 50.85 kB[22m[1m[22m[2m │ gzip:   8.49 kB[22m
2026-10-06T21:18:48.6528244Z [2mdist/[22m[36massets/catppuccin-latte-DH-8KZSZ.js              [39m[1m[2m 50.85 kB[22m[1m[22m[2m │ gzip:   8.49 kB[22m
2026-10-06T21:18:48.6530134Z [2mdist/[22m[36massets/catppuccin-frappe-CZL1YF0i.js             [39m[1m[2m 50.85 kB[22m[1m[22m[2m │ gzip:   8.51 kB[22m
2026-10-06T21:18:48.6531834Z [2mdist/[22m[36massets/catppuccin-macchiato-B7yYVSCf.js          [39m[1m[2m 50.86 kB[22m[1m[22m[2m │ gzip:   8.50 kB[22m
2026-10-06T21:18:48.6533445Z [2mdist/[22m[36massets/css-Z72CF80r.js                           [39m[1m[2m 53.37 kB[22m[1m[22m[2m │ gzip:  12.44 kB[22m
2026-10-06T21:18:48.6535001Z [2mdist/[22m[36massets/everforest-dark-BgDCqdQA.js               [39m[1m[2m 53.75 kB[22m[1m[22m[2m │ gzip:   8.42 kB[22m
2026-10-06T21:18:48.6536642Z [2mdist/[22m[36massets/everforest-light-C8M2exoo.js              [39m[1m[2m 53.75 kB[22m[1m[22m[2m │ gzip:   8.42 kB[22m
2026-10-06T21:18:48.6538250Z [2mdist/[22m[36massets/mermaid-CQcHuHx7.js                       [39m[1m[2m 54.81 kB[22m[1m[22m[2m │ gzip:   4.81 kB[22m
2026-10-06T21:18:48.6539786Z [2mdist/[22m[36massets/wikitext-BhOHFoWU.js                      [39m[1m[2m 55.89 kB[22m[1m[22m[2m │ gzip:   4.76 kB[22m
2026-10-06T21:18:48.6541324Z [2mdist/[22m[36massets/stata-DACIj5bg.js                         [39m[1m[2m 56.99 kB[22m[1m[22m[2m │ gzip:  12.36 kB[22m
2026-10-06T21:18:48.6542828Z [2mdist/[22m[36massets/html-BlS82ilI.js                          [39m[1m[2m 57.25 kB[22m[1m[22m[2m │ gzip:  11.69 kB[22m
2026-10-06T21:18:48.6544353Z [2mdist/[22m[36massets/ballerina-BFfxhgS-.js                     [39m[1m[2m 58.69 kB[22m[1m[22m[2m │ gzip:   8.15 kB[22m
2026-10-06T21:18:48.6545906Z [2mdist/[22m[36massets/markdown-Cvjx9yec.js                      [39m[1m[2m 59.34 kB[22m[1m[22m[2m │ gzip:   5.64 kB[22m
2026-10-06T21:18:48.6547782Z [2mdist/[22m[36massets/flowDiagram-HODETNUW-D2UmWm2m.js          [39m[1m[2m 61.88 kB[22m[1m[22m[2m │ gzip:  19.89 kB[22m
2026-10-06T21:18:48.6549409Z [2mdist/[22m[36massets/ocaml-C0hk2d4L.js                         [39m[1m[2m 62.45 kB[22m[1m[22m[2m │ gzip:   5.02 kB[22m
2026-10-06T21:18:48.6551010Z [2mdist/[22m[36massets/c4Diagram-7LVT6UL2-D6Kz6980.js            [39m[1m[2m 65.47 kB[22m[1m[22m[2m │ gzip:  18.79 kB[22m
2026-10-06T21:18:48.6552607Z [2mdist/[22m[36massets/mojo-DJz3ZmWd.js                          [39m[1m[2m 69.52 kB[22m[1m[22m[2m │ gzip:   9.27 kB[22m
2026-10-06T21:18:48.6554207Z [2mdist/[22m[36massets/ganttDiagram-EL5Y4UJY-50iHyRn3.js         [39m[1m[2m 69.69 kB[22m[1m[22m[2m │ gzip:  23.55 kB[22m
2026-10-06T21:18:48.6555828Z [2mdist/[22m[36massets/python-B6aJPvgy.js                        [39m[1m[2m 69.95 kB[22m[1m[22m[2m │ gzip:   9.13 kB[22m
2026-10-06T21:18:48.6557366Z [2mdist/[22m[36massets/c-BIGW1oBm.js                             [39m[1m[2m 72.11 kB[22m[1m[22m[2m │ gzip:  10.51 kB[22m
2026-10-06T21:18:48.6558816Z [2mdist/[22m[36massets/latex-DJVikpzR.js                         [39m[1m[2m 73.27 kB[22m[1m[22m[2m │ gzip:   6.82 kB[22m
2026-10-06T21:18:48.6560338Z [2mdist/[22m[36massets/vyper-CDx5xZoG.js                         [39m[1m[2m 74.65 kB[22m[1m[22m[2m │ gzip:  10.74 kB[22m
2026-10-06T21:18:48.6561817Z [2mdist/[22m[36massets/hack-Ck6-gGSS.js                          [39m[1m[2m 81.13 kB[22m[1m[22m[2m │ gzip:  26.38 kB[22m
2026-10-06T21:18:48.6563409Z [2mdist/[22m[36massets/cose-bilkent-JH36ORCC-BoaP8ffR.js         [39m[1m[2m 81.70 kB[22m[1m[22m[2m │ gzip:  22.48 kB[22m
2026-10-06T21:18:48.6565007Z [2mdist/[22m[36massets/swift-C2oV4EkX.js                         [39m[1m[2m 87.23 kB[22m[1m[22m[2m │ gzip:  14.84 kB[22m
2026-10-06T21:18:48.6566613Z [2mdist/[22m[36massets/fortran-free-form-BxgE0vQu.js             [39m[1m[2m 88.97 kB[22m[1m[22m[2m │ gzip:  11.27 kB[22m
2026-10-06T21:18:48.6568684Z [2mdist/[22m[36massets/csharp-B_TYUkTI.js                        [39m[1m[2m 91.44 kB[22m[1m[22m[2m │ gzip:  10.84 kB[22m
2026-10-06T21:18:48.6570225Z [2mdist/[22m[36massets/racket-BqYA7rlc.js                        [39m[1m[2m 92.39 kB[22m[1m[22m[2m │ gzip:  15.02 kB[22m
2026-10-06T21:18:48.6571972Z [2mdist/[22m[36massets/less-B1dDrJ26.js                          [39m[1m[2m 97.63 kB[22m[1m[22m[2m │ gzip:  14.70 kB[22m
2026-10-06T21:18:48.6573517Z [2mdist/[22m[36massets/blade-k33SngOZ.js                         [39m[1m[2m104.98 kB[22m[1m[22m[2m │ gzip:  28.20 kB[22m
2026-10-06T21:18:48.6575084Z [2mdist/[22m[36massets/objective-c-DXmwc3jG.js                   [39m[1m[2m105.41 kB[22m[1m[22m[2m │ gzip:  23.33 kB[22m
2026-10-06T21:18:48.6576642Z [2mdist/[22m[36massets/php-DoruYMF0.js                           [39m[1m[2m113.13 kB[22m[1m[22m[2m │ gzip:  28.73 kB[22m
2026-10-06T21:18:48.6578262Z [2mdist/[22m[36massets/swimlanes-42K2YHIH-BdJ0LRlL.js            [39m[1m[2m115.79 kB[22m[1m[22m[2m │ gzip:  42.51 kB[22m
2026-10-06T21:18:48.6579986Z [2mdist/[22m[36massets/sequenceDiagram-WJ2MYXX4-CEuvbsH4.js      [39m[1m[2m116.97 kB[22m[1m[22m[2m │ gzip:  31.14 kB[22m
2026-10-06T21:18:48.6581647Z [2mdist/[22m[36massets/asciidoc-CSVQ5wI8.js                      [39m[1m[2m136.05 kB[22m[1m[22m[2m │ gzip:   9.50 kB[22m
2026-10-06T21:18:48.6583183Z [2mdist/[22m[36massets/mdx-Cmh6b_Ma.js                           [39m[1m[2m136.11 kB[22m[1m[22m[2m │ gzip:  23.35 kB[22m
2026-10-06T21:18:48.6584853Z [2mdist/[22m[36massets/architectureDiagram-5GKGNRK7-cDa105zn.js  [39m[1m[2m151.82 kB[22m[1m[22m[2m │ gzip:  43.14 kB[22m
2026-10-06T21:18:48.6586530Z [2mdist/[22m[36massets/typst-DamkJZ1Q.js                         [39m[1m[2m163.55 kB[22m[1m[22m[2m │ gzip:  10.98 kB[22m
2026-10-06T21:18:48.6588352Z [2mdist/[22m[36massets/objective-cpp-CLxacb5B.js                 [39m[1m[2m171.97 kB[22m[1m[22m[2m │ gzip:  30.62 kB[22m
2026-10-06T21:18:48.6589982Z [2mdist/[22m[36massets/javascript-wDzz0qaB.js                    [39m[1m[2m174.83 kB[22m[1m[22m[2m │ gzip:  16.51 kB[22m
2026-10-06T21:18:48.6591539Z [2mdist/[22m[36massets/tsx-COt5Ahok.js                           [39m[1m[2m175.54 kB[22m[1m[22m[2m │ gzip:  16.51 kB[22m
2026-10-06T21:18:48.6593023Z [2mdist/[22m[36massets/jsx-g9-lgVsj.js                           [39m[1m[2m177.79 kB[22m[1m[22m[2m │ gzip:  16.61 kB[22m
2026-10-06T21:18:48.6594590Z [2mdist/[22m[36massets/typescript-BPQ3VLAy.js                    [39m[1m[2m181.08 kB[22m[1m[22m[2m │ gzip:  16.04 kB[22m
2026-10-06T21:18:48.6596187Z [2mdist/[22m[36massets/angular-ts-DGq0tZX5.js                    [39m[1m[2m183.82 kB[22m[1m[22m[2m │ gzip:  16.63 kB[22m
2026-10-06T21:18:48.6597759Z [2mdist/[22m[36massets/vue-vine-C0RcJ6UU.js                      [39m[1m[2m190.05 kB[22m[1m[22m[2m │ gzip:  17.98 kB[22m
2026-10-06T21:18:48.6599302Z [2mdist/[22m[36massets/katex-HP8lGamR.js                         [39m[1m[2m261.31 kB[22m[1m[22m[2m │ gzip:  77.57 kB[22m
2026-10-06T21:18:48.6600856Z [2mdist/[22m[36massets/wolfram-lXgVvXCa.js                       [39m[1m[2m262.39 kB[22m[1m[22m[2m │ gzip:  77.14 kB[22m
2026-10-06T21:18:48.6602459Z [2mdist/[22m[36massets/cytoscape.esm-BB4DxJjf.js                 [39m[1m[2m443.04 kB[22m[1m[22m[2m │ gzip: 141.98 kB[22m
2026-10-06T21:18:48.6604107Z [2mdist/[22m[36massets/wasm-CG6Dc4jp.js                          [39m[1m[33m622.34 kB[39m[22m[2m │ gzip: 230.29 kB[22m
2026-10-06T21:18:48.6605627Z [2mdist/[22m[36massets/mermaid.core-BTy-rnv4.js                  [39m[1m[33m653.58 kB[39m[22m[2m │ gzip: 158.05 kB[22m
2026-10-06T21:18:48.6607220Z [2mdist/[22m[36massets/cynefin-OW5HDTMX-CcQKEihN.js              [39m[1m[33m688.15 kB[39m[22m[2m │ gzip: 154.16 kB[22m
2026-10-06T21:18:48.6609793Z [2mdist/[22m[36massets/index-DRXQyUs7.js                         [39m[1m[33m755.39 kB[39m[22m[2m │ gzip: 233.42 kB[22m
2026-10-06T21:18:48.6611314Z [2mdist/[22m[36massets/cpp-BMRokrvK.js                           [39m[1m[33m785.49 kB[39m[22m[2m │ gzip:  53.20 kB[22m
2026-10-06T21:18:48.6614369Z [2mdist/[22m[36massets/emacs-lisp-DaIrSCgJ.js                    [39m[1m[33m790.02 kB[39m[22m[2m │ gzip: 198.84 kB[22m
2026-10-06T21:18:48.6615446Z [32m✓ built in 17.01s[39m
2026-10-06T21:18:48.8502284Z ##[group]Run Write-Output 'Windows runs shared build, file, command and Electron UI checks. Windows packaging and installation remain unsupported and are checked as explicit failures.'
2026-10-06T21:18:48.8503711Z [36;1mWrite-Output 'Windows runs shared build, file, command and Electron UI checks. Windows packaging and installation remain unsupported and are checked as explicit failures.'[0m
2026-10-06T21:18:48.8578961Z shell: C:\Program Files\PowerShell\7\pwsh.EXE -command ". '{0}'"
2026-10-06T21:18:48.8579352Z env:
2026-10-06T21:18:48.8579634Z   CSC_IDENTITY_AUTO_DISCOVERY: false
2026-10-06T21:18:48.8580013Z   XDG_CURRENT_DESKTOP: 
2026-10-06T21:18:48.8580312Z ##[endgroup]
2026-10-06T21:18:49.2047615Z Windows runs shared build, file, command and Electron UI checks. Windows packaging and installation remain unsupported and are checked as explicit failures.
2026-10-06T21:18:49.2856173Z ##[group]Run npm run test:node
2026-10-06T21:18:49.2856515Z [36;1mnpm run test:node[0m
2026-10-06T21:18:49.2953973Z shell: C:\Program Files\PowerShell\7\pwsh.EXE -command ". '{0}'"
2026-10-06T21:18:49.2954535Z env:
2026-10-06T21:18:49.2954836Z   CSC_IDENTITY_AUTO_DISCOVERY: false
2026-10-06T21:18:49.2955239Z   XDG_CURRENT_DESKTOP: 
2026-10-06T21:18:49.2955569Z ##[endgroup]
2026-10-06T21:18:50.0442709Z 
2026-10-06T21:18:50.0443535Z > emd@0.1.0 test:node
2026-10-06T21:18:50.0444583Z > node --test tests/files.test.cjs tests/platforms.test.mjs tests/mac-platform.test.mjs tests/commands.test.cjs tests/runtime-platforms.test.cjs
2026-10-06T21:18:50.0445390Z 
2026-10-06T21:18:50.1508536Z TAP version 13
2026-10-06T21:18:50.2362365Z # Subtest: linux 命令映射保留主要键、精确修饰键与共同 Ctrl+Tab
2026-10-06T21:18:50.2371005Z ok 1 - linux 命令映射保留主要键、精确修饰键与共同 Ctrl+Tab
2026-10-06T21:18:50.2373295Z   ---
2026-10-06T21:18:50.2379652Z   duration_ms: 4.4232
2026-10-06T21:18:50.2383076Z   type: 'test'
2026-10-06T21:18:50.2383654Z   ...
2026-10-06T21:18:50.2384694Z # Subtest: linux 主键盘与小键盘缩放不消费无关 Shift 组合
2026-10-06T21:18:50.2385652Z ok 2 - linux 主键盘与小键盘缩放不消费无关 Shift 组合
2026-10-06T21:18:50.2386344Z   ---
2026-10-06T21:18:50.2386874Z   duration_ms: 0.4902
2026-10-06T21:18:50.2387445Z   type: 'test'
2026-10-06T21:18:50.2387985Z   ...
2026-10-06T21:18:50.2389344Z # Subtest: win32 命令映射保留主要键、精确修饰键与共同 Ctrl+Tab
2026-10-06T21:18:50.2390443Z ok 3 - win32 命令映射保留主要键、精确修饰键与共同 Ctrl+Tab
2026-10-06T21:18:50.2391113Z   ---
2026-10-06T21:18:50.2391589Z   duration_ms: 0.9577
2026-10-06T21:18:50.2392122Z   type: 'test'
2026-10-06T21:18:50.2402854Z   ...
2026-10-06T21:18:50.2405729Z # Subtest: win32 主键盘与小键盘缩放不消费无关 Shift 组合
2026-10-06T21:18:50.2409452Z ok 4 - win32 主键盘与小键盘缩放不消费无关 Shift 组合
2026-10-06T21:18:50.2411471Z   ---
2026-10-06T21:18:50.2414042Z   duration_ms: 0.2318
2026-10-06T21:18:50.2417413Z   type: 'test'
2026-10-06T21:18:50.2419366Z   ...
2026-10-06T21:18:50.2422869Z # Subtest: darwin 命令映射保留主要键、精确修饰键与共同 Ctrl+Tab
2026-10-06T21:18:50.2426047Z ok 5 - darwin 命令映射保留主要键、精确修饰键与共同 Ctrl+Tab
2026-10-06T21:18:50.2438053Z   ---
2026-10-06T21:18:50.2441349Z   duration_ms: 2.8759
2026-10-06T21:18:50.2444037Z   type: 'test'
2026-10-06T21:18:50.2447113Z   ...
2026-10-06T21:18:50.2450919Z # Subtest: darwin 主键盘与小键盘缩放不消费无关 Shift 组合
2026-10-06T21:18:50.2453667Z ok 6 - darwin 主键盘与小键盘缩放不消费无关 Shift 组合
2026-10-06T21:18:50.2458172Z   ---
2026-10-06T21:18:50.2466454Z   duration_ms: 0.2652
2026-10-06T21:18:50.2470074Z   type: 'test'
2026-10-06T21:18:50.2472872Z   ...
2026-10-06T21:18:50.2476903Z # Subtest: 键盘消费一次并让复制键继续进入原生菜单与输入框
2026-10-06T21:18:50.2480113Z ok 7 - 键盘消费一次并让复制键继续进入原生菜单与输入框
2026-10-06T21:18:50.2486781Z   ---
2026-10-06T21:18:50.2493338Z   duration_ms: 1.3295
2026-10-06T21:18:50.2499099Z   type: 'test'
2026-10-06T21:18:50.2506909Z   ...
2026-10-06T21:18:50.2512335Z # Subtest: POSIX 和 Windows 根目录及祖先使用 Node 路径语义
2026-10-06T21:18:50.2513486Z ok 8 - POSIX 和 Windows 根目录及祖先使用 Node 路径语义
2026-10-06T21:18:50.2515565Z   ---
2026-10-06T21:18:50.2520073Z   duration_ms: 1.0531
2026-10-06T21:18:50.2526335Z   type: 'test'
2026-10-06T21:18:50.2526806Z   ...
2026-10-06T21:18:50.3011856Z # Subtest: UTF-8 原始字节另存为，禁止覆盖源文件及其硬链接
2026-10-06T21:18:50.3013079Z ok 9 - UTF-8 原始字节另存为，禁止覆盖源文件及其硬链接
2026-10-06T21:18:50.3013630Z   ---
2026-10-06T21:18:50.3014076Z   duration_ms: 26.1742
2026-10-06T21:18:50.3014545Z   type: 'test'
2026-10-06T21:18:50.3014995Z   ...
2026-10-06T21:18:50.3015587Z # Subtest: HTML 原始字节另存为与文件 URL 参数
2026-10-06T21:18:50.3016349Z ok 10 - HTML 原始字节另存为与文件 URL 参数
2026-10-06T21:18:50.3016927Z   ---
2026-10-06T21:18:50.3017450Z   duration_ms: 20.0597
2026-10-06T21:18:50.3017919Z   type: 'test'
2026-10-06T21:18:50.3018352Z   ...
2026-10-06T21:18:50.3019183Z # Subtest: 工作区递归筛选 Markdown 和 HTML，剪去空目录，不遍历符号链接目录
2026-10-06T21:18:50.3020182Z ok 11 - 工作区递归筛选 Markdown 和 HTML，剪去空目录，不遍历符号链接目录
2026-10-06T21:18:50.3020702Z   ---
2026-10-06T21:18:50.3021308Z   duration_ms: 47.4413
2026-10-06T21:18:50.3025020Z   type: 'test'
2026-10-06T21:18:50.3025665Z   ...
2026-10-06T21:18:50.3151005Z # Subtest: macOS 打包包含应用、DMG、ZIP 和只读 Markdown / HTML 文件关联
2026-10-06T21:18:50.3152432Z ok 12 - macOS 打包包含应用、DMG、ZIP 和只读 Markdown / HTML 文件关联
2026-10-06T21:18:50.3161830Z   ---
2026-10-06T21:18:50.3162284Z   duration_ms: 4.739
2026-10-06T21:18:50.3162708Z   type: 'test'
2026-10-06T21:18:50.3163098Z   ...
2026-10-06T21:18:50.3163872Z # Subtest: macOS 安装保留框架链接和权限，启动器传递字面参数与调用目录
2026-10-06T21:18:50.3165008Z ok 13 - macOS 安装保留框架链接和权限，启动器传递字面参数与调用目录 # SKIP macOS 安装夹具需要 POSIX shell、权限和框架符号链接
2026-10-06T21:18:50.3175828Z   ---
2026-10-06T21:18:50.3176273Z   duration_ms: 0.2408
2026-10-06T21:18:50.3176699Z   type: 'test'
2026-10-06T21:18:50.3177065Z   ...
2026-10-06T21:18:50.3177700Z # Subtest: macOS 默认产物目录和解包目录均能安装，升级清除旧包文件
2026-10-06T21:18:50.3178699Z ok 14 - macOS 默认产物目录和解包目录均能安装，升级清除旧包文件 # SKIP macOS 安装夹具需要 POSIX shell、权限和框架符号链接
2026-10-06T21:18:50.3179411Z   ---
2026-10-06T21:18:50.3179816Z   duration_ms: 0.1606
2026-10-06T21:18:50.3180232Z   type: 'test'
2026-10-06T21:18:50.3180612Z   ...
2026-10-06T21:18:50.3181314Z # Subtest: macOS 无效源包、复制失败与注册失败保留已有安装
2026-10-06T21:18:50.3182286Z ok 15 - macOS 无效源包、复制失败与注册失败保留已有安装 # SKIP macOS 安装夹具需要 POSIX shell、权限和框架符号链接
2026-10-06T21:18:50.3182972Z   ---
2026-10-06T21:18:50.3183351Z   duration_ms: 0.2128
2026-10-06T21:18:50.3183761Z   type: 'test'
2026-10-06T21:18:50.3184136Z   ...
2026-10-06T21:18:50.3184715Z # Subtest: macOS 首次安装注册后启动器提交失败恢复注册与原文件
2026-10-06T21:18:50.3193565Z ok 16 - macOS 首次安装注册后启动器提交失败恢复注册与原文件 # SKIP macOS 安装夹具需要 POSIX shell、权限和框架符号链接
2026-10-06T21:18:50.3194824Z   ---
2026-10-06T21:18:50.3195211Z   duration_ms: 0.2272
2026-10-06T21:18:50.3195628Z   type: 'test'
2026-10-06T21:18:50.3195990Z   ...
2026-10-06T21:18:50.3196559Z # Subtest: macOS 升级注册后启动器提交失败恢复注册与原文件
2026-10-06T21:18:50.3197469Z ok 17 - macOS 升级注册后启动器提交失败恢复注册与原文件 # SKIP macOS 安装夹具需要 POSIX shell、权限和框架符号链接
2026-10-06T21:18:50.3198503Z   ---
2026-10-06T21:18:50.3198893Z   duration_ms: 0.1922
2026-10-06T21:18:50.3199292Z   type: 'test'
2026-10-06T21:18:50.3199638Z   ...
2026-10-06T21:18:50.3200192Z # Subtest: macOS 注册恢复失败同时报告原故障并继续恢复旧包和启动器
2026-10-06T21:18:50.3201107Z ok 18 - macOS 注册恢复失败同时报告原故障并继续恢复旧包和启动器 # SKIP macOS 安装夹具需要 POSIX shell、权限和框架符号链接
2026-10-06T21:18:50.3201855Z   ---
2026-10-06T21:18:50.3202194Z   duration_ms: 0.1812
2026-10-06T21:18:50.3202576Z   type: 'test'
2026-10-06T21:18:50.3202920Z   ...
2026-10-06T21:18:50.3203542Z # Subtest: macOS 原生 首次安装启动器失败恢复 LaunchServices 绑定
2026-10-06T21:18:50.3204753Z ok 19 - macOS 原生 首次安装启动器失败恢复 LaunchServices 绑定 # SKIP 需要 macOS 原生 plutil、ditto 和 LaunchServices
2026-10-06T21:18:50.3205544Z   ---
2026-10-06T21:18:50.3205894Z   duration_ms: 0.2
2026-10-06T21:18:50.3206272Z   type: 'test'
2026-10-06T21:18:50.3206623Z   ...
2026-10-06T21:18:50.3207197Z # Subtest: macOS 原生 升级启动器失败恢复 LaunchServices 绑定
2026-10-06T21:18:50.3208296Z ok 20 - macOS 原生 升级启动器失败恢复 LaunchServices 绑定 # SKIP 需要 macOS 原生 plutil、ditto 和 LaunchServices
2026-10-06T21:18:50.3210192Z   ---
2026-10-06T21:18:50.3210634Z   duration_ms: 0.5451
2026-10-06T21:18:50.3217989Z   type: 'test'
2026-10-06T21:18:50.3218419Z   ...
2026-10-06T21:18:50.3219064Z # Subtest: macOS 拒绝覆盖或卸载不属于 emd 的应用和命令
2026-10-06T21:18:50.3220042Z ok 21 - macOS 拒绝覆盖或卸载不属于 emd 的应用和命令 # SKIP macOS 安装夹具需要 POSIX shell、权限和框架符号链接
2026-10-06T21:18:50.3220759Z   ---
2026-10-06T21:18:50.3221182Z   duration_ms: 0.8191
2026-10-06T21:18:50.3221665Z   type: 'test'
2026-10-06T21:18:50.3222053Z   ...
2026-10-06T21:18:50.3222648Z # Subtest: macOS 拒绝目标应用中被替换成链接的可执行文件
2026-10-06T21:18:50.3223673Z ok 22 - macOS 拒绝目标应用中被替换成链接的可执行文件 # SKIP macOS 安装夹具需要 POSIX shell、权限和框架符号链接
2026-10-06T21:18:50.3224444Z   ---
2026-10-06T21:18:50.3224895Z   duration_ms: 0.2659
2026-10-06T21:18:50.3225399Z   type: 'test'
2026-10-06T21:18:50.3225805Z   ...
2026-10-06T21:18:50.3226416Z # Subtest: macOS 拒绝应用和命令路径的符号链接，不修改链接目标
2026-10-06T21:18:50.3227376Z ok 23 - macOS 拒绝应用和命令路径的符号链接，不修改链接目标 # SKIP macOS 安装夹具需要 POSIX shell、权限和框架符号链接
2026-10-06T21:18:50.3228120Z   ---
2026-10-06T21:18:50.3228529Z   duration_ms: 0.1386
2026-10-06T21:18:50.3228946Z   type: 'test'
2026-10-06T21:18:50.3229302Z   ...
2026-10-06T21:18:50.3229844Z # Subtest: macOS 卸载可重复执行并保留用户配置和日志
2026-10-06T21:18:50.3230717Z ok 24 - macOS 卸载可重复执行并保留用户配置和日志 # SKIP macOS 安装夹具需要 POSIX shell、权限和框架符号链接
2026-10-06T21:18:50.3231355Z   ---
2026-10-06T21:18:50.3231716Z   duration_ms: 1.3584
2026-10-06T21:18:50.3232114Z   type: 'test'
2026-10-06T21:18:50.3232494Z   ...
2026-10-06T21:18:50.3493582Z # Subtest: 平台选择支持 KDE 和 macOS，TODO 平台和错误参数明确失败
2026-10-06T21:18:50.3495524Z ok 25 - 平台选择支持 KDE 和 macOS，TODO 平台和错误参数明确失败
2026-10-06T21:18:50.3496177Z   ---
2026-10-06T21:18:50.3496598Z   duration_ms: 4.9273
2026-10-06T21:18:50.3497510Z   type: 'test'
2026-10-06T21:18:50.3498009Z   ...
2026-10-06T21:18:50.8859343Z # Subtest: TODO 打包、安装和卸载入口在执行外部命令或写入前退出
2026-10-06T21:18:50.8860530Z ok 26 - TODO 打包、安装和卸载入口在执行外部命令或写入前退出
2026-10-06T21:18:50.8861137Z   ---
2026-10-06T21:18:50.8861634Z   duration_ms: 540.3627
2026-10-06T21:18:50.8862138Z   type: 'test'
2026-10-06T21:18:50.8862570Z   ...
2026-10-06T21:18:50.8864581Z # Subtest: KDE 模块保留安装产物、启动器、desktop 校验与卸载行为
2026-10-06T21:18:50.8867520Z ok 27 - KDE 模块保留安装产物、启动器、desktop 校验与卸载行为 # SKIP 需要 Linux desktop 工具和 POSIX 启动器
2026-10-06T21:18:50.8868656Z   ---
2026-10-06T21:18:50.8868924Z   duration_ms: 0.2077
2026-10-06T21:18:50.8869137Z   type: 'test'
2026-10-06T21:18:50.8869313Z   ...
2026-10-06T21:18:50.8991738Z # Subtest: 桌面平台选择明确，Linux 身份与 macOS 文件打开和激活各自归属
2026-10-06T21:18:50.8992827Z ok 28 - 桌面平台选择明确，Linux 身份与 macOS 文件打开和激活各自归属
2026-10-06T21:18:50.8993427Z   ---
2026-10-06T21:18:50.8993736Z   duration_ms: 4.8676
2026-10-06T21:18:50.8994099Z   type: 'test'
2026-10-06T21:18:50.8994409Z   ...
2026-10-06T21:18:50.8994999Z # Subtest: macOS 菜单使用同一命令配置，关闭标签与退出不重复设置原生角色
2026-10-06T21:18:50.8995411Z ok 29 - macOS 菜单使用同一命令配置，关闭标签与退出不重复设置原生角色
2026-10-06T21:18:50.8995708Z   ---
2026-10-06T21:18:50.8996383Z   duration_ms: 1.3911
2026-10-06T21:18:50.8996802Z   type: 'test'
2026-10-06T21:18:50.8997405Z   ...
2026-10-06T21:18:50.8997582Z 1..29
2026-10-06T21:18:50.8997799Z # tests 29
2026-10-06T21:18:50.8998926Z # suites 0
2026-10-06T21:18:50.8999283Z # pass 16
2026-10-06T21:18:50.9000307Z # fail 0
2026-10-06T21:18:50.9000645Z # cancelled 0
2026-10-06T21:18:50.9001755Z # skipped 13
2026-10-06T21:18:50.9002122Z # todo 0
2026-10-06T21:18:50.9003186Z # duration_ms 785.3821
2026-10-06T21:18:50.9983452Z ##[group]Run npx playwright test --reporter=line,html
2026-10-06T21:18:50.9983904Z [36;1mnpx playwright test --reporter=line,html[0m
2026-10-06T21:18:51.0059795Z shell: C:\Program Files\PowerShell\7\pwsh.EXE -command ". '{0}'"
2026-10-06T21:18:51.0060180Z env:
2026-10-06T21:18:51.0060384Z   CSC_IDENTITY_AUTO_DISCOVERY: false
2026-10-06T21:18:51.0060661Z   XDG_CURRENT_DESKTOP: 
2026-10-06T21:18:51.0060956Z   PLAYWRIGHT_HTML_OUTPUT_DIR: playwright-report/reader
2026-10-06T21:18:51.0061289Z ##[endgroup]
2026-10-06T21:18:53.8841443Z 
2026-10-06T21:18:53.8841966Z Running 6 tests using 1 worker
2026-10-06T21:18:53.8843660Z 
2026-10-06T21:18:54.4175796Z [1/6] tests\commands.spec.cjs:8:1 › 真实键盘、按钮和原生菜单共用命令，查找输入保留复制粘贴
2026-10-06T21:18:54.4652217Z tests\commands.spec.cjs:8:1 › 真实键盘、按钮和原生菜单共用命令，查找输入保留复制粘贴
2026-10-06T21:18:54.4652902Z Downloading Electron binary...
2026-10-06T21:18:54.4653193Z 
2026-10-06T21:19:00.4643399Z [2/6] tests\commands.spec.cjs:112:1 › 全屏使用本平台绑定，工作区祖先由主进程返回
2026-10-06T21:19:06.7243107Z   1) tests\commands.spec.cjs:112:1 › 全屏使用本平台绑定，工作区祖先由主进程返回 ─────────────────────────────────────────
2026-10-06T21:19:06.7243866Z 
2026-10-06T21:19:06.7244107Z     Error: expect(received).toBe(expected) // Object.is equality
2026-10-06T21:19:06.7244391Z 
2026-10-06T21:19:06.7244481Z     Expected: true
2026-10-06T21:19:06.7244691Z     Received: false
2026-10-06T21:19:06.7244827Z 
2026-10-06T21:19:06.7244902Z     Call Log:
2026-10-06T21:19:06.7245208Z     - Timeout 5000ms exceeded while waiting on the predicate
2026-10-06T21:19:06.7245470Z 
2026-10-06T21:19:06.7245722Z       139 |       contents.sendInputEvent({ type: 'keyUp', keyCode, modifiers });
2026-10-06T21:19:06.7246113Z       140 |     });
2026-10-06T21:19:06.7246734Z     > 141 |     await expect.poll(() => application.evaluate(({ BrowserWindow }) => BrowserWindow.getAllWindows()[0].isFullScreen())).toBe(true);
2026-10-06T21:19:06.7247957Z           |                                                                                                                           ^
2026-10-06T21:19:06.7248510Z       142 |     await page.evaluate(() => window.emd.command('toggleFullscreen'));
2026-10-06T21:19:06.7249338Z       143 |     await expect.poll(() => application.evaluate(({ BrowserWindow }) => BrowserWindow.getAllWindows()[0].isFullScreen())).toBe(false);
2026-10-06T21:19:06.7249966Z       144 |   } finally {
2026-10-06T21:19:06.7250321Z         at D:\a\ea-md-reader\ea-md-reader\tests\commands.spec.cjs:141:123
2026-10-06T21:19:06.7250616Z 
2026-10-06T21:19:06.7251059Z     attachment #1: screenshot (image/png) ──────────────────────────────────────────────────────────
2026-10-06T21:19:06.7251753Z     test-results\reader\commands-全屏使用本平台绑定，工作区祖先由主进程返回\test-failed-1.png
2026-10-06T21:19:06.7252372Z     ────────────────────────────────────────────────────────────────────────────────────────────────
2026-10-06T21:19:06.7252667Z 
2026-10-06T21:19:06.7253031Z     Error Context: test-results\reader\commands-全屏使用本平台绑定，工作区祖先由主进程返回\error-context.md
2026-10-06T21:19:06.7253384Z 
2026-10-06T21:19:06.7253748Z     attachment #3: trace (application/zip) ─────────────────────────────────────────────────────────
2026-10-06T21:19:06.7254370Z     test-results\reader\commands-全屏使用本平台绑定，工作区祖先由主进程返回\trace.zip
2026-10-06T21:19:06.7254695Z     Usage:
2026-10-06T21:19:06.7254793Z 
2026-10-06T21:19:06.7255161Z         npx playwright show-trace test-results\reader\commands-全屏使用本平台绑定，工作区祖先由主进程返回\trace.zip
2026-10-06T21:19:06.7255521Z 
2026-10-06T21:19:06.7255824Z     ────────────────────────────────────────────────────────────────────────────────────────────────
2026-10-06T21:19:06.7256101Z 
2026-10-06T21:19:06.7256107Z 
2026-10-06T21:19:07.2727150Z [3/6] tests\reader.spec.cjs:10:1 › HTML 内嵌脚本与样式、隔离、工作区切换、查找、重读和原始字节另存为
2026-10-06T21:19:10.5267772Z [4/6] tests\reader.spec.cjs:86:1 › 渲染、只读、多标签、另存为、重读、第二次启动及相对图片
2026-10-06T21:19:12.3497166Z tests\reader.spec.cjs:86:1 › 渲染、只读、多标签、另存为、重读、第二次启动及相对图片
2026-10-06T21:19:12.3507766Z Native normal-window state: {
2026-10-06T21:19:12.3508852Z   maximized: false,
2026-10-06T21:19:12.3509498Z   bounds: { x: 0, y: 0, width: 924, height: 620 },
2026-10-06T21:19:12.3512277Z   workArea: { x: 0, y: 0, width: 1024, height: 720 }
2026-10-06T21:19:12.3512956Z }
2026-10-06T21:19:12.3513266Z 
2026-10-06T21:19:13.8159979Z [5/6] tests\reader.spec.cjs:198:1 › 工作区切换、右键菜单、面板拖拽与容器自适应
2026-10-06T21:19:17.4732169Z [6/6] tests\reader.spec.cjs:366:1 › macOS Finder 打开恢复窗口、Dock 激活及 Command 快捷键
2026-10-06T21:19:17.5232325Z   1 failed
2026-10-06T21:19:17.5233519Z     tests\commands.spec.cjs:112:1 › 全屏使用本平台绑定，工作区祖先由主进程返回 ──────────────────────────────────────────
2026-10-06T21:19:17.5234206Z   1 skipped
2026-10-06T21:19:17.5234502Z   4 passed (24.6s)
2026-10-06T21:19:17.6705046Z ##[error]Process completed with exit code 1.
2026-10-06T21:19:17.6961004Z ##[group]Run actions/upload-artifact@v4
2026-10-06T21:19:17.6961334Z with:
2026-10-06T21:19:17.6961529Z   name: desktop-windows-2025-x64
2026-10-06T21:19:17.6961769Z   retention-days: 7
2026-10-06T21:19:17.6962140Z   path: playwright-report/
test-results/
release/*.dmg
release/*.zip
release/*.tar.gz

2026-10-06T21:19:17.6962595Z   if-no-files-found: warn
2026-10-06T21:19:17.6962813Z   compression-level: 6
2026-10-06T21:19:17.6963010Z   overwrite: false
2026-10-06T21:19:17.6963212Z   include-hidden-files: false
2026-10-06T21:19:17.6963420Z env:
2026-10-06T21:19:17.6963590Z   CSC_IDENTITY_AUTO_DISCOVERY: false
2026-10-06T21:19:17.6963831Z   XDG_CURRENT_DESKTOP: 
2026-10-06T21:19:17.6964022Z ##[endgroup]
2026-10-06T21:19:17.9392860Z (node:7588) [DEP0040] DeprecationWarning: The `punycode` module is deprecated. Please use a userland alternative instead.
2026-10-06T21:19:17.9394503Z (Use `node --trace-deprecation ...` to show where the warning was created)
2026-10-06T21:19:17.9732745Z Multiple search paths detected. Calculating the least common ancestor of all paths
2026-10-06T21:19:17.9736618Z The least common ancestor is D:\a\ea-md-reader\ea-md-reader. This will be the root directory of the artifact
2026-10-06T21:19:17.9738277Z With the provided path, there will be 40 files uploaded
2026-10-06T21:19:17.9744361Z Artifact name is valid!
2026-10-06T21:19:17.9746108Z Root directory input is valid!
2026-10-06T21:19:18.2587575Z Beginning upload of artifact content to blob storage
2026-10-06T21:19:18.6034940Z (node:7588) [DEP0169] DeprecationWarning: `url.parse()` behavior is not standardized and prone to errors that have security implications. Use the WHATWG URL API instead. CVEs are not issued for `url.parse()` vulnerabilities.
2026-10-06T21:19:19.2767115Z Uploaded bytes 6477461
2026-10-06T21:19:19.3261325Z Finished uploading artifact content to blob storage!
2026-10-06T21:19:19.3263096Z SHA256 digest of uploaded artifact zip is 110948ee249e8d0c1d618ae4a22844439f850514deeed63d074d88dfb5afc748
2026-10-06T21:19:19.3266066Z Finalizing artifact upload
2026-10-06T21:19:19.5740241Z Artifact desktop-windows-2025-x64.zip successfully finalized. Artifact ID 11444937950
2026-10-06T21:19:19.5741886Z Artifact desktop-windows-2025-x64 has been successfully uploaded! Final size is 6477461 bytes. Artifact ID is 11444937950
2026-10-06T21:19:19.5752783Z Artifact download URL: https://github.com/yceachan/ea-md-reader/actions/runs/37532844526/artifacts/11444937950
2026-10-06T21:19:19.6147452Z Post job cleanup.
2026-10-06T21:19:19.8126432Z [command]"C:\Program Files\Git\bin\git.exe" version
2026-10-06T21:19:19.8438537Z git version 2.55.0.windows.5
2026-10-06T21:19:19.8518209Z Temporarily overriding HOME='D:\a\_temp\2afa88cc-5bd7-457b-b186-d752f8cf8aa2' before making global git config changes
2026-10-06T21:19:19.8519748Z Adding repository directory to the temporary git global config as a safe directory
2026-10-06T21:19:19.8534535Z [command]"C:\Program Files\Git\bin\git.exe" config --global --add safe.directory D:\a\ea-md-reader\ea-md-reader
2026-10-06T21:19:19.8867613Z [command]"C:\Program Files\Git\bin\git.exe" config --local --name-only --get-regexp core\.sshCommand
2026-10-06T21:19:19.9192326Z [command]"C:\Program Files\Git\bin\git.exe" submodule foreach --recursive "sh -c \"git config --local --name-only --get-regexp 'core\.sshCommand' && git config --local --unset-all 'core.sshCommand' || :\""
2026-10-06T21:19:20.4686013Z [command]"C:\Program Files\Git\bin\git.exe" config --local --name-only --get-regexp http\.https\:\/\/github\.com\/\.extraheader
2026-10-06T21:19:20.4948049Z http.https://github.com/.extraheader
2026-10-06T21:19:20.4995963Z [command]"C:\Program Files\Git\bin\git.exe" config --local --unset-all http.https://github.com/.extraheader
2026-10-06T21:19:20.5301653Z [command]"C:\Program Files\Git\bin\git.exe" submodule foreach --recursive "sh -c \"git config --local --name-only --get-regexp 'http\.https\:\/\/github\.com\/\.extraheader' && git config --local --unset-all 'http.https://github.com/.extraheader' || :\""
2026-10-06T21:19:21.0603019Z [command]"C:\Program Files\Git\bin\git.exe" config --local --name-only --get-regexp ^includeIf\.gitdir:
2026-10-06T21:19:21.0914085Z [command]"C:\Program Files\Git\bin\git.exe" submodule foreach --recursive "git config --local --show-origin --name-only --get-regexp remote.origin.url"
2026-10-06T21:19:21.6632415Z Cleaning up orphan processes
2026-10-06T21:19:21.6846312Z ##[warning]Node.js 20 is deprecated. The following actions target Node.js 20 but are being forced to run on Node.js 24: actions/checkout@v4, actions/setup-node@v4, actions/upload-artifact@v4. For more information see: https://github.blog/changelog/2025-09-19-deprecation-of-node-20-on-github-actions-runners/
