2026-10-06T21:33:55.8062510Z Current runner version: '2.337.0'
2026-10-06T21:33:55.8099560Z ##[group]Runner Image Provisioner
2026-10-06T21:33:55.8101320Z Hosted Compute Agent
2026-10-06T21:33:55.8102460Z Version: 20260819.586
2026-10-06T21:33:55.8103700Z Commit: 3cc4a88dfa507ef76119ad1bb3eccc6378bb2b76
2026-10-06T21:33:55.8105230Z Build Date: 2026-08-18T23:20:18Z
2026-10-06T21:33:55.8106580Z Worker ID: {69dd07ad-e6b5-417d-9bb9-1c35d28c8d39}
2026-10-06T21:33:55.8108020Z Azure Region: westus
2026-10-06T21:33:55.8109160Z ##[endgroup]
2026-10-06T21:33:55.8112420Z ##[group]Operating System
2026-10-06T21:33:55.8113660Z macOS
2026-10-06T21:33:55.8114690Z 15.7.9
2026-10-06T21:33:55.8115640Z 24G830
2026-10-06T21:33:55.8116690Z ##[endgroup]
2026-10-06T21:33:55.8117740Z ##[group]Runner Image
2026-10-06T21:33:55.8118870Z Image: macos-15
2026-10-06T21:33:55.8119970Z Version: 20260824.0482.1
2026-10-06T21:33:55.8122710Z Included Software: https://github.com/actions/runner-images/blob/macos-15/20260824.0482/images/macos/macos-15-Readme.md
2026-10-06T21:33:55.8126060Z Image Release: https://github.com/actions/runner-images/releases/tag/macos-15%2F20260824.0482
2026-10-06T21:33:55.8128160Z ##[endgroup]
2026-10-06T21:33:55.8130110Z ##[group]GITHUB_TOKEN Permissions
2026-10-06T21:33:55.8132740Z Contents: read
2026-10-06T21:33:55.8133530Z Metadata: read
2026-10-06T21:33:55.8134380Z ##[endgroup]
2026-10-06T21:33:55.8137100Z Secret source: Actions
2026-10-06T21:33:55.8138370Z Cache mode: write
2026-10-06T21:33:55.8139340Z Prepare workflow directory
2026-10-06T21:33:55.8743760Z Prepare all required actions
2026-10-06T21:33:55.8842960Z Getting action download info
2026-10-06T21:33:56.3933240Z Download action repository 'actions/checkout@v4' (SHA:11d5960a326750d5838078e36cf38b85af677262)
2026-10-06T21:33:56.5857120Z Download action repository 'actions/setup-node@v4' (SHA:49933ea5288caeca8642d1e84afbd3f7d6820020)
2026-10-06T21:33:56.7265060Z Download action repository 'actions/upload-artifact@v4' (SHA:ea165f8d65b6e75b540449e92b4886f43607fa02)
2026-10-06T21:33:57.0550030Z Complete job name: macos-15-intel / x64
2026-10-06T21:33:57.1577330Z ##[group]Run actions/checkout@v4
2026-10-06T21:33:57.1578650Z with:
2026-10-06T21:33:57.1579320Z   repository: yceachan/ea-md-reader
2026-10-06T21:33:57.1585500Z   token: ***
2026-10-06T21:33:57.1586120Z   ssh-strict: true
2026-10-06T21:33:57.1586760Z   ssh-user: git
2026-10-06T21:33:57.1587460Z   persist-credentials: true
2026-10-06T21:33:57.1588190Z   clean: true
2026-10-06T21:33:57.1588860Z   sparse-checkout-cone-mode: true
2026-10-06T21:33:57.1589640Z   fetch-depth: 1
2026-10-06T21:33:57.1590280Z   fetch-tags: false
2026-10-06T21:33:57.1590930Z   show-progress: true
2026-10-06T21:33:57.1591600Z   lfs: false
2026-10-06T21:33:57.1592220Z   submodules: false
2026-10-06T21:33:57.1592900Z   set-safe-directory: true
2026-10-06T21:33:57.1593660Z   allow-unsafe-pr-checkout: false
2026-10-06T21:33:57.1594880Z env:
2026-10-06T21:33:57.1596790Z   CSC_IDENTITY_AUTO_DISCOVERY: false
2026-10-06T21:33:57.1597670Z   CSC_FOR_PULL_REQUEST: true
2026-10-06T21:33:57.1598580Z   XDG_CURRENT_DESKTOP: 
2026-10-06T21:33:57.1599320Z ##[endgroup]
2026-10-06T21:33:57.6047110Z Syncing repository: yceachan/ea-md-reader
2026-10-06T21:33:57.6396970Z ##[group]Getting Git version info
2026-10-06T21:33:57.6453480Z Working directory is '/Users/runner/work/ea-md-reader/ea-md-reader'
2026-10-06T21:33:57.6581130Z [command]/usr/local/bin/git version
2026-10-06T21:33:57.6652890Z git version 2.55.0
2026-10-06T21:33:57.6875670Z ##[endgroup]
2026-10-06T21:33:57.6949590Z Copying '/Users/runner/.gitconfig' to '/Users/runner/work/_temp/875270dd-ac5a-48d1-a8be-81ea03822f9e/.gitconfig'
2026-10-06T21:33:57.7008870Z Temporarily overriding HOME='/Users/runner/work/_temp/875270dd-ac5a-48d1-a8be-81ea03822f9e' before making global git config changes
2026-10-06T21:33:57.7071680Z Adding repository directory to the temporary git global config as a safe directory
2026-10-06T21:33:57.7126910Z [command]/usr/local/bin/git config --global --add safe.directory /Users/runner/work/ea-md-reader/ea-md-reader
2026-10-06T21:33:57.8264530Z Deleting the contents of '/Users/runner/work/ea-md-reader/ea-md-reader'
2026-10-06T21:33:57.8606860Z ##[group]Initializing the repository
2026-10-06T21:33:57.8715780Z [command]/usr/local/bin/git init /Users/runner/work/ea-md-reader/ea-md-reader
2026-10-06T21:33:57.8815070Z hint: Using 'master' as the name for the initial branch. This default branch name
2026-10-06T21:33:57.8872250Z hint: will change to "main" in Git 3.0. To configure the initial branch name
2026-10-06T21:33:57.8911450Z hint: to use in all of your new repositories, which will suppress this warning,
2026-10-06T21:33:57.8980690Z hint: call:
2026-10-06T21:33:57.9059930Z hint:
2026-10-06T21:33:57.9129740Z hint: 	git config --global init.defaultBranch <name>
2026-10-06T21:33:57.9180910Z hint:
2026-10-06T21:33:57.9209670Z hint: Names commonly chosen instead of 'master' are 'main', 'trunk' and
2026-10-06T21:33:57.9251150Z hint: 'development'. The just-created branch can be renamed via this command:
2026-10-06T21:33:57.9300840Z hint:
2026-10-06T21:33:57.9351790Z hint: 	git branch -m <name>
2026-10-06T21:33:57.9383690Z hint:
2026-10-06T21:33:57.9402090Z hint: Disable this message with "git config set advice.defaultBranchName false"
2026-10-06T21:33:57.9457480Z Initialized empty Git repository in /Users/runner/work/ea-md-reader/ea-md-reader/.git/
2026-10-06T21:33:57.9582830Z [command]/usr/local/bin/git remote add origin https://github.com/yceachan/ea-md-reader
2026-10-06T21:33:57.9691070Z ##[endgroup]
2026-10-06T21:33:57.9745110Z ##[group]Disabling automatic garbage collection
2026-10-06T21:33:57.9779190Z [command]/usr/local/bin/git config --local gc.auto 0
2026-10-06T21:33:58.0598110Z ##[endgroup]
2026-10-06T21:33:58.0720430Z ##[group]Setting up auth
2026-10-06T21:33:58.0797350Z [command]/usr/local/bin/git config --local --name-only --get-regexp core\.sshCommand
2026-10-06T21:33:58.1332250Z [command]/usr/local/bin/git submodule foreach --recursive sh -c "git config --local --name-only --get-regexp 'core\.sshCommand' && git config --local --unset-all 'core.sshCommand' || :"
2026-10-06T21:33:58.1857520Z [command]/usr/local/bin/git config --local --name-only --get-regexp http\.https\:\/\/github\.com\/\.extraheader
2026-10-06T21:33:58.2122620Z [command]/usr/local/bin/git submodule foreach --recursive sh -c "git config --local --name-only --get-regexp 'http\.https\:\/\/github\.com\/\.extraheader' && git config --local --unset-all 'http.https://github.com/.extraheader' || :"
2026-10-06T21:33:58.2281780Z [command]/usr/local/bin/git config --local --name-only --get-regexp ^includeIf\.gitdir:
2026-10-06T21:33:58.2986750Z [command]/usr/local/bin/git submodule foreach --recursive git config --local --show-origin --name-only --get-regexp remote.origin.url
2026-10-06T21:33:58.3208000Z [command]/usr/local/bin/git config --local http.https://github.com/.extraheader AUTHORIZATION: basic ***
2026-10-06T21:33:58.3415680Z ##[endgroup]
2026-10-06T21:33:58.3424030Z ##[group]Fetching the repository
2026-10-06T21:33:58.3453500Z [command]/usr/local/bin/git -c protocol.version=2 fetch --no-tags --prune --no-recurse-submodules --depth=1 origin +65bf67250139278246d0b178288a0f226d4aeb96:refs/remotes/pull/2/merge
2026-10-06T21:33:58.9205220Z From https://github.com/yceachan/ea-md-reader
2026-10-06T21:33:58.9257520Z  * [new ref]         65bf67250139278246d0b178288a0f226d4aeb96 -> pull/2/merge
2026-10-06T21:33:58.9448510Z ##[endgroup]
2026-10-06T21:33:58.9512000Z ##[group]Determining the checkout info
2026-10-06T21:33:58.9577550Z ##[endgroup]
2026-10-06T21:33:58.9655020Z [command]/usr/local/bin/git sparse-checkout disable
2026-10-06T21:33:58.9995480Z [command]/usr/local/bin/git config --local --unset-all extensions.worktreeConfig
2026-10-06T21:33:59.0160310Z ##[group]Checking out the ref
2026-10-06T21:33:59.0163450Z [command]/usr/local/bin/git checkout --progress --force refs/remotes/pull/2/merge
2026-10-06T21:33:59.0241460Z HEAD is now at 65bf672 Merge f95ed9edd547baadc7b7226bb0a3238317fe4df0 into 7cebdef012f4a664e064cdc88a54888779db395b
2026-10-06T21:33:59.0399260Z ##[endgroup]
2026-10-06T21:33:59.0473450Z [command]/usr/local/bin/git log -1 --format=%H
2026-10-06T21:33:59.0512040Z 65bf67250139278246d0b178288a0f226d4aeb96
2026-10-06T21:33:59.1042250Z ##[group]Run actions/setup-node@v4
2026-10-06T21:33:59.1044380Z with:
2026-10-06T21:33:59.1045880Z   node-version: 22
2026-10-06T21:33:59.1047500Z   cache: npm
2026-10-06T21:33:59.1049060Z   always-auth: false
2026-10-06T21:33:59.1050790Z   check-latest: false
2026-10-06T21:33:59.1069850Z   token: ***
2026-10-06T21:33:59.1071350Z env:
2026-10-06T21:33:59.1072850Z   CSC_IDENTITY_AUTO_DISCOVERY: false
2026-10-06T21:33:59.1074930Z   CSC_FOR_PULL_REQUEST: true
2026-10-06T21:33:59.1076780Z   XDG_CURRENT_DESKTOP: 
2026-10-06T21:33:59.1078440Z ##[endgroup]
2026-10-06T21:33:59.3316640Z (node:1489) [DEP0040] DeprecationWarning: The `punycode` module is deprecated. Please use a userland alternative instead.
2026-10-06T21:33:59.3353660Z (Use `node --trace-deprecation ...` to show where the warning was created)
2026-10-06T21:33:59.3773950Z Found in cache @ /Users/runner/hostedtoolcache/node/22.23.2/x64
2026-10-06T21:33:59.4026820Z ##[group]Environment details
2026-10-06T21:34:00.1512190Z node: v22.23.2
2026-10-06T21:34:00.2095110Z npm: 10.9.8
2026-10-06T21:34:00.2943900Z yarn: 1.22.22
2026-10-06T21:34:00.2987670Z ##[endgroup]
2026-10-06T21:34:00.3040240Z [command]/Users/runner/hostedtoolcache/node/22.23.2/x64/bin/npm config get cache
2026-10-06T21:34:00.4136000Z /Users/runner/.npm
2026-10-06T21:34:00.6937040Z (node:1489) [DEP0169] DeprecationWarning: `url.parse()` behavior is not standardized and prone to errors that have security implications. Use the WHATWG URL API instead. CVEs are not issued for `url.parse()` vulnerabilities.
2026-10-06T21:34:00.7029530Z Cache hit for: node-cache-macOS-x64-npm-37ac43c60893eb43bb5861b606f9365bfad3f831969b858b6db82b6a8592a500
2026-10-06T21:34:01.9977000Z Received 0 of 85398355 (0.0%), 0.0 MBs/sec
2026-10-06T21:34:03.0110420Z Received 62914560 of 85398355 (73.7%), 29.9 MBs/sec
2026-10-06T21:34:03.3352720Z Received 85398355 of 85398355 (100.0%), 34.9 MBs/sec
2026-10-06T21:34:03.3438120Z Cache Size: ~81 MB (85398355 B)
2026-10-06T21:34:03.3555290Z [command]/usr/local/bin/gtar -xf /Users/runner/work/_temp/1c128d08-6d49-4dbf-b7fa-cc0a0b981393/cache.tzst -P -C /Users/runner/work/ea-md-reader/ea-md-reader --delay-directory-restore --use-compress-program unzstd
2026-10-06T21:34:04.4264220Z Cache restored successfully
2026-10-06T21:34:04.4345600Z Cache restored from key: node-cache-macOS-x64-npm-37ac43c60893eb43bb5861b606f9365bfad3f831969b858b6db82b6a8592a500
2026-10-06T21:34:04.4658500Z ##[group]Run node -e "console.log({platform:process.platform,arch:process.arch,node:process.version}); if(process.arch!==process.env.EXPECTED_ARCH) process.exit(1)"
2026-10-06T21:34:04.4660800Z [36;1mnode -e "console.log({platform:process.platform,arch:process.arch,node:process.version}); if(process.arch!==process.env.EXPECTED_ARCH) process.exit(1)"[0m
2026-10-06T21:34:04.4730110Z shell: /bin/bash -e {0}
2026-10-06T21:34:04.4730640Z env:
2026-10-06T21:34:04.4731040Z   CSC_IDENTITY_AUTO_DISCOVERY: false
2026-10-06T21:34:04.4731590Z   CSC_FOR_PULL_REQUEST: true
2026-10-06T21:34:04.4732070Z   XDG_CURRENT_DESKTOP: 
2026-10-06T21:34:04.4732500Z   EXPECTED_ARCH: x64
2026-10-06T21:34:04.4732940Z ##[endgroup]
2026-10-06T21:34:04.5661580Z { platform: 'darwin', arch: 'x64', node: 'v22.23.2' }
2026-10-06T21:34:04.5780240Z ##[group]Run npm ci
2026-10-06T21:34:04.5781040Z [36;1mnpm ci[0m
2026-10-06T21:34:04.5847450Z shell: /bin/bash -e {0}
2026-10-06T21:34:04.5847960Z env:
2026-10-06T21:34:04.5848400Z   CSC_IDENTITY_AUTO_DISCOVERY: false
2026-10-06T21:34:04.5848990Z   CSC_FOR_PULL_REQUEST: true
2026-10-06T21:34:04.5849500Z   XDG_CURRENT_DESKTOP: 
2026-10-06T21:34:04.5849940Z ##[endgroup]
2026-10-06T21:34:08.7500860Z npm warn deprecated inflight@1.0.6: This module is not supported, and leaks memory. Do not use it. Check out lru-cache if you want a good and tested way to coalesce async requests by a key value, which is much more comprehensive and powerful.
2026-10-06T21:34:08.8500440Z npm warn deprecated rimraf@2.6.3: Rimraf versions prior to v4 are no longer supported
2026-10-06T21:34:09.1400500Z npm warn deprecated glob@7.2.3: Old versions of glob are not supported, and contain widely publicized security vulnerabilities, which have been fixed in the current version. Please update. Support for old versions may be purchased (at exorbitant rates) by contacting i@izs.me
2026-10-06T21:34:10.1804110Z npm warn deprecated boolean@3.2.0: Package no longer supported. Contact Support at https://www.npmjs.com/support for more info.
2026-10-06T21:34:20.5378860Z 
2026-10-06T21:34:20.6381880Z added 520 packages, and audited 521 packages in 16s
2026-10-06T21:34:20.6617270Z 
2026-10-06T21:34:20.6671320Z 86 packages are looking for funding
2026-10-06T21:34:20.6719560Z   run `npm fund` for details
2026-10-06T21:34:20.6802010Z 
2026-10-06T21:34:20.6848980Z 10 vulnerabilities (2 low, 8 moderate)
2026-10-06T21:34:20.6893380Z 
2026-10-06T21:34:20.6948650Z To address issues that do not require attention, run:
2026-10-06T21:34:20.7022970Z   npm audit fix
2026-10-06T21:34:20.7070330Z 
2026-10-06T21:34:20.7107870Z To address all issues (including breaking changes), run:
2026-10-06T21:34:20.7141010Z   npm audit fix --force
2026-10-06T21:34:20.7188050Z 
2026-10-06T21:34:20.7217250Z Run `npm audit` for details.
2026-10-06T21:34:20.7429160Z ##[group]Run npm run pack -- --platform=mac
2026-10-06T21:34:20.7429830Z [36;1mnpm run pack -- --platform=mac[0m
2026-10-06T21:34:20.7495800Z shell: /bin/bash -e {0}
2026-10-06T21:34:20.7496280Z env:
2026-10-06T21:34:20.7496690Z   CSC_IDENTITY_AUTO_DISCOVERY: false
2026-10-06T21:34:20.7497270Z   CSC_FOR_PULL_REQUEST: true
2026-10-06T21:34:20.7497770Z   XDG_CURRENT_DESKTOP: 
2026-10-06T21:34:20.7498220Z ##[endgroup]
2026-10-06T21:34:21.0082210Z 
2026-10-06T21:34:21.0083010Z > emd@0.1.0 pack
2026-10-06T21:34:21.0084160Z > node scripts/pack.mjs --platform=mac
2026-10-06T21:34:21.0084550Z 
2026-10-06T21:34:21.0884240Z 打包平台：macOS
2026-10-06T21:34:21.3106770Z 
2026-10-06T21:34:21.3108770Z > emd@0.1.0 build
2026-10-06T21:34:21.3111530Z > npm run build:icons && tsc --noEmit && vite build
2026-10-06T21:34:21.3115680Z 
2026-10-06T21:34:21.5915940Z 
2026-10-06T21:34:21.6021780Z > emd@0.1.0 build:icons
2026-10-06T21:34:21.6116120Z > node scripts/render-icons.mjs
2026-10-06T21:34:21.6208130Z 
2026-10-06T21:34:46.8919840Z Rendered application icons from assets/emd.svg
2026-10-06T21:34:50.0441270Z [36mvite v7.3.6 [32mbuilding client environment for production...[36m[39m
2026-10-06T21:34:50.1163120Z transforming...
2026-10-06T21:35:05.5939470Z [32m✓[39m 2528 modules transformed.
2026-10-06T21:35:07.3336400Z rendering chunks...
2026-10-06T21:35:08.8833120Z computing gzip size...
2026-10-06T21:35:09.4795320Z [33m
2026-10-06T21:35:09.4796690Z [2mdist/[22m[32mindex.html                                       [39m[1m[2m  0.69 kB[22m[1m[22m[2m │ gzip:   0.41 kB[22m
2026-10-06T21:35:09.5801030Z (!) Some chunks are larger than 500 kB after minification. Consider:
2026-10-06T21:35:09.5803140Z [2mdist/[22m[2massets/[22m[32mKaTeX_Size3-Regular-CTq5MqoE.woff         [39m[1m[2m  4.42 kB[22m[1m[22m
2026-10-06T21:35:09.6433790Z - Using dynamic import() to code-split the application
2026-10-06T21:35:09.6435880Z [2mdist/[22m[2massets/[22m[32mKaTeX_Size4-Regular-Dl5lxZxV.woff2        [39m[1m[2m  4.93 kB[22m[1m[22m
2026-10-06T21:35:09.7606370Z - Use build.rollupOptions.output.manualChunks to improve chunking: https://rollupjs.org/configuration-options/#output-manualchunks
2026-10-06T21:35:09.7609120Z [2mdist/[22m[2massets/[22m[32mKaTeX_Size2-Regular-Dy4dx90m.woff2        [39m[1m[2m  5.21 kB[22m[1m[22m
2026-10-06T21:35:09.7634020Z - Adjust chunk size limit for this warning via build.chunkSizeWarningLimit.[39m
2026-10-06T21:35:09.7635860Z [2mdist/[22m[2massets/[22m[32mKaTeX_Size1-Regular-mCD8mA8B.woff2        [39m[1m[2m  5.47 kB[22m[1m[22m
2026-10-06T21:35:09.7725590Z [2mdist/[22m[2massets/[22m[32mKaTeX_Size4-Regular-BF-4gkZK.woff         [39m[1m[2m  5.98 kB[22m[1m[22m
2026-10-06T21:35:09.8026930Z [2mdist/[22m[2massets/[22m[32mKaTeX_Size2-Regular-oD1tc_U0.woff         [39m[1m[2m  6.19 kB[22m[1m[22m
2026-10-06T21:35:09.8084910Z [2mdist/[22m[2massets/[22m[32mKaTeX_Size1-Regular-C195tn64.woff         [39m[1m[2m  6.50 kB[22m[1m[22m
2026-10-06T21:35:09.8141060Z [2mdist/[22m[2massets/[22m[32mKaTeX_Caligraphic-Regular-Di6jR-x-.woff2  [39m[1m[2m  6.91 kB[22m[1m[22m
2026-10-06T21:35:09.8202720Z [2mdist/[22m[2massets/[22m[32mKaTeX_Caligraphic-Bold-Dq_IR9rO.woff2     [39m[1m[2m  6.91 kB[22m[1m[22m
2026-10-06T21:35:09.8358000Z [2mdist/[22m[2massets/[22m[32mKaTeX_Size3-Regular-DgpXs0kz.ttf          [39m[1m[2m  7.59 kB[22m[1m[22m
2026-10-06T21:35:09.8522540Z [2mdist/[22m[2massets/[22m[32mKaTeX_Caligraphic-Regular-CTRA-rTL.woff   [39m[1m[2m  7.66 kB[22m[1m[22m
2026-10-06T21:35:09.8566490Z [2mdist/[22m[2massets/[22m[32mKaTeX_Caligraphic-Bold-BEiXGLvX.woff      [39m[1m[2m  7.72 kB[22m[1m[22m
2026-10-06T21:35:09.8616120Z [2mdist/[22m[2massets/[22m[32mKaTeX_Script-Regular-D3wIWfF6.woff2       [39m[1m[2m  9.64 kB[22m[1m[22m
2026-10-06T21:35:09.8712340Z [2mdist/[22m[2massets/[22m[32mKaTeX_SansSerif-Regular-DDBCnlJ7.woff2    [39m[1m[2m 10.34 kB[22m[1m[22m
2026-10-06T21:35:09.8817480Z [2mdist/[22m[2massets/[22m[32mKaTeX_Size4-Regular-DWFBv043.ttf          [39m[1m[2m 10.36 kB[22m[1m[22m
2026-10-06T21:35:09.8863400Z [2mdist/[22m[2massets/[22m[32mKaTeX_Script-Regular-D5yQViql.woff        [39m[1m[2m 10.59 kB[22m[1m[22m
2026-10-06T21:35:09.8882800Z [2mdist/[22m[2massets/[22m[32mKaTeX_Fraktur-Regular-CTYiF6lA.woff2      [39m[1m[2m 11.32 kB[22m[1m[22m
2026-10-06T21:35:09.8915810Z [2mdist/[22m[2massets/[22m[32mKaTeX_Fraktur-Bold-CL6g_b3V.woff2         [39m[1m[2m 11.35 kB[22m[1m[22m
2026-10-06T21:35:09.8957270Z [2mdist/[22m[2massets/[22m[32mKaTeX_Size2-Regular-B7gKUWhC.ttf          [39m[1m[2m 11.51 kB[22m[1m[22m
2026-10-06T21:35:09.9962080Z [2mdist/[22m[2massets/[22m[32mKaTeX_SansSerif-Italic-C3H0VqGB.woff2     [39m[1m[2m 12.03 kB[22m[1m[22m
2026-10-06T21:35:10.0239530Z [2mdist/[22m[2massets/[22m[32mKaTeX_SansSerif-Bold-D1sUS0GD.woff2       [39m[1m[2m 12.22 kB[22m[1m[22m
2026-10-06T21:35:10.0548210Z [2mdist/[22m[2massets/[22m[32mKaTeX_Size1-Regular-Dbsnue_I.ttf          [39m[1m[2m 12.23 kB[22m[1m[22m
2026-10-06T21:35:10.0579710Z [2mdist/[22m[2massets/[22m[32mKaTeX_SansSerif-Regular-CS6fqUqJ.woff     [39m[1m[2m 12.32 kB[22m[1m[22m
2026-10-06T21:35:10.0635740Z [2mdist/[22m[2massets/[22m[32mKaTeX_Caligraphic-Regular-wX97UBjC.ttf    [39m[1m[2m 12.34 kB[22m[1m[22m
2026-10-06T21:35:10.0683010Z [2mdist/[22m[2massets/[22m[32mKaTeX_Caligraphic-Bold-ATXxdsX0.ttf       [39m[1m[2m 12.37 kB[22m[1m[22m
2026-10-06T21:35:10.0688140Z [2mdist/[22m[2massets/[22m[32mKaTeX_Fraktur-Regular-Dxdc4cR9.woff       [39m[1m[2m 13.21 kB[22m[1m[22m
2026-10-06T21:35:10.0690940Z [2mdist/[22m[2massets/[22m[32mKaTeX_Fraktur-Bold-BsDP51OF.woff          [39m[1m[2m 13.30 kB[22m[1m[22m
2026-10-06T21:35:10.0693100Z [2mdist/[22m[2massets/[22m[32mKaTeX_Typewriter-Regular-CO6r4hn1.woff2   [39m[1m[2m 13.57 kB[22m[1m[22m
2026-10-06T21:35:10.0695020Z [2mdist/[22m[2massets/[22m[32mKaTeX_SansSerif-Italic-DN2j7dab.woff      [39m[1m[2m 14.11 kB[22m[1m[22m
2026-10-06T21:35:10.0697040Z [2mdist/[22m[2massets/[22m[32mKaTeX_SansSerif-Bold-DbIhKOiC.woff        [39m[1m[2m 14.41 kB[22m[1m[22m
2026-10-06T21:35:10.0699820Z [2mdist/[22m[2massets/[22m[32mKaTeX_Typewriter-Regular-C0xS9mPB.woff    [39m[1m[2m 16.03 kB[22m[1m[22m
2026-10-06T21:35:10.0702190Z [2mdist/[22m[2massets/[22m[32mKaTeX_Math-BoldItalic-CZnvNsCZ.woff2      [39m[1m[2m 16.40 kB[22m[1m[22m
2026-10-06T21:35:10.0706990Z [2mdist/[22m[2massets/[22m[32mKaTeX_Math-Italic-t53AETM-.woff2          [39m[1m[2m 16.44 kB[22m[1m[22m
2026-10-06T21:35:10.0708990Z [2mdist/[22m[2massets/[22m[32mKaTeX_Script-Regular-C5JkGWo-.ttf         [39m[1m[2m 16.65 kB[22m[1m[22m
2026-10-06T21:35:10.0711530Z [2mdist/[22m[2massets/[22m[32mKaTeX_Main-BoldItalic-DxDJ3AOS.woff2      [39m[1m[2m 16.78 kB[22m[1m[22m
2026-10-06T21:35:10.0714340Z [2mdist/[22m[2massets/[22m[32mKaTeX_Main-Italic-NWA7e6Wa.woff2          [39m[1m[2m 16.99 kB[22m[1m[22m
2026-10-06T21:35:10.0716250Z [2mdist/[22m[2massets/[22m[32mKaTeX_Math-BoldItalic-iY-2wyZ7.woff       [39m[1m[2m 18.67 kB[22m[1m[22m
2026-10-06T21:35:10.0718110Z [2mdist/[22m[2massets/[22m[32mKaTeX_Math-Italic-DA0__PXp.woff           [39m[1m[2m 18.75 kB[22m[1m[22m
2026-10-06T21:35:10.0719930Z [2mdist/[22m[2massets/[22m[32mKaTeX_Main-BoldItalic-SpSLRI95.woff       [39m[1m[2m 19.41 kB[22m[1m[22m
2026-10-06T21:35:10.0722070Z [2mdist/[22m[2massets/[22m[32mKaTeX_SansSerif-Regular-BNo7hRIc.ttf      [39m[1m[2m 19.44 kB[22m[1m[22m
2026-10-06T21:35:10.0724060Z [2mdist/[22m[2massets/[22m[32mKaTeX_Fraktur-Regular-CB_wures.ttf        [39m[1m[2m 19.57 kB[22m[1m[22m
2026-10-06T21:35:10.0726160Z [2mdist/[22m[2massets/[22m[32mKaTeX_Fraktur-Bold-BdnERNNW.ttf           [39m[1m[2m 19.58 kB[22m[1m[22m
2026-10-06T21:35:10.0728750Z [2mdist/[22m[2massets/[22m[32mKaTeX_Main-Italic-BMLOBm91.woff           [39m[1m[2m 19.68 kB[22m[1m[22m
2026-10-06T21:35:10.0730720Z [2mdist/[22m[2massets/[22m[32mKaTeX_SansSerif-Italic-YYjJ1zSn.ttf       [39m[1m[2m 22.36 kB[22m[1m[22m
2026-10-06T21:35:10.0733420Z [2mdist/[22m[2massets/[22m[32mKaTeX_SansSerif-Bold-CFMepnvq.ttf         [39m[1m[2m 24.50 kB[22m[1m[22m
2026-10-06T21:35:10.0735950Z [2mdist/[22m[2massets/[22m[32mKaTeX_Main-Bold-Cx986IdX.woff2            [39m[1m[2m 25.32 kB[22m[1m[22m
2026-10-06T21:35:10.0758410Z [2mdist/[22m[2massets/[22m[32mKaTeX_Main-Regular-B22Nviop.woff2         [39m[1m[2m 26.27 kB[22m[1m[22m
2026-10-06T21:35:10.0760960Z [2mdist/[22m[2massets/[22m[32mKaTeX_Typewriter-Regular-D3Ib7_Hf.ttf     [39m[1m[2m 27.56 kB[22m[1m[22m
2026-10-06T21:35:10.0763620Z [2mdist/[22m[2massets/[22m[32mKaTeX_AMS-Regular-BQhdFMY1.woff2          [39m[1m[2m 28.08 kB[22m[1m[22m
2026-10-06T21:35:10.0766280Z [2mdist/[22m[2massets/[22m[32mKaTeX_Main-Bold-Jm3AIy58.woff             [39m[1m[2m 29.91 kB[22m[1m[22m
2026-10-06T21:35:10.0768860Z [2mdist/[22m[2massets/[22m[32mKaTeX_Main-Regular-Dr94JaBh.woff          [39m[1m[2m 30.77 kB[22m[1m[22m
2026-10-06T21:35:10.0771660Z [2mdist/[22m[2massets/[22m[32mKaTeX_Math-BoldItalic-B3XSjfu4.ttf        [39m[1m[2m 31.20 kB[22m[1m[22m
2026-10-06T21:35:10.0774410Z [2mdist/[22m[2massets/[22m[32mKaTeX_Math-Italic-flOr_0UB.ttf            [39m[1m[2m 31.31 kB[22m[1m[22m
2026-10-06T21:35:10.0776490Z [2mdist/[22m[2massets/[22m[32mKaTeX_Main-BoldItalic-DzxPMmG6.ttf        [39m[1m[2m 32.97 kB[22m[1m[22m
2026-10-06T21:35:10.0778650Z [2mdist/[22m[2massets/[22m[32mKaTeX_AMS-Regular-DMm9YOAa.woff           [39m[1m[2m 33.52 kB[22m[1m[22m
2026-10-06T21:35:10.0780550Z [2mdist/[22m[2massets/[22m[32mKaTeX_Main-Italic-3WenGoN9.ttf            [39m[1m[2m 33.58 kB[22m[1m[22m
2026-10-06T21:35:10.0783080Z [2mdist/[22m[2massets/[22m[32mKaTeX_Main-Bold-waoOVXN0.ttf              [39m[1m[2m 51.34 kB[22m[1m[22m
2026-10-06T21:35:10.0785260Z [2mdist/[22m[2massets/[22m[32mKaTeX_Main-Regular-ypZvNtVU.ttf           [39m[1m[2m 53.58 kB[22m[1m[22m
2026-10-06T21:35:10.0787590Z [2mdist/[22m[2massets/[22m[32mKaTeX_AMS-Regular-DRggAlZN.ttf            [39m[1m[2m 63.63 kB[22m[1m[22m
2026-10-06T21:35:10.0789710Z [2mdist/[22m[2massets/[22m[35mindex-BwxPVEoW.css                        [39m[1m[2m 49.45 kB[22m[1m[22m[2m │ gzip:  12.80 kB[22m
2026-10-06T21:35:10.0792100Z [2mdist/[22m[2massets/[22m[36mchannel-FUdXnKJX.js                       [39m[1m[2m  0.11 kB[22m[1m[22m[2m │ gzip:   0.13 kB[22m
2026-10-06T21:35:10.0794330Z [2mdist/[22m[2massets/[22m[36minit-Gi6I4Gst.js                          [39m[1m[2m  0.15 kB[22m[1m[22m[2m │ gzip:   0.13 kB[22m
2026-10-06T21:35:10.0797530Z [2mdist/[22m[2massets/[22m[36mchunk-2Q5K7J3B-o2JtGGfA.js                [39m[1m[2m  0.19 kB[22m[1m[22m[2m │ gzip:   0.16 kB[22m
2026-10-06T21:35:10.0800040Z [2mdist/[22m[2massets/[22m[36mchunk-JWPE2WC7-Cl1QLhVt.js                [39m[1m[2m  0.23 kB[22m[1m[22m[2m │ gzip:   0.17 kB[22m
2026-10-06T21:35:10.0803170Z [2mdist/[22m[2massets/[22m[36mchunk-XXDRQBXY-I-YnLo6L.js                [39m[1m[2m  0.23 kB[22m[1m[22m[2m │ gzip:   0.21 kB[22m
2026-10-06T21:35:10.0805950Z [2mdist/[22m[2massets/[22m[36mchunk-5VM5RSS4-CLOA691W.js                [39m[1m[2m  0.37 kB[22m[1m[22m[2m │ gzip:   0.27 kB[22m
2026-10-06T21:35:10.0808270Z [2mdist/[22m[2massets/[22m[36mstateDiagram-v2-MP3YSRHH-B2P103kj.js      [39m[1m[2m  0.43 kB[22m[1m[22m[2m │ gzip:   0.30 kB[22m
2026-10-06T21:35:10.0810590Z [2mdist/[22m[2massets/[22m[36mclassDiagram-ZZMXUADV-Cx1tDEYN.js         [39m[1m[2m  0.47 kB[22m[1m[22m[2m │ gzip:   0.32 kB[22m
2026-10-06T21:35:10.0812890Z [2mdist/[22m[2massets/[22m[36mclassDiagram-v2-VYDZK3BY-Cx1tDEYN.js      [39m[1m[2m  0.47 kB[22m[1m[22m[2m │ gzip:   0.32 kB[22m
2026-10-06T21:35:10.0816200Z [2mdist/[22m[2massets/[22m[36mchunk-POPQ4Y6H-3TACjkb4.js                [39m[1m[2m  0.51 kB[22m[1m[22m[2m │ gzip:   0.36 kB[22m
2026-10-06T21:35:10.0818570Z [2mdist/[22m[2massets/[22m[36mcodeowners-Bp6g37R7.js                    [39m[1m[2m  0.55 kB[22m[1m[22m[2m │ gzip:   0.32 kB[22m
2026-10-06T21:35:10.0820990Z [2mdist/[22m[2massets/[22m[36mswimlanesDiagram-VR7AAH4N-C5wxo-hl.js     [39m[1m[2m  0.55 kB[22m[1m[22m[2m │ gzip:   0.37 kB[22m
2026-10-06T21:35:10.0823400Z [2mdist/[22m[2massets/[22m[36minfoDiagram-27XIBGKW-_RHcM5LJ.js          [39m[1m[2m  0.59 kB[22m[1m[22m[2m │ gzip:   0.41 kB[22m
2026-10-06T21:35:10.0826140Z [2mdist/[22m[2massets/[22m[36mshellsession-BADoaaVG.js                  [39m[1m[2m  0.71 kB[22m[1m[22m[2m │ gzip:   0.43 kB[22m
2026-10-06T21:35:10.0828420Z [2mdist/[22m[2massets/[22m[36mtsv-B_m7g4N7.js                           [39m[1m[2m  0.74 kB[22m[1m[22m[2m │ gzip:   0.34 kB[22m
2026-10-06T21:35:10.0830710Z [2mdist/[22m[2massets/[22m[36mhtml-derivative-DZhk3IEZ.js               [39m[1m[2m  0.90 kB[22m[1m[22m[2m │ gzip:   0.50 kB[22m
2026-10-06T21:35:10.0833990Z [2mdist/[22m[2massets/[22m[36msizeCapture-INFHLROL-nXGNq9r5.js          [39m[1m[2m  0.94 kB[22m[1m[22m[2m │ gzip:   0.53 kB[22m
2026-10-06T21:35:10.0836490Z [2mdist/[22m[2massets/[22m[36mgit-rebase-r7XF79zn.js                    [39m[1m[2m  0.98 kB[22m[1m[22m[2m │ gzip:   0.44 kB[22m
2026-10-06T21:35:10.0838620Z [2mdist/[22m[2massets/[22m[36mqmldir-C8lEn-DE.js                        [39m[1m[2m  1.00 kB[22m[1m[22m[2m │ gzip:   0.45 kB[22m
2026-10-06T21:35:10.0840610Z [2mdist/[22m[2massets/[22m[36mcsv-fuZLfV_i.js                           [39m[1m[2m  1.14 kB[22m[1m[22m[2m │ gzip:   0.37 kB[22m
2026-10-06T21:35:10.0842690Z [2mdist/[22m[2massets/[22m[36mordinal-Cboi1Yqb.js                       [39m[1m[2m  1.19 kB[22m[1m[22m[2m │ gzip:   0.57 kB[22m
2026-10-06T21:35:10.0844870Z [2mdist/[22m[2massets/[22m[36mgit-commit-F4YmCXRG.js                    [39m[1m[2m  1.23 kB[22m[1m[22m[2m │ gzip:   0.53 kB[22m
2026-10-06T21:35:10.0846920Z [2mdist/[22m[2massets/[22m[36mxsl-CtQFsRM5.js                           [39m[1m[2m  1.39 kB[22m[1m[22m[2m │ gzip:   0.52 kB[22m
2026-10-06T21:35:10.0848980Z [2mdist/[22m[2massets/[22m[36msparql-rVzFXLq3.js                        [39m[1m[2m  1.48 kB[22m[1m[22m[2m │ gzip:   0.82 kB[22m
2026-10-06T21:35:10.0851420Z [2mdist/[22m[2massets/[22m[36mini-BEwlwnbL.js                           [39m[1m[2m  1.53 kB[22m[1m[22m[2m │ gzip:   0.50 kB[22m
2026-10-06T21:35:10.0853580Z [2mdist/[22m[2massets/[22m[36mrailroadDiagram-O6MQD6OU-DEkPl9ae.js      [39m[1m[2m  1.61 kB[22m[1m[22m[2m │ gzip:   0.75 kB[22m
2026-10-06T21:35:10.0857410Z [2mdist/[22m[2massets/[22m[36mfortran-fixed-form-CkoXwp7k.js            [39m[1m[2m  1.67 kB[22m[1m[22m[2m │ gzip:   0.69 kB[22m
2026-10-06T21:35:10.0860340Z [2mdist/[22m[2massets/[22m[36mdocker-BcOcwvcX.js                        [39m[1m[2m  1.74 kB[22m[1m[22m[2m │ gzip:   0.60 kB[22m
2026-10-06T21:35:10.0862820Z [2mdist/[22m[2massets/[22m[36mdotenv-De0Btta0.js                        [39m[1m[2m  1.75 kB[22m[1m[22m[2m │ gzip:   0.61 kB[22m
2026-10-06T21:35:10.0865820Z [2mdist/[22m[2massets/[22m[36mabnfDiagram-VCTEODGH-CW857IX5.js          [39m[1m[2m  1.81 kB[22m[1m[22m[2m │ gzip:   0.89 kB[22m
2026-10-06T21:35:10.0868050Z [2mdist/[22m[2massets/[22m[36mdesktop-BmXAJ9_W.js                       [39m[1m[2m  1.83 kB[22m[1m[22m[2m │ gzip:   0.76 kB[22m
2026-10-06T21:35:10.0870140Z [2mdist/[22m[2massets/[22m[36mchunk-F27PBJKO-BHOfQOWm.js                [39m[1m[2m  1.88 kB[22m[1m[22m[2m │ gzip:   0.82 kB[22m
2026-10-06T21:35:10.0872360Z [2mdist/[22m[2massets/[22m[36mhxml-2-FPmUDs.js                          [39m[1m[2m  1.89 kB[22m[1m[22m[2m │ gzip:   0.90 kB[22m
2026-10-06T21:35:10.0874970Z [2mdist/[22m[2massets/[22m[36mpegDiagram-XKGWAZYB-CJfN6Ktr.js           [39m[1m[2m  1.96 kB[22m[1m[22m[2m │ gzip:   0.92 kB[22m
2026-10-06T21:35:10.0877610Z [2mdist/[22m[2massets/[22m[36mebnfDiagram-PWID7BFC-CHSS9qdm.js          [39m[1m[2m  2.01 kB[22m[1m[22m[2m │ gzip:   0.88 kB[22m
2026-10-06T21:35:10.0880330Z [2mdist/[22m[2massets/[22m[36mwenyan-BV7otONQ.js                        [39m[1m[2m  2.16 kB[22m[1m[22m[2m │ gzip:   1.09 kB[22m
2026-10-06T21:35:10.0882940Z [2mdist/[22m[2massets/[22m[36mjssm-C2t-YnRu.js                          [39m[1m[2m  2.24 kB[22m[1m[22m[2m │ gzip:   0.62 kB[22m
2026-10-06T21:35:10.0885610Z [2mdist/[22m[2massets/[22m[36mreg-C-SQnVFl.js                           [39m[1m[2m  2.35 kB[22m[1m[22m[2m │ gzip:   0.70 kB[22m
2026-10-06T21:35:10.0888140Z [2mdist/[22m[2massets/[22m[36medge-CJaD-t2L.js                          [39m[1m[2m  2.36 kB[22m[1m[22m[2m │ gzip:   0.70 kB[22m
2026-10-06T21:35:10.0890850Z [2mdist/[22m[2massets/[22m[36mdiff-D97Zzqfu.js                          [39m[1m[2m  2.57 kB[22m[1m[22m[2m │ gzip:   0.70 kB[22m
2026-10-06T21:35:10.0893050Z [2mdist/[22m[2massets/[22m[36mgleam-BspZqrRM.js                         [39m[1m[2m  2.58 kB[22m[1m[22m[2m │ gzip:   0.82 kB[22m
2026-10-06T21:35:10.0895230Z [2mdist/[22m[2massets/[22m[36merb-CSMaCouu.js                           [39m[1m[2m  2.61 kB[22m[1m[22m[2m │ gzip:   0.84 kB[22m
2026-10-06T21:35:10.0897280Z [2mdist/[22m[2massets/[22m[36mhy-DFXneXwc.js                            [39m[1m[2m  2.65 kB[22m[1m[22m[2m │ gzip:   1.18 kB[22m
2026-10-06T21:35:10.0899280Z [2mdist/[22m[2massets/[22m[36mjson-Cp-IABpG.js                          [39m[1m[2m  2.82 kB[22m[1m[22m[2m │ gzip:   0.78 kB[22m
2026-10-06T21:35:10.0901680Z [2mdist/[22m[2massets/[22m[36mopenscad-C4EeE6gA.js                      [39m[1m[2m  2.82 kB[22m[1m[22m[2m │ gzip:   1.01 kB[22m
2026-10-06T21:35:10.0904120Z [2mdist/[22m[2massets/[22m[36mlog-2UxHyX5q.js                           [39m[1m[2m  2.85 kB[22m[1m[22m[2m │ gzip:   0.90 kB[22m
2026-10-06T21:35:10.0906250Z [2mdist/[22m[2massets/[22m[36mcairo-KRGpt6FW.js                         [39m[1m[2m  2.94 kB[22m[1m[22m[2m │ gzip:   0.81 kB[22m
2026-10-06T21:35:10.0908520Z [2mdist/[22m[2massets/[22m[36mberry-uYugtg8r.js                         [39m[1m[2m  3.01 kB[22m[1m[22m[2m │ gzip:   0.81 kB[22m
2026-10-06T21:35:10.0910590Z [2mdist/[22m[2massets/[22m[36mjsonl-DcaNXYhu.js                         [39m[1m[2m  3.01 kB[22m[1m[22m[2m │ gzip:   0.79 kB[22m
2026-10-06T21:35:10.0912740Z [2mdist/[22m[2massets/[22m[36mjsonc-Des-eS-w.js                         [39m[1m[2m  3.11 kB[22m[1m[22m[2m │ gzip:   0.80 kB[22m
2026-10-06T21:35:10.0915620Z [2mdist/[22m[2massets/[22m[36mlogo-BtOb2qkB.js                          [39m[1m[2m  3.13 kB[22m[1m[22m[2m │ gzip:   1.47 kB[22m
2026-10-06T21:35:10.0918310Z [2mdist/[22m[2massets/[22m[36mpo-BTJTHyun.js                            [39m[1m[2m  3.24 kB[22m[1m[22m[2m │ gzip:   0.91 kB[22m
2026-10-06T21:35:10.0920620Z [2mdist/[22m[2massets/[22m[36mjson5-C9tS-k6U.js                         [39m[1m[2m  3.25 kB[22m[1m[22m[2m │ gzip:   0.83 kB[22m
2026-10-06T21:35:10.0923110Z [2mdist/[22m[2massets/[22m[36mmipsasm-CKIfxQSi.js                       [39m[1m[2m  3.26 kB[22m[1m[22m[2m │ gzip:   1.18 kB[22m
2026-10-06T21:35:10.0925280Z [2mdist/[22m[2massets/[22m[36mtasl-QIJgUcNo.js                          [39m[1m[2m  3.29 kB[22m[1m[22m[2m │ gzip:   0.85 kB[22m
2026-10-06T21:35:10.0927840Z [2mdist/[22m[2massets/[22m[36mrbs-CpoqiR4B.js                           [39m[1m[2m  3.31 kB[22m[1m[22m[2m │ gzip:   0.73 kB[22m
2026-10-06T21:35:10.0929950Z [2mdist/[22m[2massets/[22m[36mgenie-D0YGMca9.js                         [39m[1m[2m  3.36 kB[22m[1m[22m[2m │ gzip:   1.21 kB[22m
2026-10-06T21:35:10.0932610Z [2mdist/[22m[2massets/[22m[36mrel-C3B-1QV4.js                           [39m[1m[2m  3.37 kB[22m[1m[22m[2m │ gzip:   1.11 kB[22m
2026-10-06T21:35:10.0935060Z [2mdist/[22m[2massets/[22m[36mvala-CsfeWuGM.js                          [39m[1m[2m  3.37 kB[22m[1m[22m[2m │ gzip:   1.19 kB[22m
2026-10-06T21:35:10.0937660Z [2mdist/[22m[2massets/[22m[36marc-B3krsYDy.js                           [39m[1m[2m  3.43 kB[22m[1m[22m[2m │ gzip:   1.47 kB[22m
2026-10-06T21:35:10.0939950Z [2mdist/[22m[2massets/[22m[36msplunk-BtCnVYZw.js                        [39m[1m[2m  3.44 kB[22m[1m[22m[2m │ gzip:   1.52 kB[22m
2026-10-06T21:35:10.0942200Z [2mdist/[22m[2massets/[22m[36mfluent-C4IJs8-o.js                        [39m[1m[2m  3.61 kB[22m[1m[22m[2m │ gzip:   0.90 kB[22m
2026-10-06T21:35:10.0944580Z [2mdist/[22m[2massets/[22m[36mssh-config-_ykCGR6B.js                    [39m[1m[2m  3.62 kB[22m[1m[22m[2m │ gzip:   1.60 kB[22m
2026-10-06T21:35:10.0947530Z [2mdist/[22m[2massets/[22m[36mjsonnet-DFQXde-d.js                       [39m[1m[2m  3.62 kB[22m[1m[22m[2m │ gzip:   1.05 kB[22m
2026-10-06T21:35:10.0949920Z [2mdist/[22m[2massets/[22m[36mkdl-DV7GczEv.js                           [39m[1m[2m  3.63 kB[22m[1m[22m[2m │ gzip:   1.04 kB[22m
2026-10-06T21:35:10.0952180Z [2mdist/[22m[2massets/[22m[36mglsl-DplSGwfg.js                          [39m[1m[2m  3.63 kB[22m[1m[22m[2m │ gzip:   1.41 kB[22m
2026-10-06T21:35:10.0954320Z [2mdist/[22m[2massets/[22m[36mhurl-irOxFIW8.js                          [39m[1m[2m  3.65 kB[22m[1m[22m[2m │ gzip:   1.16 kB[22m
2026-10-06T21:35:10.0956710Z [2mdist/[22m[2massets/[22m[36mnarrat-DRg8JJMk.js                        [39m[1m[2m  3.67 kB[22m[1m[22m[2m │ gzip:   1.11 kB[22m
2026-10-06T21:35:10.0959290Z [2mdist/[22m[2massets/[22m[36mturtle-BsS91CYL.js                        [39m[1m[2m  3.70 kB[22m[1m[22m[2m │ gzip:   0.98 kB[22m
2026-10-06T21:35:10.0961600Z [2mdist/[22m[2massets/[22m[36mzenscript-DVFEvuxE.js                     [39m[1m[2m  3.91 kB[22m[1m[22m[2m │ gzip:   1.28 kB[22m
2026-10-06T21:35:10.0964570Z [2mdist/[22m[2massets/[22m[36mron-D8l8udqQ.js                           [39m[1m[2m  3.91 kB[22m[1m[22m[2m │ gzip:   0.98 kB[22m
2026-10-06T21:35:10.0967740Z [2mdist/[22m[2massets/[22m[36mgn-8iBmfbXw.js                            [39m[1m[2m  4.02 kB[22m[1m[22m[2m │ gzip:   1.50 kB[22m
2026-10-06T21:35:10.0970510Z [2mdist/[22m[2massets/[22m[36mpascal-D93ZcfNL.js                        [39m[1m[2m  4.15 kB[22m[1m[22m[2m │ gzip:   1.67 kB[22m
2026-10-06T21:35:10.0972920Z [2mdist/[22m[2massets/[22m[36mdiagram-Z3DM3KII-_CUAebxI.js              [39m[1m[2m  4.21 kB[22m[1m[22m[2m │ gzip:   1.83 kB[22m
2026-10-06T21:35:10.0976020Z [2mdist/[22m[2massets/[22m[36mtcl-dwOrl1Do.js                           [39m[1m[2m  4.43 kB[22m[1m[22m[2m │ gzip:   1.52 kB[22m
2026-10-06T21:35:10.0978860Z [2mdist/[22m[2massets/[22m[36mnextflow-BCxp2Aob.js                      [39m[1m[2m  4.51 kB[22m[1m[22m[2m │ gzip:   1.16 kB[22m
2026-10-06T21:35:10.0981480Z [2mdist/[22m[2massets/[22m[36mrosmsg-BJDFO7_C.js                        [39m[1m[2m  4.52 kB[22m[1m[22m[2m │ gzip:   1.06 kB[22m
2026-10-06T21:35:10.0983840Z [2mdist/[22m[2massets/[22m[36mhttp-jrhK8wxY.js                          [39m[1m[2m  4.55 kB[22m[1m[22m[2m │ gzip:   1.12 kB[22m
2026-10-06T21:35:10.0986380Z [2mdist/[22m[2massets/[22m[36mpolar-C0HS_06l.js                         [39m[1m[2m  4.67 kB[22m[1m[22m[2m │ gzip:   1.12 kB[22m
2026-10-06T21:35:10.0989000Z [2mdist/[22m[2massets/[22m[36mdefaultLocale-DX6XiGOO.js                 [39m[1m[2m  4.69 kB[22m[1m[22m[2m │ gzip:   2.18 kB[22m
2026-10-06T21:35:10.0991670Z [2mdist/[22m[2massets/[22m[36msdbl-DVxCFoDh.js                          [39m[1m[2m  4.70 kB[22m[1m[22m[2m │ gzip:   2.01 kB[22m
2026-10-06T21:35:10.0994780Z [2mdist/[22m[2massets/[22m[36mfennel-BYunw83y.js                        [39m[1m[2m  4.77 kB[22m[1m[22m[2m │ gzip:   1.53 kB[22m
2026-10-06T21:35:10.0996960Z [2mdist/[22m[2massets/[22m[36mbibtex-CHM0blh-.js                        [39m[1m[2m  4.80 kB[22m[1m[22m[2m │ gzip:   0.83 kB[22m
2026-10-06T21:35:10.0999440Z [2mdist/[22m[2massets/[22m[36mllvm-BZoOZj88.js                          [39m[1m[2m  5.04 kB[22m[1m[22m[2m │ gzip:   2.01 kB[22m
2026-10-06T21:35:10.1001920Z [2mdist/[22m[2massets/[22m[36mwgsl-Dx-B1_4e.js                          [39m[1m[2m  5.14 kB[22m[1m[22m[2m │ gzip:   1.39 kB[22m
2026-10-06T21:35:10.1004220Z [2mdist/[22m[2massets/[22m[36mgdresource-TyuKm33G.js                    [39m[1m[2m  5.29 kB[22m[1m[22m[2m │ gzip:   1.34 kB[22m
2026-10-06T21:35:10.1006590Z [2mdist/[22m[2massets/[22m[36mqml-3beO22l8.js                           [39m[1m[2m  5.34 kB[22m[1m[22m[2m │ gzip:   1.38 kB[22m
2026-10-06T21:35:10.1008990Z [2mdist/[22m[2massets/[22m[36mzig-VOosw3JB.js                           [39m[1m[2m  5.34 kB[22m[1m[22m[2m │ gzip:   1.55 kB[22m
2026-10-06T21:35:10.1011270Z [2mdist/[22m[2massets/[22m[36mdax-CEL-wOlO.js                           [39m[1m[2m  5.37 kB[22m[1m[22m[2m │ gzip:   2.23 kB[22m
2026-10-06T21:35:10.1013940Z [2mdist/[22m[2massets/[22m[36mbicep-Bmn6On1c.js                         [39m[1m[2m  5.38 kB[22m[1m[22m[2m │ gzip:   1.15 kB[22m
2026-10-06T21:35:10.1016180Z [2mdist/[22m[2massets/[22m[36mxml-sdJ4AIDG.js                           [39m[1m[2m  5.38 kB[22m[1m[22m[2m │ gzip:   1.21 kB[22m
2026-10-06T21:35:10.1018550Z [2mdist/[22m[2massets/[22m[36mawk-DMzUqQB5.js                           [39m[1m[2m  5.46 kB[22m[1m[22m[2m │ gzip:   1.38 kB[22m
2026-10-06T21:35:10.1021150Z [2mdist/[22m[2massets/[22m[36mlinear-CBDaVLx1.js                        [39m[1m[2m  5.66 kB[22m[1m[22m[2m │ gzip:   2.31 kB[22m
2026-10-06T21:35:10.1023450Z [2mdist/[22m[2massets/[22m[36mjinja-DFQZVq3b.js                         [39m[1m[2m  5.69 kB[22m[1m[22m[2m │ gzip:   1.40 kB[22m
2026-10-06T21:35:10.1026310Z [2mdist/[22m[2massets/[22m[36mlean-BZvkOJ9d.js                          [39m[1m[2m  5.78 kB[22m[1m[22m[2m │ gzip:   1.92 kB[22m
2026-10-06T21:35:10.1028900Z [2mdist/[22m[2massets/[22m[36mpowerquery-CEu0bR-o.js                    [39m[1m[2m  5.90 kB[22m[1m[22m[2m │ gzip:   1.52 kB[22m
2026-10-06T21:35:10.1031140Z [2mdist/[22m[2massets/[22m[36mshaderlab-Dg9Lc6iA.js                     [39m[1m[2m  5.92 kB[22m[1m[22m[2m │ gzip:   2.08 kB[22m
2026-10-06T21:35:10.1033310Z [2mdist/[22m[2massets/[22m[36mcypher-COkxafJQ.js                        [39m[1m[2m  5.96 kB[22m[1m[22m[2m │ gzip:   1.73 kB[22m
2026-10-06T21:35:10.1036430Z [2mdist/[22m[2massets/[22m[36mcoq-BqXF5kFF.js                           [39m[1m[2m  6.02 kB[22m[1m[22m[2m │ gzip:   1.96 kB[22m
2026-10-06T21:35:10.1038700Z [2mdist/[22m[2massets/[22m[36mvb-Cu-pLBUe.js                            [39m[1m[2m  6.08 kB[22m[1m[22m[2m │ gzip:   2.33 kB[22m
2026-10-06T21:35:10.1040800Z [2mdist/[22m[2massets/[22m[36mmoonbit-Bag4Rp_g.js                       [39m[1m[2m  6.08 kB[22m[1m[22m[2m │ gzip:   1.71 kB[22m
2026-10-06T21:35:10.1043580Z [2mdist/[22m[2massets/[22m[36mdiagram-UQ7AKVKN-C6Wnrt-2.js              [39m[1m[2m  6.08 kB[22m[1m[22m[2m │ gzip:   2.62 kB[22m
2026-10-06T21:35:10.1046300Z [2mdist/[22m[2massets/[22m[36mmin-dark-CafNBF8u.js                      [39m[1m[2m  6.29 kB[22m[1m[22m[2m │ gzip:   1.71 kB[22m
2026-10-06T21:35:10.1048990Z [2mdist/[22m[2massets/[22m[36mpieDiagram-E7YTZNPT-DDKSzztx.js           [39m[1m[2m  6.29 kB[22m[1m[22m[2m │ gzip:   2.62 kB[22m
2026-10-06T21:35:10.1051160Z [2mdist/[22m[2massets/[22m[36mgdshader-DkwncUOv.js                      [39m[1m[2m  6.33 kB[22m[1m[22m[2m │ gzip:   1.73 kB[22m
2026-10-06T21:35:10.1053860Z [2mdist/[22m[2massets/[22m[36mara-BRHolxvo.js                           [39m[1m[2m  6.36 kB[22m[1m[22m[2m │ gzip:   1.81 kB[22m
2026-10-06T21:35:10.1055990Z [2mdist/[22m[2massets/[22m[36mverilog-nZwndyjY.js                       [39m[1m[2m  6.41 kB[22m[1m[22m[2m │ gzip:   1.92 kB[22m
2026-10-06T21:35:10.1058010Z [2mdist/[22m[2massets/[22m[36mclojure-P80f7IUj.js                       [39m[1m[2m  6.41 kB[22m[1m[22m[2m │ gzip:   1.42 kB[22m
2026-10-06T21:35:10.1060870Z [2mdist/[22m[2massets/[22m[36mpostcss-CXtECtnM.js                       [39m[1m[2m  6.42 kB[22m[1m[22m[2m │ gzip:   1.91 kB[22m
2026-10-06T21:35:10.1063730Z [2mdist/[22m[2massets/[22m[36mtoml-vGWfd6FD.js                          [39m[1m[2m  6.43 kB[22m[1m[22m[2m │ gzip:   1.28 kB[22m
2026-10-06T21:35:10.1065860Z [2mdist/[22m[2massets/[22m[36mproto-C7zT0LnQ.js                         [39m[1m[2m  6.55 kB[22m[1m[22m[2m │ gzip:   1.42 kB[22m
2026-10-06T21:35:10.1067840Z [2mdist/[22m[2massets/[22m[36mchapel-DTp_pixX.js                        [39m[1m[2m  6.62 kB[22m[1m[22m[2m │ gzip:   1.85 kB[22m
2026-10-06T21:35:10.1069780Z [2mdist/[22m[2massets/[22m[36mr-Cf5RLm7j.js                             [39m[1m[2m  6.74 kB[22m[1m[22m[2m │ gzip:   1.84 kB[22m
2026-10-06T21:35:10.1071660Z [2mdist/[22m[2massets/[22m[36mred-DMbB5_pp.js                           [39m[1m[2m  6.74 kB[22m[1m[22m[2m │ gzip:   1.71 kB[22m
2026-10-06T21:35:10.1073600Z [2mdist/[22m[2massets/[22m[36mtalonscript-CkByrt1z.js                   [39m[1m[2m  6.76 kB[22m[1m[22m[2m │ gzip:   1.49 kB[22m
2026-10-06T21:35:10.1075610Z [2mdist/[22m[2massets/[22m[36mriscv-BM1_JUlF.js                         [39m[1m[2m  6.91 kB[22m[1m[22m[2m │ gzip:   1.98 kB[22m
2026-10-06T21:35:10.1077940Z [2mdist/[22m[2massets/[22m[36msolarized-light-DCG28T6R.js               [39m[1m[2m  6.94 kB[22m[1m[22m[2m │ gzip:   1.82 kB[22m
2026-10-06T21:35:10.1080400Z [2mdist/[22m[2massets/[22m[36mmin-light-CTRr51gU.js                     [39m[1m[2m  6.97 kB[22m[1m[22m[2m │ gzip:   1.89 kB[22m
2026-10-06T21:35:10.1082700Z [2mdist/[22m[2massets/[22m[36msoy-zscZBeg6.js                           [39m[1m[2m  6.98 kB[22m[1m[22m[2m │ gzip:   1.66 kB[22m
2026-10-06T21:35:10.1084740Z [2mdist/[22m[2massets/[22m[36mscheme-C98Dy4si.js                        [39m[1m[2m  7.17 kB[22m[1m[22m[2m │ gzip:   2.05 kB[22m
2026-10-06T21:35:10.1086790Z [2mdist/[22m[2massets/[22m[36mhlsl-D3lLCCz7.js                          [39m[1m[2m  7.26 kB[22m[1m[22m[2m │ gzip:   2.19 kB[22m
2026-10-06T21:35:10.1088830Z [2mdist/[22m[2massets/[22m[36msolarized-dark-UcubFVte.js                [39m[1m[2m  7.39 kB[22m[1m[22m[2m │ gzip:   1.91 kB[22m
2026-10-06T21:35:10.1091470Z [2mdist/[22m[2massets/[22m[36mqss-IeuSbFQv.js                           [39m[1m[2m  7.47 kB[22m[1m[22m[2m │ gzip:   2.58 kB[22m
2026-10-06T21:35:10.1093500Z [2mdist/[22m[2massets/[22m[36mprisma-Vru482bI.js                        [39m[1m[2m  7.74 kB[22m[1m[22m[2m │ gzip:   1.48 kB[22m
2026-10-06T21:35:10.1095440Z [2mdist/[22m[2massets/[22m[36msystemd-4A_iFExJ.js                       [39m[1m[2m  7.87 kB[22m[1m[22m[2m │ gzip:   2.55 kB[22m
2026-10-06T21:35:10.1097370Z [2mdist/[22m[2massets/[22m[36mregexp-CDVJQ6XC.js                        [39m[1m[2m  7.99 kB[22m[1m[22m[2m │ gzip:   1.42 kB[22m
2026-10-06T21:35:10.1099710Z [2mdist/[22m[2massets/[22m[36mdiagram-S7CK7UJ4-CVENdfMO.js              [39m[1m[2m  8.22 kB[22m[1m[22m[2m │ gzip:   3.67 kB[22m
2026-10-06T21:35:10.1101750Z [2mdist/[22m[2massets/[22m[36mmonokai-CR4piiQ-.js                       [39m[1m[2m  8.25 kB[22m[1m[22m[2m │ gzip:   1.98 kB[22m
2026-10-06T21:35:10.1103670Z [2mdist/[22m[2massets/[22m[36mhaml-GN_XdMnF.js                          [39m[1m[2m  8.26 kB[22m[1m[22m[2m │ gzip:   1.81 kB[22m
2026-10-06T21:35:10.1106470Z [2mdist/[22m[2massets/[22m[36mvue-html-AaS7Mt5G.js                      [39m[1m[2m  8.47 kB[22m[1m[22m[2m │ gzip:   1.68 kB[22m
2026-10-06T21:35:10.1109290Z [2mdist/[22m[2massets/[22m[36mplsql-ChMvpjG-.js                         [39m[1m[2m  8.51 kB[22m[1m[22m[2m │ gzip:   3.00 kB[22m
2026-10-06T21:35:10.1111280Z [2mdist/[22m[2massets/[22m[36mdart-CtKP3W-j.js                          [39m[1m[2m  8.62 kB[22m[1m[22m[2m │ gzip:   2.00 kB[22m
2026-10-06T21:35:10.1113220Z [2mdist/[22m[2massets/[22m[36mhorizon-BUw7H-hv.js                       [39m[1m[2m  8.78 kB[22m[1m[22m[2m │ gzip:   1.96 kB[22m
2026-10-06T21:35:10.1115240Z [2mdist/[22m[2massets/[22m[36mkotlin-BdnUsdx6.js                        [39m[1m[2m  8.79 kB[22m[1m[22m[2m │ gzip:   2.13 kB[22m
2026-10-06T21:35:10.1117290Z [2mdist/[22m[2massets/[22m[36mhorizon-bright-CUuTKBJd.js                [39m[1m[2m  8.79 kB[22m[1m[22m[2m │ gzip:   1.97 kB[22m
2026-10-06T21:35:10.1119290Z [2mdist/[22m[2massets/[22m[36mmake-CHLpvVh8.js                          [39m[1m[2m  8.96 kB[22m[1m[22m[2m │ gzip:   1.77 kB[22m
2026-10-06T21:35:10.1121230Z [2mdist/[22m[2massets/[22m[36mandromeeda-C4gqWexZ.js                    [39m[1m[2m  9.02 kB[22m[1m[22m[2m │ gzip:   2.36 kB[22m
2026-10-06T21:35:10.1123460Z [2mdist/[22m[2massets/[22m[36msas-BGn39htG.js                           [39m[1m[2m  9.06 kB[22m[1m[22m[2m │ gzip:   3.81 kB[22m
2026-10-06T21:35:10.1125500Z [2mdist/[22m[2massets/[22m[36mdark-plus-C3mMm8J8.js                     [39m[1m[2m  9.10 kB[22m[1m[22m[2m │ gzip:   2.10 kB[22m
2026-10-06T21:35:10.1128080Z [2mdist/[22m[2massets/[22m[36mslack-dark-BthQWCQV.js                    [39m[1m[2m  9.12 kB[22m[1m[22m[2m │ gzip:   1.97 kB[22m
2026-10-06T21:35:10.1130090Z [2mdist/[22m[2massets/[22m[36msmithy-cds9vsN8.js                        [39m[1m[2m  9.13 kB[22m[1m[22m[2m │ gzip:   1.53 kB[22m
2026-10-06T21:35:10.1132010Z [2mdist/[22m[2massets/[22m[36msass-Cj5Yp3dK.js                          [39m[1m[2m  9.29 kB[22m[1m[22m[2m │ gzip:   2.49 kB[22m
2026-10-06T21:35:10.1134340Z [2mdist/[22m[2massets/[22m[36mplastic-3e1v2bzS.js                       [39m[1m[2m  9.30 kB[22m[1m[22m[2m │ gzip:   1.98 kB[22m
2026-10-06T21:35:10.1136310Z [2mdist/[22m[2massets/[22m[36mslack-ochin-DqwNpetd.js                   [39m[1m[2m  9.43 kB[22m[1m[22m[2m │ gzip:   2.10 kB[22m
2026-10-06T21:35:10.1138240Z [2mdist/[22m[2massets/[22m[36mtex-D96PA37w.js                           [39m[1m[2m  9.67 kB[22m[1m[22m[2m │ gzip:   3.06 kB[22m
2026-10-06T21:35:10.1140170Z [2mdist/[22m[2massets/[22m[36mjison-wvAkD_A8.js                         [39m[1m[2m  9.69 kB[22m[1m[22m[2m │ gzip:   1.85 kB[22m
2026-10-06T21:35:10.1143200Z [2mdist/[22m[2massets/[22m[36mcmake-D1j8_8rp.js                         [39m[1m[2m  9.86 kB[22m[1m[22m[2m │ gzip:   3.37 kB[22m
2026-10-06T21:35:10.1145240Z [2mdist/[22m[2massets/[22m[36mlight-plus-B7mTdjB0.js                    [39m[1m[2m  9.94 kB[22m[1m[22m[2m │ gzip:   2.27 kB[22m
2026-10-06T21:35:10.1147180Z [2mdist/[22m[2massets/[22m[36mhcl-BWvSN4gD.js                           [39m[1m[2m 10.05 kB[22m[1m[22m[2m │ gzip:   1.93 kB[22m
2026-10-06T21:35:10.1149550Z [2mdist/[22m[2massets/[22m[36mcynefinDiagram-5FMLGOSQ-BNh775dA.js       [39m[1m[2m 10.10 kB[22m[1m[22m[2m │ gzip:   3.63 kB[22m
2026-10-06T21:35:10.1152230Z [2mdist/[22m[2massets/[22m[36mstateDiagram-D77RDMKH-CdlHAbe9.js         [39m[1m[2m 10.37 kB[22m[1m[22m[2m │ gzip:   3.63 kB[22m
2026-10-06T21:35:10.1154430Z [2mdist/[22m[2massets/[22m[36mpkl-u5AG7uiY.js                           [39m[1m[2m 10.37 kB[22m[1m[22m[2m │ gzip:   1.38 kB[22m
2026-10-06T21:35:10.1156440Z [2mdist/[22m[2massets/[22m[36mdream-maker-BtqSS_iP.js                   [39m[1m[2m 10.47 kB[22m[1m[22m[2m │ gzip:   2.25 kB[22m
2026-10-06T21:35:10.1158820Z [2mdist/[22m[2massets/[22m[36mraku-DXvB9xmW.js                          [39m[1m[2m 10.47 kB[22m[1m[22m[2m │ gzip:   2.94 kB[22m
2026-10-06T21:35:10.1162140Z [2mdist/[22m[2massets/[22m[36myaml-Buea-lGh.js                          [39m[1m[2m 10.51 kB[22m[1m[22m[2m │ gzip:   2.27 kB[22m
2026-10-06T21:35:10.1164270Z [2mdist/[22m[2massets/[22m[36mnextflow-groovy-CedDknKX.js               [39m[1m[2m 10.53 kB[22m[1m[22m[2m │ gzip:   2.17 kB[22m
2026-10-06T21:35:10.1166500Z [2mdist/[22m[2massets/[22m[36mrst-CVOjT0e7.js                           [39m[1m[2m 10.67 kB[22m[1m[22m[2m │ gzip:   2.42 kB[22m
2026-10-06T21:35:10.1168500Z [2mdist/[22m[2massets/[22m[36mdagre-GXQ25YYZ-DBJ9PiOm.js                [39m[1m[2m 10.68 kB[22m[1m[22m[2m │ gzip:   4.03 kB[22m
2026-10-06T21:35:10.1170570Z [2mdist/[22m[2massets/[22m[36mdiagram-VSXAHHWV-CcBux2xS.js              [39m[1m[2m 10.72 kB[22m[1m[22m[2m │ gzip:   4.13 kB[22m
2026-10-06T21:35:10.1172970Z [2mdist/[22m[2massets/[22m[36melm-DbKCFpqz.js                           [39m[1m[2m 10.97 kB[22m[1m[22m[2m │ gzip:   2.12 kB[22m
2026-10-06T21:35:10.1175020Z [2mdist/[22m[2massets/[22m[36mgithub-light-DAi9KRSo.js                  [39m[1m[2m 11.18 kB[22m[1m[22m[2m │ gzip:   2.51 kB[22m
2026-10-06T21:35:10.1176990Z [2mdist/[22m[2massets/[22m[36mjust-CMxyWJJc.js                          [39m[1m[2m 11.23 kB[22m[1m[22m[2m │ gzip:   2.80 kB[22m
2026-10-06T21:35:10.1178910Z [2mdist/[22m[2massets/[22m[36mprolog-CbFg5uaA.js                        [39m[1m[2m 11.36 kB[22m[1m[22m[2m │ gzip:   3.83 kB[22m
2026-10-06T21:35:10.1180890Z [2mdist/[22m[2massets/[22m[36mterraform-BETggiCN.js                     [39m[1m[2m 11.39 kB[22m[1m[22m[2m │ gzip:   2.51 kB[22m
2026-10-06T21:35:10.1182910Z [2mdist/[22m[2massets/[22m[36mgithub-dark-DHJKELXO.js                   [39m[1m[2m 11.41 kB[22m[1m[22m[2m │ gzip:   2.55 kB[22m
2026-10-06T21:35:10.1184890Z [2mdist/[22m[2massets/[22m[36mpuppet-BMWR74SV.js                        [39m[1m[2m 11.44 kB[22m[1m[22m[2m │ gzip:   2.11 kB[22m
2026-10-06T21:35:10.1186860Z [2mdist/[22m[2massets/[22m[36mlaserwave-DUszq2jm.js                     [39m[1m[2m 11.50 kB[22m[1m[22m[2m │ gzip:   2.58 kB[22m
2026-10-06T21:35:10.1188840Z [2mdist/[22m[2massets/[22m[36mgherkin-DyxjwDmM.js                       [39m[1m[2m 11.95 kB[22m[1m[22m[2m │ gzip:   5.05 kB[22m
2026-10-06T21:35:10.1190790Z [2mdist/[22m[2massets/[22m[36mwasm-MzD3tlZU.js                          [39m[1m[2m 12.01 kB[22m[1m[22m[2m │ gzip:   2.19 kB[22m
2026-10-06T21:35:10.1192700Z [2mdist/[22m[2massets/[22m[36mhjson-D5-asLiD.js                         [39m[1m[2m 12.05 kB[22m[1m[22m[2m │ gzip:   1.64 kB[22m
2026-10-06T21:35:10.1195330Z [2mdist/[22m[2massets/[22m[36msurrealql-Cjom0U5J.js                     [39m[1m[2m 12.06 kB[22m[1m[22m[2m │ gzip:   3.30 kB[22m
2026-10-06T21:35:10.1197400Z [2mdist/[22m[2massets/[22m[36mapache-Pmp26Uib.js                        [39m[1m[2m 12.46 kB[22m[1m[22m[2m │ gzip:   3.72 kB[22m
2026-10-06T21:35:10.1200100Z [2mdist/[22m[2massets/[22m[36mhandlebars-DPT5vKgj.js                    [39m[1m[2m 12.48 kB[22m[1m[22m[2m │ gzip:   2.42 kB[22m
2026-10-06T21:35:10.1202360Z [2mdist/[22m[2massets/[22m[36mvesper-DRje8inN.js                        [39m[1m[2m 12.73 kB[22m[1m[22m[2m │ gzip:   1.98 kB[22m
2026-10-06T21:35:10.1205620Z [2mdist/[22m[2massets/[22m[36mbeancount-BgSHGh8x.js                     [39m[1m[2m 12.86 kB[22m[1m[22m[2m │ gzip:   2.21 kB[22m
2026-10-06T21:35:10.1208620Z [2mdist/[22m[2massets/[22m[36mbat-CickPsom.js                           [39m[1m[2m 12.89 kB[22m[1m[22m[2m │ gzip:   3.23 kB[22m
2026-10-06T21:35:10.1211690Z [2mdist/[22m[2massets/[22m[36mfish-BvzEVeQv.js                          [39m[1m[2m 13.04 kB[22m[1m[22m[2m │ gzip:   1.74 kB[22m
2026-10-06T21:35:10.1214430Z [2mdist/[22m[2massets/[22m[36mnsis-BlV79W_Q.js                          [39m[1m[2m 13.13 kB[22m[1m[22m[2m │ gzip:   4.07 kB[22m
2026-10-06T21:35:10.1217010Z [2mdist/[22m[2massets/[22m[36mv-BGw2Nkan.js                             [39m[1m[2m 13.33 kB[22m[1m[22m[2m │ gzip:   2.77 kB[22m
2026-10-06T21:35:10.1219100Z [2mdist/[22m[2massets/[22m[36mvitesse-light-CVO1_9PV.js                 [39m[1m[2m 13.62 kB[22m[1m[22m[2m │ gzip:   3.04 kB[22m
2026-10-06T21:35:10.1221090Z [2mdist/[22m[2massets/[22m[36maurora-x-D-2ljcwZ.js                      [39m[1m[2m 13.66 kB[22m[1m[22m[2m │ gzip:   2.28 kB[22m
2026-10-06T21:35:10.1223180Z [2mdist/[22m[2massets/[22m[36mvitesse-black-Bkuqu6BP.js                 [39m[1m[2m 13.68 kB[22m[1m[22m[2m │ gzip:   3.06 kB[22m
2026-10-06T21:35:10.1225260Z [2mdist/[22m[2massets/[22m[36mvitesse-dark-D0r3Knsf.js                  [39m[1m[2m 13.76 kB[22m[1m[22m[2m │ gzip:   3.06 kB[22m
2026-10-06T21:35:10.1228040Z [2mdist/[22m[2massets/[22m[36mpug-BtYPkAgq.js                           [39m[1m[2m 13.84 kB[22m[1m[22m[2m │ gzip:   2.58 kB[22m
2026-10-06T21:35:10.1230340Z [2mdist/[22m[2massets/[22m[36msynthwave-84-CbfX1IO0.js                  [39m[1m[2m 14.04 kB[22m[1m[22m[2m │ gzip:   2.87 kB[22m
2026-10-06T21:35:10.1233120Z [2mdist/[22m[2massets/[22m[36msmalltalk-BOQMe2GC.js                     [39m[1m[2m 14.13 kB[22m[1m[22m[2m │ gzip:   2.16 kB[22m
2026-10-06T21:35:10.1236070Z [2mdist/[22m[2massets/[22m[36mgithub-light-default-D7oLnXFd.js          [39m[1m[2m 14.16 kB[22m[1m[22m[2m │ gzip:   3.04 kB[22m
2026-10-06T21:35:10.1238900Z [2mdist/[22m[2massets/[22m[36mgithub-light-high-contrast-BfjtVDDH.js    [39m[1m[2m 14.28 kB[22m[1m[22m[2m │ gzip:   3.02 kB[22m
2026-10-06T21:35:10.1241900Z [2mdist/[22m[2massets/[22m[36mclarity-Dn5IMItf.js                       [39m[1m[2m 14.36 kB[22m[1m[22m[2m │ gzip:   2.51 kB[22m
2026-10-06T21:35:10.1244520Z [2mdist/[22m[2massets/[22m[36mgithub-dark-dimmed-DH5Ifo-i.js            [39m[1m[2m 14.43 kB[22m[1m[22m[2m │ gzip:   3.13 kB[22m
2026-10-06T21:35:10.1247300Z [2mdist/[22m[2massets/[22m[36mgithub-dark-default-Cuk6v7N8.js           [39m[1m[2m 14.44 kB[22m[1m[22m[2m │ gzip:   3.13 kB[22m
2026-10-06T21:35:10.1249920Z [2mdist/[22m[2massets/[22m[36mgithub-dark-high-contrast-E3gJ1_iC.js     [39m[1m[2m 14.60 kB[22m[1m[22m[2m │ gzip:   3.09 kB[22m
2026-10-06T21:35:10.1252650Z [2mdist/[22m[2massets/[22m[36mgnuplot-DdkO51Og.js                       [39m[1m[2m 14.78 kB[22m[1m[22m[2m │ gzip:   3.27 kB[22m
2026-10-06T21:35:10.1255110Z [2mdist/[22m[2massets/[22m[36mrust-DPvrY3IQ.js                          [39m[1m[2m 15.17 kB[22m[1m[22m[2m │ gzip:   2.73 kB[22m
2026-10-06T21:35:10.1258570Z [2mdist/[22m[2massets/[22m[36mkusto-wEQ09or8.js                         [39m[1m[2m 15.17 kB[22m[1m[22m[2m │ gzip:   3.92 kB[22m
2026-10-06T21:35:10.1261240Z [2mdist/[22m[2massets/[22m[36mnix-CwoSXNpI.js                           [39m[1m[2m 15.51 kB[22m[1m[22m[2m │ gzip:   2.48 kB[22m
2026-10-06T21:35:10.1263620Z [2mdist/[22m[2massets/[22m[36mlua-BaeVxFsk.js                           [39m[1m[2m 15.54 kB[22m[1m[22m[2m │ gzip:   3.16 kB[22m
2026-10-06T21:35:10.1266380Z [2mdist/[22m[2massets/[22m[36mactionscript-3-B3316cI-.js                [39m[1m[2m 15.54 kB[22m[1m[22m[2m │ gzip:   2.71 kB[22m
2026-10-06T21:35:10.1269440Z [2mdist/[22m[2massets/[22m[36mchunk-SVP7TREG-C-_jshwc.js                [39m[1m[2m 15.73 kB[22m[1m[22m[2m │ gzip:   4.41 kB[22m
2026-10-06T21:35:10.1272760Z [2mdist/[22m[2massets/[22m[36mabap-BdImnpbu.js                          [39m[1m[2m 15.85 kB[22m[1m[22m[2m │ gzip:   5.91 kB[22m
2026-10-06T21:35:10.1275800Z [2mdist/[22m[2massets/[22m[36mdiagram-VX7I27RA-CenI9kOk.js              [39m[1m[2m 15.96 kB[22m[1m[22m[2m │ gzip:   5.70 kB[22m
2026-10-06T21:35:10.1278770Z [2mdist/[22m[2massets/[22m[36mmatlab-D7o27uSR.js                        [39m[1m[2m 16.09 kB[22m[1m[22m[2m │ gzip:   3.06 kB[22m
2026-10-06T21:35:10.1283210Z [2mdist/[22m[2massets/[22m[36mcue-D82EKSYY.js                           [39m[1m[2m 16.20 kB[22m[1m[22m[2m │ gzip:   2.06 kB[22m
2026-10-06T21:35:10.1286080Z [2mdist/[22m[2massets/[22m[36mluau-nOZpfvQi.js                          [39m[1m[2m 16.30 kB[22m[1m[22m[2m │ gzip:   3.58 kB[22m
2026-10-06T21:35:10.1288700Z [2mdist/[22m[2massets/[22m[36melixir-DkJLSxtU.js                        [39m[1m[2m 16.32 kB[22m[1m[22m[2m │ gzip:   2.80 kB[22m
2026-10-06T21:35:10.1291700Z [2mdist/[22m[2massets/[22m[36msolidity-DijEV5ha.js                      [39m[1m[2m 16.41 kB[22m[1m[22m[2m │ gzip:   3.16 kB[22m
2026-10-06T21:35:10.1294940Z [2mdist/[22m[2massets/[22m[36modin-BBf5iR-q.js                          [39m[1m[2m 16.51 kB[22m[1m[22m[2m │ gzip:   2.94 kB[22m
2026-10-06T21:35:10.1298260Z [2mdist/[22m[2massets/[22m[36mts-tags-Ls60c9xG.js                       [39m[1m[2m 16.57 kB[22m[1m[22m[2m │ gzip:   2.07 kB[22m
2026-10-06T21:35:10.1302210Z [2mdist/[22m[2massets/[22m[36mkanagawa-wave-DFGoQZhC.js                 [39m[1m[2m 17.12 kB[22m[1m[22m[2m │ gzip:   2.93 kB[22m
2026-10-06T21:35:10.1305710Z [2mdist/[22m[2massets/[22m[36mkanagawa-lotus-C3DzagqV.js                [39m[1m[2m 17.12 kB[22m[1m[22m[2m │ gzip:   2.93 kB[22m
2026-10-06T21:35:10.1309170Z [2mdist/[22m[2massets/[22m[36mkanagawa-dragon-BuwD2xS4.js               [39m[1m[2m 17.12 kB[22m[1m[22m[2m │ gzip:   2.95 kB[22m
2026-10-06T21:35:10.1312690Z [2mdist/[22m[2massets/[22m[36mishikawaDiagram-5VMMS53U-DCz6yYPF.js      [39m[1m[2m 17.47 kB[22m[1m[22m[2m │ gzip:   6.64 kB[22m
2026-10-06T21:35:10.1327330Z [2mdist/[22m[2massets/[22m[36mmove-el3G9tDJ.js                          [39m[1m[2m 17.66 kB[22m[1m[22m[2m │ gzip:   3.06 kB[22m
2026-10-06T21:35:10.1329650Z [2mdist/[22m[2massets/[22m[36mgraphql-ChdNCCLP.js                       [39m[1m[2m 18.00 kB[22m[1m[22m[2m │ gzip:   2.52 kB[22m
2026-10-06T21:35:10.1331650Z [2mdist/[22m[2massets/[22m[36mliquid-B-duXHXw.js                        [39m[1m[2m 18.09 kB[22m[1m[22m[2m │ gzip:   3.16 kB[22m
2026-10-06T21:35:10.1334080Z [2mdist/[22m[2massets/[22m[36msvelte-D84K1R2Q.js                        [39m[1m[2m 18.25 kB[22m[1m[22m[2m │ gzip:   3.15 kB[22m
2026-10-06T21:35:10.1336320Z [2mdist/[22m[2massets/[22m[36mmaterial-theme-D5KoaKCx.js                [39m[1m[2m 18.62 kB[22m[1m[22m[2m │ gzip:   3.11 kB[22m
2026-10-06T21:35:10.1339630Z [2mdist/[22m[2massets/[22m[36mmaterial-theme-darker-BfHTSMKl.js         [39m[1m[2m 18.63 kB[22m[1m[22m[2m │ gzip:   3.11 kB[22m
2026-10-06T21:35:10.1342870Z [2mdist/[22m[2massets/[22m[36mmaterial-theme-ocean-CyktbL80.js          [39m[1m[2m 18.63 kB[22m[1m[22m[2m │ gzip:   3.14 kB[22m
2026-10-06T21:35:10.1347910Z [2mdist/[22m[2massets/[22m[36mmaterial-theme-lighter-B0m2ddpp.js        [39m[1m[2m 18.63 kB[22m[1m[22m[2m │ gzip:   3.11 kB[22m
2026-10-06T21:35:10.1351030Z [2mdist/[22m[2massets/[22m[36mmaterial-theme-palenight-Csfq5Kiy.js      [39m[1m[2m 18.64 kB[22m[1m[22m[2m │ gzip:   3.13 kB[22m
2026-10-06T21:35:10.1353930Z [2mdist/[22m[2massets/[22m[36mgdscript-DqcFQ5yU.js                      [39m[1m[2m 19.09 kB[22m[1m[22m[2m │ gzip:   3.77 kB[22m
2026-10-06T21:35:10.1356590Z [2mdist/[22m[2massets/[22m[36mgroovy-gcz8RCvz.js                        [39m[1m[2m 19.18 kB[22m[1m[22m[2m │ gzip:   3.60 kB[22m
2026-10-06T21:35:10.1359500Z [2mdist/[22m[2massets/[22m[36mglimmer-js-Drrc9bTt.js                    [39m[1m[2m 20.07 kB[22m[1m[22m[2m │ gzip:   2.95 kB[22m
2026-10-06T21:35:10.1362510Z [2mdist/[22m[2massets/[22m[36mglimmer-ts-zeybXsvi.js                    [39m[1m[2m 20.07 kB[22m[1m[22m[2m │ gzip:   2.94 kB[22m
2026-10-06T21:35:10.1365120Z [2mdist/[22m[2massets/[22m[36mayu-dark-DYE7WIF3.js                      [39m[1m[2m 20.08 kB[22m[1m[22m[2m │ gzip:   3.94 kB[22m
2026-10-06T21:35:10.1367750Z [2mdist/[22m[2massets/[22m[36mayu-mirage-32ctXXKs.js                    [39m[1m[2m 20.09 kB[22m[1m[22m[2m │ gzip:   3.94 kB[22m
2026-10-06T21:35:10.1369880Z [2mdist/[22m[2massets/[22m[36mayu-light-BA47KaF1.js                     [39m[1m[2m 20.15 kB[22m[1m[22m[2m │ gzip:   3.93 kB[22m
2026-10-06T21:35:10.1371850Z [2mdist/[22m[2massets/[22m[36mpowershell-Dd0kTxKP.js                    [39m[1m[2m 20.15 kB[22m[1m[22m[2m │ gzip:   4.07 kB[22m
2026-10-06T21:35:10.1373810Z [2mdist/[22m[2massets/[22m[36mmdc-DF4WjDMn.js                           [39m[1m[2m 20.18 kB[22m[1m[22m[2m │ gzip:   6.81 kB[22m
2026-10-06T21:35:10.1375910Z [2mdist/[22m[2massets/[22m[36mkanban-definition-UXKFOSKX-BfqL7w_0.js    [39m[1m[2m 20.30 kB[22m[1m[22m[2m │ gzip:   7.21 kB[22m
2026-10-06T21:35:10.1378130Z [2mdist/[22m[2massets/[22m[36mviml-CJc9bBzg.js                          [39m[1m[2m 20.37 kB[22m[1m[22m[2m │ gzip:   6.73 kB[22m
2026-10-06T21:35:10.1380390Z [2mdist/[22m[2massets/[22m[36msnazzy-light-Bw305WKR.js                  [39m[1m[2m 20.77 kB[22m[1m[22m[2m │ gzip:   3.83 kB[22m
2026-10-06T21:35:10.1382580Z [2mdist/[22m[2massets/[22m[36mdracula-BzJJZx-M.js                       [39m[1m[2m 21.07 kB[22m[1m[22m[2m │ gzip:   4.00 kB[22m
2026-10-06T21:35:10.1384830Z [2mdist/[22m[2massets/[22m[36mdracula-soft-BXkSAIEj.js                  [39m[1m[2m 21.08 kB[22m[1m[22m[2m │ gzip:   4.04 kB[22m
2026-10-06T21:35:10.1387020Z [2mdist/[22m[2massets/[22m[36mwit-5i3qLPDT.js                           [39m[1m[2m 21.47 kB[22m[1m[22m[2m │ gzip:   2.89 kB[22m
2026-10-06T21:35:10.1389820Z [2mdist/[22m[2massets/[22m[36mrose-pine-5qJOZa0Y.js                     [39m[1m[2m 21.74 kB[22m[1m[22m[2m │ gzip:   3.88 kB[22m
2026-10-06T21:35:10.1392740Z [2mdist/[22m[2massets/[22m[36mrose-pine-moon-C9pEdX9L.js                [39m[1m[2m 21.75 kB[22m[1m[22m[2m │ gzip:   3.90 kB[22m
2026-10-06T21:35:10.1395770Z [2mdist/[22m[2massets/[22m[36mrose-pine-dawn-zx0QlTCp.js                [39m[1m[2m 21.75 kB[22m[1m[22m[2m │ gzip:   3.90 kB[22m
2026-10-06T21:35:10.1398560Z [2mdist/[22m[2massets/[22m[36mnushell-BXD5iret.js                       [39m[1m[2m 21.77 kB[22m[1m[22m[2m │ gzip:   5.44 kB[22m
2026-10-06T21:35:10.1400960Z [2mdist/[22m[2massets/[22m[36mnim-nV83PyhX.js                           [39m[1m[2m 22.46 kB[22m[1m[22m[2m │ gzip:   3.16 kB[22m
2026-10-06T21:35:10.1403570Z [2mdist/[22m[2massets/[22m[36mcommon-lisp-Cg-RD9OK.js                   [39m[1m[2m 22.58 kB[22m[1m[22m[2m │ gzip:   6.06 kB[22m
2026-10-06T21:35:10.1405900Z [2mdist/[22m[2massets/[22m[36mgruvbox-dark-hard-CFHQjOhq.js             [39m[1m[2m 22.63 kB[22m[1m[22m[2m │ gzip:   4.18 kB[22m
2026-10-06T21:35:10.1409570Z [2mdist/[22m[2massets/[22m[36mgruvbox-dark-soft-CVdnzihN.js             [39m[1m[2m 22.63 kB[22m[1m[22m[2m │ gzip:   4.17 kB[22m
2026-10-06T21:35:10.1411780Z [2mdist/[22m[2massets/[22m[36mgruvbox-light-hard-CH1njM8p.js            [39m[1m[2m 22.64 kB[22m[1m[22m[2m │ gzip:   4.18 kB[22m
2026-10-06T21:35:10.1413910Z [2mdist/[22m[2massets/[22m[36mgruvbox-light-soft-hJgmCMqR.js            [39m[1m[2m 22.64 kB[22m[1m[22m[2m │ gzip:   4.18 kB[22m
2026-10-06T21:35:10.1416360Z [2mdist/[22m[2massets/[22m[36mgruvbox-dark-medium-GsRaNv29.js           [39m[1m[2m 22.64 kB[22m[1m[22m[2m │ gzip:   4.18 kB[22m
2026-10-06T21:35:10.1418820Z [2mdist/[22m[2massets/[22m[36mgruvbox-light-medium-DRw_LuNl.js          [39m[1m[2m 22.64 kB[22m[1m[22m[2m │ gzip:   4.18 kB[22m
2026-10-06T21:35:10.1420980Z [2mdist/[22m[2massets/[22m[36mmindmap-definition-YA3MSWOX-B_Ix6xuA.js   [39m[1m[2m 23.18 kB[22m[1m[22m[2m │ gzip:   7.83 kB[22m
2026-10-06T21:35:10.1423410Z [2mdist/[22m[2massets/[22m[36msankeyDiagram-P5KCCOFB-DwtJo_TO.js        [39m[1m[2m 23.20 kB[22m[1m[22m[2m │ gzip:   8.56 kB[22m
2026-10-06T21:35:10.1427020Z [2mdist/[22m[2massets/[22m[36mjourneyDiagram-3NMN7TZE-DIEEoj9H.js       [39m[1m[2m 23.57 kB[22m[1m[22m[2m │ gzip:   8.35 kB[22m
2026-10-06T21:35:10.1429950Z [2mdist/[22m[2massets/[22m[36mcadence-Bv_4Rxtq.js                       [39m[1m[2m 23.67 kB[22m[1m[22m[2m │ gzip:   3.67 kB[22m
2026-10-06T21:35:10.1432560Z [2mdist/[22m[2massets/[22m[36msql-DkvoVjww.js                           [39m[1m[2m 23.67 kB[22m[1m[22m[2m │ gzip:   7.48 kB[22m
2026-10-06T21:35:10.1435240Z [2mdist/[22m[2massets/[22m[36mastro-DTjqU0_L.js                         [39m[1m[2m 24.01 kB[22m[1m[22m[2m │ gzip:   7.55 kB[22m
2026-10-06T21:35:10.1437870Z [2mdist/[22m[2massets/[22m[36mapl-ChzvTHjC.js                           [39m[1m[2m 24.04 kB[22m[1m[22m[2m │ gzip:   4.20 kB[22m
2026-10-06T21:35:10.1440780Z [2mdist/[22m[2massets/[22m[36mtempl-Vpw5XpSW.js                         [39m[1m[2m 24.06 kB[22m[1m[22m[2m │ gzip:   5.40 kB[22m
2026-10-06T21:35:10.1443350Z [2mdist/[22m[2massets/[22m[36mvhdl-CeAyd5Ju.js                          [39m[1m[2m 24.26 kB[22m[1m[22m[2m │ gzip:   3.87 kB[22m
2026-10-06T21:35:10.1445470Z [2mdist/[22m[2massets/[22m[36mangular-html-D_SYSyRt.js                  [39m[1m[2m 24.29 kB[22m[1m[22m[2m │ gzip:   4.01 kB[22m
2026-10-06T21:35:10.1447510Z [2mdist/[22m[2massets/[22m[36mpurescript-CklMAg4u.js                    [39m[1m[2m 24.69 kB[22m[1m[22m[2m │ gzip:   3.25 kB[22m
2026-10-06T21:35:10.1449490Z [2mdist/[22m[2massets/[22m[36mvue-DSqPwMUe.js                           [39m[1m[2m 24.96 kB[22m[1m[22m[2m │ gzip:   3.04 kB[22m
2026-10-06T21:35:10.1451540Z [2mdist/[22m[2massets/[22m[36mone-light-C3Wv6jpd.js                     [39m[1m[2m 25.30 kB[22m[1m[22m[2m │ gzip:   3.67 kB[22m
2026-10-06T21:35:10.1453590Z [2mdist/[22m[2massets/[22m[36mfsharp-CXgrBDvD.js                        [39m[1m[2m 25.31 kB[22m[1m[22m[2m │ gzip:   4.13 kB[22m
2026-10-06T21:35:10.1455530Z [2mdist/[22m[2massets/[22m[36mtwig-D9-LOF2p.js                          [39m[1m[2m 25.31 kB[22m[1m[22m[2m │ gzip:   4.21 kB[22m
2026-10-06T21:35:10.1457910Z [2mdist/[22m[2massets/[22m[36mwardleyDiagram-VM6X3IG4-BqUFGpH4.js       [39m[1m[2m 25.50 kB[22m[1m[22m[2m │ gzip:   6.79 kB[22m
2026-10-06T21:35:10.1460530Z [2mdist/[22m[2massets/[22m[36mmarko-BYgDmDgU.js                         [39m[1m[2m 25.72 kB[22m[1m[22m[2m │ gzip:   3.66 kB[22m
2026-10-06T21:35:10.1462660Z [2mdist/[22m[2massets/[22m[36mnight-owl-light-CMTm3GFP.js               [39m[1m[2m 25.90 kB[22m[1m[22m[2m │ gzip:   4.26 kB[22m
2026-10-06T21:35:10.1465320Z [2mdist/[22m[2massets/[22m[36mc3-Dp5svz6Z.js                            [39m[1m[2m 26.39 kB[22m[1m[22m[2m │ gzip:   3.99 kB[22m
2026-10-06T21:35:10.1468080Z [2mdist/[22m[2massets/[22m[36msystem-verilog-0hqHdDBg.js                [39m[1m[2m 26.56 kB[22m[1m[22m[2m │ gzip:   4.88 kB[22m
2026-10-06T21:35:10.1470400Z [2mdist/[22m[2massets/[22m[36mnord-Ddv68eIx.js                          [39m[1m[2m 26.72 kB[22m[1m[22m[2m │ gzip:   4.40 kB[22m
2026-10-06T21:35:10.1473090Z [2mdist/[22m[2massets/[22m[36mcodeql-DsOJ9woJ.js                        [39m[1m[2m 26.88 kB[22m[1m[22m[2m │ gzip:   3.79 kB[22m
2026-10-06T21:35:10.1475970Z [2mdist/[22m[2massets/[22m[36mtypespec-ClX509-Q.js                      [39m[1m[2m 27.00 kB[22m[1m[22m[2m │ gzip:   2.76 kB[22m
2026-10-06T21:35:10.1478840Z [2mdist/[22m[2massets/[22m[36mscss-Cw6XMfVs.js                          [39m[1m[2m 27.20 kB[22m[1m[22m[2m │ gzip:   4.20 kB[22m
2026-10-06T21:35:10.1481660Z [2mdist/[22m[2massets/[22m[36mjava-CylS5w8V.js                          [39m[1m[2m 27.22 kB[22m[1m[22m[2m │ gzip:   4.26 kB[22m
2026-10-06T21:35:10.1484230Z [2mdist/[22m[2massets/[22m[36mcoffee-Ch7k5sss.js                        [39m[1m[2m 27.42 kB[22m[1m[22m[2m │ gzip:   6.35 kB[22m
2026-10-06T21:35:10.1486950Z [2mdist/[22m[2massets/[22m[36mrazor-CyjPwjZj.js                         [39m[1m[2m 27.51 kB[22m[1m[22m[2m │ gzip:   3.57 kB[22m
2026-10-06T21:35:10.1488920Z [2mdist/[22m[2massets/[22m[36mscala-CqE71os6.js                         [39m[1m[2m 28.89 kB[22m[1m[22m[2m │ gzip:   3.94 kB[22m
2026-10-06T21:35:10.1490950Z [2mdist/[22m[2massets/[22m[36mnight-owl-C39BiMTA.js                     [39m[1m[2m 28.91 kB[22m[1m[22m[2m │ gzip:   5.16 kB[22m
2026-10-06T21:35:10.1492940Z [2mdist/[22m[2massets/[22m[36mcrystal-LUwhHfY5.js                       [39m[1m[2m 29.39 kB[22m[1m[22m[2m │ gzip:   4.45 kB[22m
2026-10-06T21:35:10.1495450Z [2mdist/[22m[2massets/[22m[36mgitGraphDiagram-WWUBYQGX-BYmF1fPo.js      [39m[1m[2m 29.42 kB[22m[1m[22m[2m │ gzip:   8.70 kB[22m
2026-10-06T21:35:10.1498630Z [2mdist/[22m[2massets/[22m[36mapplescript-Co6uUVPk.js                   [39m[1m[2m 29.57 kB[22m[1m[22m[2m │ gzip:   5.93 kB[22m
2026-10-06T21:35:10.1501670Z [2mdist/[22m[2massets/[22m[36merDiagram-RLTQ6QDP-C11v4BrV.js            [39m[1m[2m 30.79 kB[22m[1m[22m[2m │ gzip:  10.59 kB[22m
2026-10-06T21:35:10.1504840Z [2mdist/[22m[2massets/[22m[36mtimeline-definition-24CTP7MA-mW6NuLip.js  [39m[1m[2m 30.84 kB[22m[1m[22m[2m │ gzip:  10.15 kB[22m
2026-10-06T21:35:10.1507870Z [2mdist/[22m[2massets/[22m[36mrequirementDiagram-BXWQKSXE-C9i98qcr.js   [39m[1m[2m 31.00 kB[22m[1m[22m[2m │ gzip:   9.73 kB[22m
2026-10-06T21:35:10.1510080Z [2mdist/[22m[2massets/[22m[36mstylus-BEDo0Tqx.js                        [39m[1m[2m 31.07 kB[22m[1m[22m[2m │ gzip:   7.99 kB[22m
2026-10-06T21:35:10.1512010Z [2mdist/[22m[2massets/[22m[36mjulia-Cu79e8SL.js                         [39m[1m[2m 31.29 kB[22m[1m[22m[2m │ gzip:   4.37 kB[22m
2026-10-06T21:35:10.1514460Z [2mdist/[22m[2massets/[22m[36mahk-BrbAagtO.js                           [39m[1m[2m 31.45 kB[22m[1m[22m[2m │ gzip:   7.81 kB[22m
2026-10-06T21:35:10.1516530Z [2mdist/[22m[2massets/[22m[36mpoimandres-CS3Unz2-.js                    [39m[1m[2m 33.49 kB[22m[1m[22m[2m │ gzip:   5.50 kB[22m
2026-10-06T21:35:10.1519150Z [2mdist/[22m[2massets/[22m[36mbsl-DlhNcFeZ.js                           [39m[1m[2m 33.95 kB[22m[1m[22m[2m │ gzip:   8.36 kB[22m
2026-10-06T21:35:10.1521450Z [2mdist/[22m[2massets/[22m[36mquadrantDiagram-AXDQQJYC-BOzng_oh.js      [39m[1m[2m 34.01 kB[22m[1m[22m[2m │ gzip:   9.98 kB[22m
2026-10-06T21:35:10.1524420Z [2mdist/[22m[2massets/[22m[36mnginx-BpAMiNFr.js                         [39m[1m[2m 35.37 kB[22m[1m[22m[2m │ gzip:   4.43 kB[22m
2026-10-06T21:35:10.1527170Z [2mdist/[22m[2massets/[22m[36mhouston-DnULxvSX.js                       [39m[1m[2m 35.42 kB[22m[1m[22m[2m │ gzip:   5.78 kB[22m
2026-10-06T21:35:10.1529940Z [2mdist/[22m[2massets/[22m[36mlayout-B2pWYY9-.js                        [39m[1m[2m 35.44 kB[22m[1m[22m[2m │ gzip:  12.75 kB[22m
2026-10-06T21:35:10.1531960Z [2mdist/[22m[2massets/[22m[36mtokyo-night-hegEt444.js                   [39m[1m[2m 35.67 kB[22m[1m[22m[2m │ gzip:   6.24 kB[22m
2026-10-06T21:35:10.1533990Z [2mdist/[22m[2massets/[22m[36mhaxe-CfZj7gIn.js                          [39m[1m[2m 35.95 kB[22m[1m[22m[2m │ gzip:   6.01 kB[22m
2026-10-06T21:35:10.1537070Z [2mdist/[22m[2massets/[22m[36morg-6a7ccXN_.js                           [39m[1m[2m 36.32 kB[22m[1m[22m[2m │ gzip:   3.70 kB[22m
2026-10-06T21:35:10.1539480Z [2mdist/[22m[2massets/[22m[36mone-dark-pro-CxGP3dtY.js                  [39m[1m[2m 37.06 kB[22m[1m[22m[2m │ gzip:   6.11 kB[22m
2026-10-06T21:35:10.1542680Z [2mdist/[22m[2massets/[22m[36merlang-DsQrWhSR.js                        [39m[1m[2m 37.48 kB[22m[1m[22m[2m │ gzip:   4.40 kB[22m
2026-10-06T21:35:10.1545670Z [2mdist/[22m[2massets/[22m[36mchunk-IMKFNOWR-C9iztqsZ.js                [39m[1m[2m 38.11 kB[22m[1m[22m[2m │ gzip:  12.53 kB[22m
2026-10-06T21:35:10.1549570Z [2mdist/[22m[2massets/[22m[36mbird2-Bx8U0n9b.js                         [39m[1m[2m 38.68 kB[22m[1m[22m[2m │ gzip:   8.50 kB[22m
2026-10-06T21:35:10.1551750Z [2mdist/[22m[2massets/[22m[36mcobol-BBKr1ja6.js                         [39m[1m[2m 39.13 kB[22m[1m[22m[2m │ gzip:  10.86 kB[22m
2026-10-06T21:35:10.1553830Z [2mdist/[22m[2massets/[22m[36masm-D_Q5rh1f.js                           [39m[1m[2m 40.72 kB[22m[1m[22m[2m │ gzip:   8.21 kB[22m
2026-10-06T21:35:10.1555870Z [2mdist/[22m[2massets/[22m[36mshellscript-Yzrsuije.js                   [39m[1m[2m 41.48 kB[22m[1m[22m[2m │ gzip:   6.09 kB[22m
2026-10-06T21:35:10.1558120Z [2mdist/[22m[2massets/[22m[36mhaskell-Df6bDoY_.js                       [39m[1m[2m 41.49 kB[22m[1m[22m[2m │ gzip:   6.44 kB[22m
2026-10-06T21:35:10.1560330Z [2mdist/[22m[2massets/[22m[36mblockDiagram-I7D4REHJ--3MbKKbn.js         [39m[1m[2m 41.76 kB[22m[1m[22m[2m │ gzip:  13.58 kB[22m
2026-10-06T21:35:10.1562470Z [2mdist/[22m[2massets/[22m[36mvennDiagram-4TSXK5OY-CuJerX2C.js          [39m[1m[2m 41.96 kB[22m[1m[22m[2m │ gzip:  15.70 kB[22m
2026-10-06T21:35:10.1564610Z [2mdist/[22m[2massets/[22m[36mperl-5klg-GXX.js                          [39m[1m[2m 43.16 kB[22m[1m[22m[2m │ gzip:   4.67 kB[22m
2026-10-06T21:35:10.1566870Z [2mdist/[22m[2massets/[22m[36md-85-TOEBH.js                             [39m[1m[2m 43.80 kB[22m[1m[22m[2m │ gzip:   8.47 kB[22m
2026-10-06T21:35:10.1569860Z [2mdist/[22m[2massets/[22m[36mxychartDiagram-S5SC5T6Z-ulGzTtn9.js       [39m[1m[2m 44.51 kB[22m[1m[22m[2m │ gzip:  12.61 kB[22m
2026-10-06T21:35:10.1572510Z [2mdist/[22m[2massets/[22m[36mahk2-8Zs4aa1G.js                          [39m[1m[2m 45.07 kB[22m[1m[22m[2m │ gzip:   9.88 kB[22m
2026-10-06T21:35:10.1575990Z [2mdist/[22m[2massets/[22m[36mruby-C8rp0wew.js                          [39m[1m[2m 46.76 kB[22m[1m[22m[2m │ gzip:   5.83 kB[22m
2026-10-06T21:35:10.1578510Z [2mdist/[22m[2massets/[22m[36mgo-C27-OAKa.js                            [39m[1m[2m 46.82 kB[22m[1m[22m[2m │ gzip:   5.18 kB[22m
2026-10-06T21:35:10.1580630Z [2mdist/[22m[2massets/[22m[36mapex-DhZFqWV2.js                          [39m[1m[2m 47.89 kB[22m[1m[22m[2m │ gzip:   6.90 kB[22m
2026-10-06T21:35:10.1582860Z [2mdist/[22m[2massets/[22m[36mada-BIOnG6TC.js                           [39m[1m[2m 48.08 kB[22m[1m[22m[2m │ gzip:   6.03 kB[22m
2026-10-06T21:35:10.1585240Z [2mdist/[22m[2massets/[22m[36mchunk-TICWLB2K-Dy-UYYod.js                [39m[1m[2m 49.21 kB[22m[1m[22m[2m │ gzip:  15.76 kB[22m
2026-10-06T21:35:10.1588610Z [2mdist/[22m[2massets/[22m[36mimba-DGztddWO.js                          [39m[1m[2m 49.93 kB[22m[1m[22m[2m │ gzip:   9.46 kB[22m
2026-10-06T21:35:10.1591800Z [2mdist/[22m[2massets/[22m[36mcatppuccin-mocha-Ct7hS0mc.js              [39m[1m[2m 50.85 kB[22m[1m[22m[2m │ gzip:   8.49 kB[22m
2026-10-06T21:35:10.1594680Z [2mdist/[22m[2massets/[22m[36mcatppuccin-latte-DH-8KZSZ.js              [39m[1m[2m 50.85 kB[22m[1m[22m[2m │ gzip:   8.49 kB[22m
2026-10-06T21:35:10.1596920Z [2mdist/[22m[2massets/[22m[36mcatppuccin-frappe-CZL1YF0i.js             [39m[1m[2m 50.85 kB[22m[1m[22m[2m │ gzip:   8.51 kB[22m
2026-10-06T21:35:10.1600430Z [2mdist/[22m[2massets/[22m[36mcatppuccin-macchiato-B7yYVSCf.js          [39m[1m[2m 50.86 kB[22m[1m[22m[2m │ gzip:   8.50 kB[22m
2026-10-06T21:35:10.1602500Z [2mdist/[22m[2massets/[22m[36mcss-Z72CF80r.js                           [39m[1m[2m 53.37 kB[22m[1m[22m[2m │ gzip:  12.44 kB[22m
2026-10-06T21:35:10.1604470Z [2mdist/[22m[2massets/[22m[36meverforest-dark-BgDCqdQA.js               [39m[1m[2m 53.75 kB[22m[1m[22m[2m │ gzip:   8.42 kB[22m
2026-10-06T21:35:10.1606550Z [2mdist/[22m[2massets/[22m[36meverforest-light-C8M2exoo.js              [39m[1m[2m 53.75 kB[22m[1m[22m[2m │ gzip:   8.42 kB[22m
2026-10-06T21:35:10.1609100Z [2mdist/[22m[2massets/[22m[36mmermaid-CQcHuHx7.js                       [39m[1m[2m 54.81 kB[22m[1m[22m[2m │ gzip:   4.81 kB[22m
2026-10-06T21:35:10.1611150Z [2mdist/[22m[2massets/[22m[36mwikitext-BhOHFoWU.js                      [39m[1m[2m 55.89 kB[22m[1m[22m[2m │ gzip:   4.76 kB[22m
2026-10-06T21:35:10.1613210Z [2mdist/[22m[2massets/[22m[36mstata-DACIj5bg.js                         [39m[1m[2m 56.99 kB[22m[1m[22m[2m │ gzip:  12.36 kB[22m
2026-10-06T21:35:10.1615150Z [2mdist/[22m[2massets/[22m[36mhtml-BlS82ilI.js                          [39m[1m[2m 57.25 kB[22m[1m[22m[2m │ gzip:  11.69 kB[22m
2026-10-06T21:35:10.1617080Z [2mdist/[22m[2massets/[22m[36mballerina-BFfxhgS-.js                     [39m[1m[2m 58.69 kB[22m[1m[22m[2m │ gzip:   8.15 kB[22m
2026-10-06T21:35:10.1619050Z [2mdist/[22m[2massets/[22m[36mmarkdown-Cvjx9yec.js                      [39m[1m[2m 59.34 kB[22m[1m[22m[2m │ gzip:   5.64 kB[22m
2026-10-06T21:35:10.1621320Z [2mdist/[22m[2massets/[22m[36mflowDiagram-HODETNUW-D2UmWm2m.js          [39m[1m[2m 61.88 kB[22m[1m[22m[2m │ gzip:  19.89 kB[22m
2026-10-06T21:35:10.1623400Z [2mdist/[22m[2massets/[22m[36mocaml-C0hk2d4L.js                         [39m[1m[2m 62.45 kB[22m[1m[22m[2m │ gzip:   5.02 kB[22m
2026-10-06T21:35:10.1625400Z [2mdist/[22m[2massets/[22m[36mc4Diagram-7LVT6UL2-D6Kz6980.js            [39m[1m[2m 65.47 kB[22m[1m[22m[2m │ gzip:  18.79 kB[22m
2026-10-06T21:35:10.1627380Z [2mdist/[22m[2massets/[22m[36mmojo-DJz3ZmWd.js                          [39m[1m[2m 69.52 kB[22m[1m[22m[2m │ gzip:   9.27 kB[22m
2026-10-06T21:35:10.1629390Z [2mdist/[22m[2massets/[22m[36mganttDiagram-EL5Y4UJY-50iHyRn3.js         [39m[1m[2m 69.69 kB[22m[1m[22m[2m │ gzip:  23.55 kB[22m
2026-10-06T21:35:10.1631570Z [2mdist/[22m[2massets/[22m[36mpython-B6aJPvgy.js                        [39m[1m[2m 69.95 kB[22m[1m[22m[2m │ gzip:   9.13 kB[22m
2026-10-06T21:35:10.1635070Z [2mdist/[22m[2massets/[22m[36mc-BIGW1oBm.js                             [39m[1m[2m 72.11 kB[22m[1m[22m[2m │ gzip:  10.51 kB[22m
2026-10-06T21:35:10.1637820Z [2mdist/[22m[2massets/[22m[36mlatex-DJVikpzR.js                         [39m[1m[2m 73.27 kB[22m[1m[22m[2m │ gzip:   6.82 kB[22m
2026-10-06T21:35:10.1640420Z [2mdist/[22m[2massets/[22m[36mvyper-CDx5xZoG.js                         [39m[1m[2m 74.65 kB[22m[1m[22m[2m │ gzip:  10.74 kB[22m
2026-10-06T21:35:10.1642950Z [2mdist/[22m[2massets/[22m[36mhack-Ck6-gGSS.js                          [39m[1m[2m 81.13 kB[22m[1m[22m[2m │ gzip:  26.38 kB[22m
2026-10-06T21:35:10.1645590Z [2mdist/[22m[2massets/[22m[36mcose-bilkent-JH36ORCC-BoaP8ffR.js         [39m[1m[2m 81.70 kB[22m[1m[22m[2m │ gzip:  22.48 kB[22m
2026-10-06T21:35:10.1648690Z [2mdist/[22m[2massets/[22m[36mswift-C2oV4EkX.js                         [39m[1m[2m 87.23 kB[22m[1m[22m[2m │ gzip:  14.84 kB[22m
2026-10-06T21:35:10.1650930Z [2mdist/[22m[2massets/[22m[36mfortran-free-form-BxgE0vQu.js             [39m[1m[2m 88.97 kB[22m[1m[22m[2m │ gzip:  11.27 kB[22m
2026-10-06T21:35:10.1653270Z [2mdist/[22m[2massets/[22m[36mcsharp-B_TYUkTI.js                        [39m[1m[2m 91.44 kB[22m[1m[22m[2m │ gzip:  10.84 kB[22m
2026-10-06T21:35:10.1655970Z [2mdist/[22m[2massets/[22m[36mracket-BqYA7rlc.js                        [39m[1m[2m 92.39 kB[22m[1m[22m[2m │ gzip:  15.02 kB[22m
2026-10-06T21:35:10.1658710Z [2mdist/[22m[2massets/[22m[36mless-B1dDrJ26.js                          [39m[1m[2m 97.63 kB[22m[1m[22m[2m │ gzip:  14.70 kB[22m
2026-10-06T21:35:10.1661610Z [2mdist/[22m[2massets/[22m[36mblade-k33SngOZ.js                         [39m[1m[2m104.98 kB[22m[1m[22m[2m │ gzip:  28.20 kB[22m
2026-10-06T21:35:10.1664430Z [2mdist/[22m[2massets/[22m[36mobjective-c-DXmwc3jG.js                   [39m[1m[2m105.41 kB[22m[1m[22m[2m │ gzip:  23.33 kB[22m
2026-10-06T21:35:10.1668390Z [2mdist/[22m[2massets/[22m[36mphp-DoruYMF0.js                           [39m[1m[2m113.13 kB[22m[1m[22m[2m │ gzip:  28.73 kB[22m
2026-10-06T21:35:10.1671580Z [2mdist/[22m[2massets/[22m[36mswimlanes-42K2YHIH-BdJ0LRlL.js            [39m[1m[2m115.79 kB[22m[1m[22m[2m │ gzip:  42.51 kB[22m
2026-10-06T21:35:10.1674790Z [2mdist/[22m[2massets/[22m[36msequenceDiagram-WJ2MYXX4-CEuvbsH4.js      [39m[1m[2m116.97 kB[22m[1m[22m[2m │ gzip:  31.14 kB[22m
2026-10-06T21:35:10.1677460Z [2mdist/[22m[2massets/[22m[36masciidoc-CSVQ5wI8.js                      [39m[1m[2m136.05 kB[22m[1m[22m[2m │ gzip:   9.50 kB[22m
2026-10-06T21:35:10.1679530Z [2mdist/[22m[2massets/[22m[36mmdx-Cmh6b_Ma.js                           [39m[1m[2m136.11 kB[22m[1m[22m[2m │ gzip:  23.35 kB[22m
2026-10-06T21:35:10.1682030Z [2mdist/[22m[2massets/[22m[36marchitectureDiagram-5GKGNRK7-cDa105zn.js  [39m[1m[2m151.82 kB[22m[1m[22m[2m │ gzip:  43.14 kB[22m
2026-10-06T21:35:10.1684880Z [2mdist/[22m[2massets/[22m[36mtypst-DamkJZ1Q.js                         [39m[1m[2m163.55 kB[22m[1m[22m[2m │ gzip:  10.98 kB[22m
2026-10-06T21:35:10.1687380Z [2mdist/[22m[2massets/[22m[36mobjective-cpp-CLxacb5B.js                 [39m[1m[2m171.97 kB[22m[1m[22m[2m │ gzip:  30.62 kB[22m
2026-10-06T21:35:10.1689810Z [2mdist/[22m[2massets/[22m[36mjavascript-wDzz0qaB.js                    [39m[1m[2m174.83 kB[22m[1m[22m[2m │ gzip:  16.51 kB[22m
2026-10-06T21:35:10.1693330Z [2mdist/[22m[2massets/[22m[36mtsx-COt5Ahok.js                           [39m[1m[2m175.54 kB[22m[1m[22m[2m │ gzip:  16.51 kB[22m
2026-10-06T21:35:10.1696160Z [2mdist/[22m[2massets/[22m[36mjsx-g9-lgVsj.js                           [39m[1m[2m177.79 kB[22m[1m[22m[2m │ gzip:  16.61 kB[22m
2026-10-06T21:35:10.1699510Z [2mdist/[22m[2massets/[22m[36mtypescript-BPQ3VLAy.js                    [39m[1m[2m181.08 kB[22m[1m[22m[2m │ gzip:  16.04 kB[22m
2026-10-06T21:35:10.1702370Z [2mdist/[22m[2massets/[22m[36mangular-ts-DGq0tZX5.js                    [39m[1m[2m183.82 kB[22m[1m[22m[2m │ gzip:  16.63 kB[22m
2026-10-06T21:35:10.1704760Z [2mdist/[22m[2massets/[22m[36mvue-vine-C0RcJ6UU.js                      [39m[1m[2m190.05 kB[22m[1m[22m[2m │ gzip:  17.98 kB[22m
2026-10-06T21:35:10.1707130Z [2mdist/[22m[2massets/[22m[36mkatex-HP8lGamR.js                         [39m[1m[2m261.31 kB[22m[1m[22m[2m │ gzip:  77.57 kB[22m
2026-10-06T21:35:10.1710010Z [2mdist/[22m[2massets/[22m[36mwolfram-lXgVvXCa.js                       [39m[1m[2m262.39 kB[22m[1m[22m[2m │ gzip:  77.14 kB[22m
2026-10-06T21:35:10.1712070Z [2mdist/[22m[2massets/[22m[36mcytoscape.esm-BB4DxJjf.js                 [39m[1m[2m443.04 kB[22m[1m[22m[2m │ gzip: 141.98 kB[22m
2026-10-06T21:35:10.1714520Z [2mdist/[22m[2massets/[22m[36mwasm-CG6Dc4jp.js                          [39m[1m[33m622.34 kB[39m[22m[2m │ gzip: 230.29 kB[22m
2026-10-06T21:35:10.1716460Z [2mdist/[22m[2massets/[22m[36mmermaid.core-BTy-rnv4.js                  [39m[1m[33m653.58 kB[39m[22m[2m │ gzip: 158.05 kB[22m
2026-10-06T21:35:10.1718490Z [2mdist/[22m[2massets/[22m[36mcynefin-OW5HDTMX-CcQKEihN.js              [39m[1m[33m688.15 kB[39m[22m[2m │ gzip: 154.16 kB[22m
2026-10-06T21:35:10.1720460Z [2mdist/[22m[2massets/[22m[36mindex-DRXQyUs7.js                         [39m[1m[33m755.39 kB[39m[22m[2m │ gzip: 233.42 kB[22m
2026-10-06T21:35:10.1722350Z [2mdist/[22m[2massets/[22m[36mcpp-BMRokrvK.js                           [39m[1m[33m785.49 kB[39m[22m[2m │ gzip:  53.20 kB[22m
2026-10-06T21:35:10.1724510Z [2mdist/[22m[2massets/[22m[36memacs-lisp-DaIrSCgJ.js                    [39m[1m[33m790.02 kB[39m[22m[2m │ gzip: 198.84 kB[22m
2026-10-06T21:35:10.1725740Z [32m✓ built in 19.40s[39m
2026-10-06T21:35:10.7432970Z   • electron-builder  version=26.15.3 os=24.6.0
2026-10-06T21:35:10.7497200Z   • loaded configuration  file=package.json ("build" field)
2026-10-06T21:35:11.8335740Z   • executing @electron/rebuild  electronVersion=44.5.1 arch=x64 buildFromSource=false workspaceRoot=/Users/runner/work/ea-md-reader/ea-md-reader projectDir=./ appDir=./
2026-10-06T21:35:11.8351120Z   • installing native dependencies  arch=x64
2026-10-06T21:35:12.0878120Z   • completed installing native dependencies
2026-10-06T21:35:12.0937560Z   • packaging       platform=darwin arch=x64 electron=44.5.1 appOutDir=release/mac
2026-10-06T21:35:12.4216050Z   • downloaded      label=electron progress=100%
2026-10-06T21:35:21.3544100Z   • downloaded electron zip extracted successfully  output=/Users/runner/work/ea-md-reader/ea-md-reader/release/mac
2026-10-06T21:35:21.4131980Z   • searching for node modules  pm=npm searchDir=/Users/runner/work/ea-md-reader/ea-md-reader
2026-10-06T21:35:22.1701800Z   • searching for node modules  pm=traversal searchDir=/Users/runner/work/ea-md-reader/ea-md-reader
2026-10-06T21:35:22.2355510Z   • using manual traversal of node_modules to build dependency tree
2026-10-06T21:35:22.2395730Z   • no node modules returned while searching directories  searchDirectories=[""]
2026-10-06T21:35:24.3243120Z   • downloaded      label=icons-bundle.tar.gz progress=100%
2026-10-06T21:35:27.8520780Z   • There are serious security concerns with CSC_FOR_PULL_REQUEST=true (see the  CircleCI documentation (https://circleci.com/docs/1.0/fork-pr-builds/) for details)
2026-10-06T21:35:27.8603630Z If you have SSH keys, sensitive env vars or AWS credentials stored in your project settings and untrusted forks can make pull requests against your repo, then this option isn't for you.
2026-10-06T21:35:27.8867510Z   • signing         file=release/mac/emd.app platform=darwin type=distribution identityName=- identityHash=none provisioningProfile=none
2026-10-06T21:36:19.3769990Z   • skipped macOS notarization  reason=`notarize` options were set explicitly `false`
2026-10-06T21:36:19.3787170Z   • building        target=macOS zip arch=x64 file=release/emd-0.1.0-mac-x64.zip
2026-10-06T21:36:19.3792550Z   • building        target=DMG arch=x64 file=release/emd-0.1.0-mac-x64.dmg
2026-10-06T21:36:19.7196720Z   • downloaded      label=dmgbuild-bundle-x86_64-75c8a6c.tar.gz progress=100%
2026-10-06T21:36:42.1250870Z   • building block map  blockMapFile=release/emd-0.1.0-mac-x64.dmg.blockmap
2026-10-06T21:36:42.2107810Z   • building block map  blockMapFile=release/emd-0.1.0-mac-x64.zip.blockmap
2026-10-06T21:36:56.8739170Z ##[group]Run npm run test:node
2026-10-06T21:36:56.8739850Z [36;1mnpm run test:node[0m
2026-10-06T21:36:56.8840230Z shell: /bin/bash -e {0}
2026-10-06T21:36:56.8840660Z env:
2026-10-06T21:36:56.8841010Z   CSC_IDENTITY_AUTO_DISCOVERY: false
2026-10-06T21:36:56.8841510Z   CSC_FOR_PULL_REQUEST: true
2026-10-06T21:36:56.8841940Z   XDG_CURRENT_DESKTOP: 
2026-10-06T21:36:56.8842810Z ##[endgroup]
2026-10-06T21:36:57.1898350Z 
2026-10-06T21:36:57.1899010Z > emd@0.1.0 test:node
2026-10-06T21:36:57.1900760Z > node --test tests/files.test.cjs tests/platforms.test.mjs tests/mac-platform.test.mjs tests/commands.test.cjs tests/runtime-platforms.test.cjs
2026-10-06T21:36:57.1901910Z 
2026-10-06T21:36:57.4037420Z TAP version 13
2026-10-06T21:36:57.5063950Z # Subtest: linux 命令映射保留主要键、精确修饰键与共同 Ctrl+Tab
2026-10-06T21:36:57.6059610Z ok 1 - linux 命令映射保留主要键、精确修饰键与共同 Ctrl+Tab
2026-10-06T21:36:57.7062370Z   ---
2026-10-06T21:36:57.7697970Z   duration_ms: 4.837967
2026-10-06T21:36:57.7751930Z   type: 'test'
2026-10-06T21:36:57.7879810Z   ...
2026-10-06T21:36:57.8016410Z # Subtest: linux 主键盘与小键盘缩放不消费无关 Shift 组合
2026-10-06T21:36:57.8953600Z ok 2 - linux 主键盘与小键盘缩放不消费无关 Shift 组合
2026-10-06T21:36:57.9956670Z   ---
2026-10-06T21:36:58.1029750Z   duration_ms: 0.444278
2026-10-06T21:36:58.1287030Z   type: 'test'
2026-10-06T21:36:58.1372140Z   ...
2026-10-06T21:36:58.1432410Z # Subtest: win32 命令映射保留主要键、精确修饰键与共同 Ctrl+Tab
2026-10-06T21:36:58.1499490Z ok 3 - win32 命令映射保留主要键、精确修饰键与共同 Ctrl+Tab
2026-10-06T21:36:58.1552650Z   ---
2026-10-06T21:36:58.1615060Z   duration_ms: 0.683789
2026-10-06T21:36:58.1694810Z   type: 'test'
2026-10-06T21:36:58.1770560Z   ...
2026-10-06T21:36:58.2777070Z # Subtest: win32 主键盘与小键盘缩放不消费无关 Shift 组合
2026-10-06T21:36:58.3780460Z ok 4 - win32 主键盘与小键盘缩放不消费无关 Shift 组合
2026-10-06T21:36:58.4783700Z   ---
2026-10-06T21:36:58.5401820Z   duration_ms: 0.187124
2026-10-06T21:36:58.5405280Z   type: 'test'
2026-10-06T21:36:58.5408270Z   ...
2026-10-06T21:36:58.5412230Z # Subtest: darwin 命令映射保留主要键、精确修饰键与共同 Ctrl+Tab
2026-10-06T21:36:58.5416370Z ok 5 - darwin 命令映射保留主要键、精确修饰键与共同 Ctrl+Tab
2026-10-06T21:36:58.5419510Z   ---
2026-10-06T21:36:58.5423200Z   duration_ms: 2.849254
2026-10-06T21:36:58.5426750Z   type: 'test'
2026-10-06T21:36:58.5429840Z   ...
2026-10-06T21:36:58.5434740Z # Subtest: darwin 主键盘与小键盘缩放不消费无关 Shift 组合
2026-10-06T21:36:58.5437520Z ok 6 - darwin 主键盘与小键盘缩放不消费无关 Shift 组合
2026-10-06T21:36:58.5440670Z   ---
2026-10-06T21:36:58.5442960Z   duration_ms: 0.182679
2026-10-06T21:36:58.6447130Z   type: 'test'
2026-10-06T21:36:58.6448170Z   ...
2026-10-06T21:36:58.6664060Z # Subtest: 键盘消费一次并让复制键继续进入原生菜单与输入框
2026-10-06T21:36:58.6703240Z ok 7 - 键盘消费一次并让复制键继续进入原生菜单与输入框
2026-10-06T21:36:58.6749630Z   ---
2026-10-06T21:36:58.7205120Z   duration_ms: 1.120332
2026-10-06T21:36:58.7295640Z   type: 'test'
2026-10-06T21:36:58.7341170Z   ...
2026-10-06T21:36:58.7360470Z # Subtest: POSIX 和 Windows 根目录及祖先使用 Node 路径语义
2026-10-06T21:36:58.7484240Z ok 8 - POSIX 和 Windows 根目录及祖先使用 Node 路径语义
2026-10-06T21:36:58.7521820Z   ---
2026-10-06T21:36:58.7557760Z   duration_ms: 1.359062
2026-10-06T21:36:58.7598850Z   type: 'test'
2026-10-06T21:36:58.7675320Z   ...
2026-10-06T21:36:58.7749060Z # Subtest: UTF-8 原始字节另存为，禁止覆盖源文件及其硬链接
2026-10-06T21:36:58.7778730Z ok 9 - UTF-8 原始字节另存为，禁止覆盖源文件及其硬链接
2026-10-06T21:36:58.7808060Z   ---
2026-10-06T21:36:58.7839670Z   duration_ms: 20.504494
2026-10-06T21:36:58.7864330Z   type: 'test'
2026-10-06T21:36:58.7887180Z   ...
2026-10-06T21:36:58.7916200Z # Subtest: HTML 原始字节另存为与文件 URL 参数
2026-10-06T21:36:58.7927740Z ok 10 - HTML 原始字节另存为与文件 URL 参数
2026-10-06T21:36:58.7946400Z   ---
2026-10-06T21:36:58.7968950Z   duration_ms: 17.305524
2026-10-06T21:36:58.7997020Z   type: 'test'
2026-10-06T21:36:58.8036080Z   ...
2026-10-06T21:36:58.8042080Z # Subtest: 工作区递归筛选 Markdown 和 HTML，剪去空目录，不遍历符号链接目录
2026-10-06T21:36:58.8063650Z ok 11 - 工作区递归筛选 Markdown 和 HTML，剪去空目录，不遍历符号链接目录
2026-10-06T21:36:58.8070370Z   ---
2026-10-06T21:36:58.8368180Z   duration_ms: 41.592959
2026-10-06T21:36:58.8522780Z   type: 'test'
2026-10-06T21:36:58.8526610Z   ...
2026-10-06T21:36:58.8530240Z # Subtest: macOS 打包包含应用、DMG、ZIP 和只读 Markdown / HTML 文件关联
2026-10-06T21:36:58.8533400Z ok 12 - macOS 打包包含应用、DMG、ZIP 和只读 Markdown / HTML 文件关联
2026-10-06T21:36:58.8536510Z   ---
2026-10-06T21:36:58.8539270Z   duration_ms: 5.093871
2026-10-06T21:36:58.8541310Z   type: 'test'
2026-10-06T21:36:58.8543570Z   ...
2026-10-06T21:36:58.8547280Z # 已安装用户级 emd：/private/var/folders/20/jp1_0n3n7kndh6rnbqb5344m0000gn/T/emd-mac-WiQLpR/home with ' quote %/Applications/emd.app
2026-10-06T21:36:58.8551140Z # 终端命令：/private/var/folders/20/jp1_0n3n7kndh6rnbqb5344m0000gn/T/emd-mac-WiQLpR/home with ' quote %/.local/bin/emd
2026-10-06T21:36:58.8555890Z # 日志：/private/var/folders/20/jp1_0n3n7kndh6rnbqb5344m0000gn/T/emd-mac-WiQLpR/home with ' quote %/Library/Logs/emd/emd.log
2026-10-06T21:36:58.8559680Z # 请将 ~/.local/bin 加入 PATH；Finder 打开方式已注册，默认应用设置保留。
2026-10-06T21:36:58.8564650Z # Subtest: macOS 安装保留框架链接和权限，启动器传递字面参数与调用目录
2026-10-06T21:36:58.8566520Z ok 13 - macOS 安装保留框架链接和权限，启动器传递字面参数与调用目录
2026-10-06T21:36:58.8567570Z   ---
2026-10-06T21:36:58.8568580Z   duration_ms: 115.675514
2026-10-06T21:36:58.8569830Z   type: 'test'
2026-10-06T21:36:58.8570800Z   ...
2026-10-06T21:36:58.8573550Z # 已安装用户级 emd：/private/var/folders/20/jp1_0n3n7kndh6rnbqb5344m0000gn/T/emd-mac-QkZCva/home with ' quote %/Applications/emd.app
2026-10-06T21:36:58.8576590Z # 终端命令：/private/var/folders/20/jp1_0n3n7kndh6rnbqb5344m0000gn/T/emd-mac-QkZCva/home with ' quote %/.local/bin/emd
2026-10-06T21:36:58.8579580Z # 日志：/private/var/folders/20/jp1_0n3n7kndh6rnbqb5344m0000gn/T/emd-mac-QkZCva/home with ' quote %/Library/Logs/emd/emd.log
2026-10-06T21:36:58.8581660Z # 请将 ~/.local/bin 加入 PATH；Finder 打开方式已注册，默认应用设置保留。
2026-10-06T21:36:58.8584110Z # 已安装用户级 emd：/private/var/folders/20/jp1_0n3n7kndh6rnbqb5344m0000gn/T/emd-mac-QkZCva/home with ' quote %/Applications/emd.app
2026-10-06T21:36:58.8587110Z # 终端命令：/private/var/folders/20/jp1_0n3n7kndh6rnbqb5344m0000gn/T/emd-mac-QkZCva/home with ' quote %/.local/bin/emd
2026-10-06T21:36:58.8590120Z # 日志：/private/var/folders/20/jp1_0n3n7kndh6rnbqb5344m0000gn/T/emd-mac-QkZCva/home with ' quote %/Library/Logs/emd/emd.log
2026-10-06T21:36:58.8592210Z # 请将 ~/.local/bin 加入 PATH；Finder 打开方式已注册，默认应用设置保留。
2026-10-06T21:36:58.8593410Z # Subtest: macOS 默认产物目录和解包目录均能安装，升级清除旧包文件
2026-10-06T21:36:58.8594510Z ok 14 - macOS 默认产物目录和解包目录均能安装，升级清除旧包文件
2026-10-06T21:36:58.8595310Z   ---
2026-10-06T21:36:58.8596610Z   duration_ms: 185.076345
2026-10-06T21:36:58.8597310Z   type: 'test'
2026-10-06T21:36:58.8597910Z   ...
2026-10-06T21:36:58.8600040Z # 已安装用户级 emd：/private/var/folders/20/jp1_0n3n7kndh6rnbqb5344m0000gn/T/emd-mac-GRHQ15/home with ' quote %/Applications/emd.app
2026-10-06T21:36:58.8603030Z # 终端命令：/private/var/folders/20/jp1_0n3n7kndh6rnbqb5344m0000gn/T/emd-mac-GRHQ15/home with ' quote %/.local/bin/emd
2026-10-06T21:36:58.8606040Z # 日志：/private/var/folders/20/jp1_0n3n7kndh6rnbqb5344m0000gn/T/emd-mac-GRHQ15/home with ' quote %/Library/Logs/emd/emd.log
2026-10-06T21:36:58.8608740Z # 请将 ~/.local/bin 加入 PATH；Finder 打开方式已注册，默认应用设置保留。
2026-10-06T21:36:58.8610000Z # Subtest: macOS 无效源包、复制失败与注册失败保留已有安装
2026-10-06T21:36:58.8611100Z ok 15 - macOS 无效源包、复制失败与注册失败保留已有安装
2026-10-06T21:36:58.8611840Z   ---
2026-10-06T21:36:58.8612440Z   duration_ms: 157.112154
2026-10-06T21:36:58.8613150Z   type: 'test'
2026-10-06T21:36:58.8613780Z   ...
2026-10-06T21:36:58.8614700Z # Subtest: macOS 首次安装注册后启动器提交失败恢复注册与原文件
2026-10-06T21:36:58.8615830Z ok 16 - macOS 首次安装注册后启动器提交失败恢复注册与原文件
2026-10-06T21:36:58.8616620Z   ---
2026-10-06T21:36:58.8617220Z   duration_ms: 52.014754
2026-10-06T21:36:58.8617900Z   type: 'test'
2026-10-06T21:36:58.8618510Z   ...
2026-10-06T21:36:58.8620650Z # 已安装用户级 emd：/private/var/folders/20/jp1_0n3n7kndh6rnbqb5344m0000gn/T/emd-mac-n30PE1/home with ' quote %/Applications/emd.app
2026-10-06T21:36:58.8623130Z # 终端命令：/private/var/folders/20/jp1_0n3n7kndh6rnbqb5344m0000gn/T/emd-mac-n30PE1/home with ' quote %/.local/bin/emd
2026-10-06T21:36:58.8625300Z # 日志：/private/var/folders/20/jp1_0n3n7kndh6rnbqb5344m0000gn/T/emd-mac-n30PE1/home with ' quote %/Library/Logs/emd/emd.log
2026-10-06T21:36:58.8626690Z # 请将 ~/.local/bin 加入 PATH；Finder 打开方式已注册，默认应用设置保留。
2026-10-06T21:36:58.8627500Z # Subtest: macOS 升级注册后启动器提交失败恢复注册与原文件
2026-10-06T21:36:58.8628260Z ok 17 - macOS 升级注册后启动器提交失败恢复注册与原文件
2026-10-06T21:36:58.8628780Z   ---
2026-10-06T21:36:58.8629180Z   duration_ms: 180.032919
2026-10-06T21:36:58.8629660Z   type: 'test'
2026-10-06T21:36:58.8630090Z   ...
2026-10-06T21:36:58.8631530Z # 已安装用户级 emd：/private/var/folders/20/jp1_0n3n7kndh6rnbqb5344m0000gn/T/emd-mac-2jXBno/home with ' quote %/Applications/emd.app
2026-10-06T21:36:58.8633580Z # 终端命令：/private/var/folders/20/jp1_0n3n7kndh6rnbqb5344m0000gn/T/emd-mac-2jXBno/home with ' quote %/.local/bin/emd
2026-10-06T21:36:58.8635640Z # 日志：/private/var/folders/20/jp1_0n3n7kndh6rnbqb5344m0000gn/T/emd-mac-2jXBno/home with ' quote %/Library/Logs/emd/emd.log
2026-10-06T21:36:58.8637030Z # 请将 ~/.local/bin 加入 PATH；Finder 打开方式已注册，默认应用设置保留。
2026-10-06T21:36:58.8637900Z # Subtest: macOS 注册恢复失败同时报告原故障并继续恢复旧包和启动器
2026-10-06T21:36:58.8638540Z     # Subtest: unregister
2026-10-06T21:36:58.8639030Z     ok 1 - unregister
2026-10-06T21:36:58.8639460Z       ---
2026-10-06T21:36:58.8639900Z       duration_ms: 64.502314
2026-10-06T21:36:58.8640640Z       type: 'test'
2026-10-06T21:36:58.8641300Z       ...
2026-10-06T21:36:58.8643610Z # 已安装用户级 emd：/private/var/folders/20/jp1_0n3n7kndh6rnbqb5344m0000gn/T/emd-mac-a0473H/home with ' quote %/Applications/emd.app
2026-10-06T21:36:58.8646740Z # 终端命令：/private/var/folders/20/jp1_0n3n7kndh6rnbqb5344m0000gn/T/emd-mac-a0473H/home with ' quote %/.local/bin/emd
2026-10-06T21:36:58.8649770Z # 日志：/private/var/folders/20/jp1_0n3n7kndh6rnbqb5344m0000gn/T/emd-mac-a0473H/home with ' quote %/Library/Logs/emd/emd.log
2026-10-06T21:36:58.8651940Z # 请将 ~/.local/bin 加入 PATH；Finder 打开方式已注册，默认应用设置保留。
2026-10-06T21:36:58.8652850Z     # Subtest: restore
2026-10-06T21:36:58.8653570Z     ok 2 - restore
2026-10-06T21:36:58.8654140Z       ---
2026-10-06T21:36:58.8654610Z       duration_ms: 189.178179
2026-10-06T21:36:58.8655130Z       type: 'test'
2026-10-06T21:36:58.8655560Z       ...
2026-10-06T21:36:58.8655980Z     1..2
2026-10-06T21:36:58.8656670Z ok 18 - macOS 注册恢复失败同时报告原故障并继续恢复旧包和启动器
2026-10-06T21:36:58.8657190Z   ---
2026-10-06T21:36:58.8657590Z   duration_ms: 254.693618
2026-10-06T21:36:58.8658060Z   type: 'test'
2026-10-06T21:36:58.8658440Z   ...
2026-10-06T21:37:43.9816070Z # 已移除用户级 emd 应用和命令；配置、日志和源文档保留。
2026-10-06T21:37:44.0064180Z # Subtest: macOS 原生 首次安装启动器失败恢复 LaunchServices 绑定
2026-10-06T21:37:44.0084560Z ok 19 - macOS 原生 首次安装启动器失败恢复 LaunchServices 绑定
2026-10-06T21:37:44.0090280Z   ---
2026-10-06T21:37:44.0109370Z   duration_ms: 45603.554367
2026-10-06T21:37:44.0116780Z   type: 'test'
2026-10-06T21:37:44.0123260Z   ...
2026-10-06T21:37:55.8710860Z # 已安装用户级 emd：/private/var/folders/20/jp1_0n3n7kndh6rnbqb5344m0000gn/T/emd-mac-UlVpy2/home with ' quote %/Applications/emd.app
2026-10-06T21:37:55.8785710Z # 终端命令：/private/var/folders/20/jp1_0n3n7kndh6rnbqb5344m0000gn/T/emd-mac-UlVpy2/home with ' quote %/.local/bin/emd
2026-10-06T21:37:55.8837800Z # 日志：/private/var/folders/20/jp1_0n3n7kndh6rnbqb5344m0000gn/T/emd-mac-UlVpy2/home with ' quote %/Library/Logs/emd/emd.log
2026-10-06T21:37:55.8884900Z # 请将 ~/.local/bin 加入 PATH；Finder 打开方式已注册，默认应用设置保留。
2026-10-06T21:38:35.6990690Z # 已移除用户级 emd 应用和命令；配置、日志和源文档保留。
2026-10-06T21:38:35.7992780Z # Subtest: macOS 原生 升级启动器失败恢复 LaunchServices 绑定
2026-10-06T21:38:35.8419910Z ok 20 - macOS 原生 升级启动器失败恢复 LaunchServices 绑定
2026-10-06T21:38:35.8876300Z   ---
2026-10-06T21:38:35.8917880Z   duration_ms: 51666.161273
2026-10-06T21:38:35.8969060Z   type: 'test'
2026-10-06T21:38:35.9028010Z   ...
2026-10-06T21:38:35.9056220Z # Subtest: macOS 拒绝覆盖或卸载不属于 emd 的应用和命令
2026-10-06T21:38:35.9089540Z ok 21 - macOS 拒绝覆盖或卸载不属于 emd 的应用和命令
2026-10-06T21:38:35.9130130Z   ---
2026-10-06T21:38:35.9207500Z   duration_ms: 77.542356
2026-10-06T21:38:35.9279800Z   type: 'test'
2026-10-06T21:38:35.9369410Z   ...
2026-10-06T21:38:35.9430780Z # 已安装用户级 emd：/private/var/folders/20/jp1_0n3n7kndh6rnbqb5344m0000gn/T/emd-mac-IxpvDk/home with ' quote %/Applications/emd.app
2026-10-06T21:38:35.9481170Z # 终端命令：/private/var/folders/20/jp1_0n3n7kndh6rnbqb5344m0000gn/T/emd-mac-IxpvDk/home with ' quote %/.local/bin/emd
2026-10-06T21:38:35.9516080Z # 日志：/private/var/folders/20/jp1_0n3n7kndh6rnbqb5344m0000gn/T/emd-mac-IxpvDk/home with ' quote %/Library/Logs/emd/emd.log
2026-10-06T21:38:35.9562440Z # 请将 ~/.local/bin 加入 PATH；Finder 打开方式已注册，默认应用设置保留。
2026-10-06T21:38:35.9591600Z # Subtest: macOS 拒绝目标应用中被替换成链接的可执行文件
2026-10-06T21:38:35.9606000Z ok 22 - macOS 拒绝目标应用中被替换成链接的可执行文件
2026-10-06T21:38:35.9641030Z   ---
2026-10-06T21:38:35.9668730Z   duration_ms: 23.695325
2026-10-06T21:38:35.9696220Z   type: 'test'
2026-10-06T21:38:35.9748450Z   ...
2026-10-06T21:38:35.9782320Z # Subtest: macOS 拒绝应用和命令路径的符号链接，不修改链接目标
2026-10-06T21:38:36.0478610Z ok 23 - macOS 拒绝应用和命令路径的符号链接，不修改链接目标
2026-10-06T21:38:36.0911030Z   ---
2026-10-06T21:38:36.0958810Z   duration_ms: 16.200188
2026-10-06T21:38:36.0959300Z   type: 'test'
2026-10-06T21:38:36.1011660Z   ...
2026-10-06T21:38:36.1064840Z # 已安装用户级 emd：/private/var/folders/20/jp1_0n3n7kndh6rnbqb5344m0000gn/T/emd-mac-aqCnig/home with ' quote %/Applications/emd.app
2026-10-06T21:38:36.1120470Z # 终端命令：/private/var/folders/20/jp1_0n3n7kndh6rnbqb5344m0000gn/T/emd-mac-aqCnig/home with ' quote %/.local/bin/emd
2026-10-06T21:38:36.1156250Z # 日志：/private/var/folders/20/jp1_0n3n7kndh6rnbqb5344m0000gn/T/emd-mac-aqCnig/home with ' quote %/Library/Logs/emd/emd.log
2026-10-06T21:38:36.1161380Z # 请将 ~/.local/bin 加入 PATH；Finder 打开方式已注册，默认应用设置保留。
2026-10-06T21:38:36.1170090Z # 已移除用户级 emd 应用和命令；配置、日志和源文档保留。
2026-10-06T21:38:36.1174780Z # 已移除用户级 emd 应用和命令；配置、日志和源文档保留。
2026-10-06T21:38:36.1212580Z # Subtest: macOS 卸载可重复执行并保留用户配置和日志
2026-10-06T21:38:36.1264280Z ok 24 - macOS 卸载可重复执行并保留用户配置和日志
2026-10-06T21:38:36.1305640Z   ---
2026-10-06T21:38:36.1348950Z   duration_ms: 30.29475
2026-10-06T21:38:36.1401320Z   type: 'test'
2026-10-06T21:38:36.1458850Z   ...
2026-10-06T21:38:36.1516950Z # Subtest: 平台选择支持 KDE 和 macOS，TODO 平台和错误参数明确失败
2026-10-06T21:38:36.1564920Z ok 25 - 平台选择支持 KDE 和 macOS，TODO 平台和错误参数明确失败
2026-10-06T21:38:36.1615580Z   ---
2026-10-06T21:38:36.1646810Z   duration_ms: 4.763754
2026-10-06T21:38:36.1674480Z   type: 'test'
2026-10-06T21:38:36.1702710Z   ...
2026-10-06T21:38:36.1738480Z # Subtest: TODO 打包、安装和卸载入口在执行外部命令或写入前退出
2026-10-06T21:38:36.1804840Z ok 26 - TODO 打包、安装和卸载入口在执行外部命令或写入前退出
2026-10-06T21:38:36.1867750Z   ---
2026-10-06T21:38:36.1914710Z   duration_ms: 956.794359
2026-10-06T21:38:36.1951280Z   type: 'test'
2026-10-06T21:38:36.1965990Z   ...
2026-10-06T21:38:36.2006360Z # Subtest: KDE 模块保留安装产物、启动器、desktop 校验与卸载行为
2026-10-06T21:38:36.2043540Z ok 27 - KDE 模块保留安装产物、启动器、desktop 校验与卸载行为 # SKIP 需要 Linux desktop 工具和 POSIX 启动器
2026-10-06T21:38:36.2072830Z   ---
2026-10-06T21:38:36.2154000Z   duration_ms: 0.285479
2026-10-06T21:38:36.2204470Z   type: 'test'
2026-10-06T21:38:36.2252960Z   ...
2026-10-06T21:38:36.2296110Z # Subtest: 桌面平台选择明确，Linux 身份与 macOS 文件打开和激活各自归属
2026-10-06T21:38:36.2340340Z ok 28 - 桌面平台选择明确，Linux 身份与 macOS 文件打开和激活各自归属
2026-10-06T21:38:36.2392270Z   ---
2026-10-06T21:38:36.2429480Z   duration_ms: 3.659074
2026-10-06T21:38:36.2467830Z   type: 'test'
2026-10-06T21:38:36.2503340Z   ...
2026-10-06T21:38:36.2545240Z # Subtest: macOS 菜单使用同一命令配置，关闭标签与退出不重复设置原生角色
2026-10-06T21:38:36.2585390Z ok 29 - macOS 菜单使用同一命令配置，关闭标签与退出不重复设置原生角色
2026-10-06T21:38:36.2623480Z   ---
2026-10-06T21:38:36.2664250Z   duration_ms: 1.058761
2026-10-06T21:38:36.2698930Z   type: 'test'
2026-10-06T21:38:36.2736440Z   ...
2026-10-06T21:38:36.2772240Z 1..29
2026-10-06T21:38:36.2813030Z # tests 31
2026-10-06T21:38:36.2844480Z # suites 0
2026-10-06T21:38:36.2918170Z # pass 30
2026-10-06T21:38:36.2960610Z # fail 0
2026-10-06T21:38:36.2992220Z # cancelled 0
2026-10-06T21:38:36.3036410Z # skipped 1
2026-10-06T21:38:36.3079930Z # todo 0
2026-10-06T21:38:36.3127470Z # duration_ms 98490.797727
2026-10-06T21:38:36.3262170Z ##[group]Run npx playwright test --reporter=line,html
2026-10-06T21:38:36.3263270Z [36;1mnpx playwright test --reporter=line,html[0m
2026-10-06T21:38:36.3324900Z shell: /bin/bash -e {0}
2026-10-06T21:38:36.3325660Z env:
2026-10-06T21:38:36.3326020Z   CSC_IDENTITY_AUTO_DISCOVERY: false
2026-10-06T21:38:36.3326550Z   CSC_FOR_PULL_REQUEST: true
2026-10-06T21:38:36.3327220Z   XDG_CURRENT_DESKTOP: 
2026-10-06T21:38:36.3327730Z   PLAYWRIGHT_HTML_OUTPUT_DIR: playwright-report/reader
2026-10-06T21:38:36.3328310Z ##[endgroup]
2026-10-06T21:38:38.3284890Z 
2026-10-06T21:38:38.3285600Z Running 6 tests using 1 worker
2026-10-06T21:38:38.3286190Z 
2026-10-06T21:38:38.8880410Z [1/6] tests/commands.spec.cjs:8:1 › 真实键盘、按钮和原生菜单共用命令，查找输入保留复制粘贴
2026-10-06T21:38:38.9451140Z tests/commands.spec.cjs:8:1 › 真实键盘、按钮和原生菜单共用命令，查找输入保留复制粘贴
2026-10-06T21:38:38.9490650Z Downloading Electron binary...
2026-10-06T21:38:38.9514410Z 
2026-10-06T21:38:50.8571340Z   1) tests/commands.spec.cjs:8:1 › 真实键盘、按钮和原生菜单共用命令，查找输入保留复制粘贴 ─────────────────────────────────────
2026-10-06T21:38:50.8574150Z 
2026-10-06T21:38:50.8575370Z     Error: expect(locator).toHaveValue(expected) failed
2026-10-06T21:38:50.8575890Z 
2026-10-06T21:38:50.8576400Z     Locator:  getByRole('textbox', { name: '查找内容' })
2026-10-06T21:38:50.8577060Z     Expected: "原生复制"
2026-10-06T21:38:50.8577490Z     Received: ""
2026-10-06T21:38:50.8577940Z     Timeout:  5000ms
2026-10-06T21:38:50.8578180Z 
2026-10-06T21:38:50.8578360Z     Call log:
2026-10-06T21:38:50.8579230Z       - Expect "toHaveValue" getByRole('textbox', { name: '查找内容' }) with timeout 5000ms
2026-10-06T21:38:50.8580780Z       - waiting for getByRole('textbox', { name: '查找内容' })
2026-10-06T21:38:50.8581880Z         14 × locator resolved to <input value="" aria-label="查找内容" placeholder="在文档中查找…"/>
2026-10-06T21:38:50.8582740Z            - unexpected value ""
2026-10-06T21:38:50.8583080Z 
2026-10-06T21:38:50.8583080Z 
2026-10-06T21:38:50.8583380Z       87 |     await search.fill('');
2026-10-06T21:38:50.8583990Z       88 |     await edit('V', 'paste:');
2026-10-06T21:38:50.8584720Z     > 89 |     await expect(search).toHaveValue('原生复制');
2026-10-06T21:38:50.8585390Z          |                          ^
2026-10-06T21:38:50.8586210Z       90 |     await page.getByRole('button', { name: '关闭查找' }).click();
2026-10-06T21:38:50.8587650Z       91 |     const zoom = () => application.evaluate(({ BrowserWindow }) => BrowserWindow.getAllWindows()[0].webContents.getZoomLevel());
2026-10-06T21:38:50.8589320Z       92 |     await key('+', [primary, 'shift']);
2026-10-06T21:38:50.8592380Z         at /Users/runner/work/ea-md-reader/ea-md-reader/tests/commands.spec.cjs:89:26
2026-10-06T21:38:50.8593570Z 
2026-10-06T21:38:50.8594370Z     attachment #1: screenshot (image/png) ──────────────────────────────────────────────────────────
2026-10-06T21:38:50.8595650Z     test-results/reader/commands-真实键盘、按钮和原生菜单共用命令，查找输入保留复制粘贴/test-failed-1.png
2026-10-06T21:38:50.8596830Z     ────────────────────────────────────────────────────────────────────────────────────────────────
2026-10-06T21:38:50.8597350Z 
2026-10-06T21:38:50.8598070Z     Error Context: test-results/reader/commands-真实键盘、按钮和原生菜单共用命令，查找输入保留复制粘贴/error-context.md
2026-10-06T21:38:50.8598710Z 
2026-10-06T21:38:50.8599430Z     attachment #3: trace (application/zip) ─────────────────────────────────────────────────────────
2026-10-06T21:38:50.8600610Z     test-results/reader/commands-真实键盘、按钮和原生菜单共用命令，查找输入保留复制粘贴/trace.zip
2026-10-06T21:38:50.8601310Z     Usage:
2026-10-06T21:38:50.8601520Z 
2026-10-06T21:38:50.8602380Z         npx playwright show-trace test-results/reader/commands-真实键盘、按钮和原生菜单共用命令，查找输入保留复制粘贴/trace.zip
2026-10-06T21:38:50.8603130Z 
2026-10-06T21:38:50.8603710Z     ────────────────────────────────────────────────────────────────────────────────────────────────
2026-10-06T21:38:50.8604220Z 
2026-10-06T21:38:50.8604220Z 
2026-10-06T21:38:51.3830640Z [2/6] tests/commands.spec.cjs:131:1 › 全屏使用本平台绑定，工作区祖先由主进程返回
2026-10-06T21:38:55.7072300Z [3/6] tests/reader.spec.cjs:10:1 › HTML 内嵌脚本与样式、隔离、工作区切换、查找、重读和原始字节另存为
2026-10-06T21:39:01.7325010Z [4/6] tests/reader.spec.cjs:86:1 › 渲染、只读、多标签、另存为、重读、第二次启动及相对图片
2026-10-06T21:39:04.8768710Z tests/reader.spec.cjs:86:1 › 渲染、只读、多标签、另存为、重读、第二次启动及相对图片
2026-10-06T21:39:04.9006970Z Native normal-window state: {
2026-10-06T21:39:04.9009850Z   maximized: false,
2026-10-06T21:39:05.0012510Z   bounds: { x: 370, y: 59, width: 1180, height: 850 },
2026-10-06T21:39:05.1014470Z   workArea: { x: 0, y: 25, width: 1920, height: 970 }
2026-10-06T21:39:05.2017960Z }
2026-10-06T21:39:05.3018520Z 
2026-10-06T21:39:07.7967600Z [5/6] tests/reader.spec.cjs:198:1 › 工作区切换、右键菜单、面板拖拽与容器自适应
2026-10-06T21:39:13.8934940Z [6/6] tests/reader.spec.cjs:366:1 › macOS Finder 打开恢复窗口、Dock 激活及 Command 快捷键
2026-10-06T21:39:18.6134000Z   1 failed
2026-10-06T21:39:18.6454890Z     tests/commands.spec.cjs:8:1 › 真实键盘、按钮和原生菜单共用命令，查找输入保留复制粘贴 ──────────────────────────────────────
2026-10-06T21:39:18.7453790Z   5 passed (41.0s)
2026-10-06T21:39:18.7844640Z ##[error]Process completed with exit code 1.
2026-10-06T21:39:18.8624010Z ##[group]Run npx playwright test --config=playwright.packaged.config.cjs --reporter=line,html
2026-10-06T21:39:18.8626160Z [36;1mnpx playwright test --config=playwright.packaged.config.cjs --reporter=line,html[0m
2026-10-06T21:39:18.8699970Z shell: /bin/bash -e {0}
2026-10-06T21:39:18.8700430Z env:
2026-10-06T21:39:18.8700820Z   CSC_IDENTITY_AUTO_DISCOVERY: false
2026-10-06T21:39:18.8701390Z   CSC_FOR_PULL_REQUEST: true
2026-10-06T21:39:18.8701880Z   XDG_CURRENT_DESKTOP: 
2026-10-06T21:39:18.8702540Z   PLAYWRIGHT_HTML_OUTPUT_DIR: playwright-report/packaged
2026-10-06T21:39:18.8703320Z ##[endgroup]
2026-10-06T21:39:21.0722190Z 
2026-10-06T21:39:21.0794620Z Running 2 tests using 1 worker
2026-10-06T21:39:21.0795250Z 
2026-10-06T21:39:21.6678210Z [1/2] tests/packaged-linux.spec.cjs:7:1 › Linux 原生打包产物启动且源文件保持只读
2026-10-06T21:39:21.7428410Z [2/2] tests/packaged-mac.spec.cjs:10:1 › macOS 原生包、隔离安装、系统打开、升级与重复卸载
2026-10-06T21:39:22.9959400Z tests/packaged-mac.spec.cjs:10:1 › macOS 原生包、隔离安装、系统打开、升级与重复卸载
2026-10-06T21:39:23.0298110Z 已安装用户级 emd：/private/var/folders/20/jp1_0n3n7kndh6rnbqb5344m0000gn/T/emd-packaged-AKdWBP/isolated home/Applications/emd.app
2026-10-06T21:39:23.0575200Z 终端命令：/private/var/folders/20/jp1_0n3n7kndh6rnbqb5344m0000gn/T/emd-packaged-AKdWBP/isolated home/.local/bin/emd
2026-10-06T21:39:23.0580310Z 日志：/private/var/folders/20/jp1_0n3n7kndh6rnbqb5344m0000gn/T/emd-packaged-AKdWBP/isolated home/Library/Logs/emd/emd.log
2026-10-06T21:39:23.0583680Z 
2026-10-06T21:39:23.0587250Z 请将 ~/.local/bin 加入 PATH；Finder 打开方式已注册，默认应用设置保留。
2026-10-06T21:39:23.0589300Z 
2026-10-06T21:39:32.5818030Z 已安装用户级 emd：/private/var/folders/20/jp1_0n3n7kndh6rnbqb5344m0000gn/T/emd-packaged-AKdWBP/isolated home/Applications/emd.app
2026-10-06T21:39:32.5978220Z 终端命令：/private/var/folders/20/jp1_0n3n7kndh6rnbqb5344m0000gn/T/emd-packaged-AKdWBP/isolated home/.local/bin/emd
2026-10-06T21:39:32.5981280Z 日志：/private/var/folders/20/jp1_0n3n7kndh6rnbqb5344m0000gn/T/emd-packaged-AKdWBP/isolated home/Library/Logs/emd/emd.log
2026-10-06T21:39:32.5982910Z 
2026-10-06T21:39:32.5984250Z 请将 ~/.local/bin 加入 PATH；Finder 打开方式已注册，默认应用设置保留。
2026-10-06T21:39:32.5985390Z 
2026-10-06T21:39:34.0017030Z 已移除用户级 emd 应用和命令；配置、日志和源文档保留。
2026-10-06T21:39:34.0490800Z 
2026-10-06T21:39:34.0503840Z 已移除用户级 emd 应用和命令；配置、日志和源文档保留。
2026-10-06T21:39:34.0601820Z 
2026-10-06T21:39:34.0636900Z 已移除用户级 emd 应用和命令；配置、日志和源文档保留。
2026-10-06T21:39:34.0665670Z 
2026-10-06T21:39:34.0722830Z   1 skipped
2026-10-06T21:39:34.0744340Z   1 passed (13.2s)
2026-10-06T21:39:34.0880930Z ##[group]Run actions/upload-artifact@v4
2026-10-06T21:39:34.0881500Z with:
2026-10-06T21:39:34.0881920Z   name: desktop-macos-15-intel-x64
2026-10-06T21:39:34.0882450Z   retention-days: 7
2026-10-06T21:39:34.0883200Z   path: playwright-report/
test-results/
release/*.dmg
release/*.zip
release/*.tar.gz

2026-10-06T21:39:34.0884070Z   if-no-files-found: warn
2026-10-06T21:39:34.0884550Z   compression-level: 6
2026-10-06T21:39:34.0884980Z   overwrite: false
2026-10-06T21:39:34.0885460Z   include-hidden-files: false
2026-10-06T21:39:34.0885920Z env:
2026-10-06T21:39:34.0886320Z   CSC_IDENTITY_AUTO_DISCOVERY: false
2026-10-06T21:39:34.0886840Z   CSC_FOR_PULL_REQUEST: true
2026-10-06T21:39:34.0887350Z   XDG_CURRENT_DESKTOP: 
2026-10-06T21:39:34.0887790Z ##[endgroup]
2026-10-06T21:39:34.3825880Z (node:23388) [DEP0040] DeprecationWarning: The `punycode` module is deprecated. Please use a userland alternative instead.
2026-10-06T21:39:34.3896740Z (Use `node --trace-deprecation ...` to show where the warning was created)
2026-10-06T21:39:34.8533650Z Multiple search paths detected. Calculating the least common ancestor of all paths
2026-10-06T21:39:34.8638190Z The least common ancestor is /Users/runner/work/ea-md-reader/ea-md-reader. This will be the root directory of the artifact
2026-10-06T21:39:34.8654180Z With the provided path, there will be 55 files uploaded
2026-10-06T21:39:34.8721880Z Artifact name is valid!
2026-10-06T21:39:34.8754510Z Root directory input is valid!
2026-10-06T21:39:35.0909100Z Beginning upload of artifact content to blob storage
2026-10-06T21:39:36.1341040Z (node:23388) [DEP0169] DeprecationWarning: `url.parse()` behavior is not standardized and prone to errors that have security implications. Use the WHATWG URL API instead. CVEs are not issued for `url.parse()` vulnerabilities.
2026-10-06T21:39:37.1292970Z Uploaded bytes 8388608
2026-10-06T21:39:37.5380000Z Uploaded bytes 16777216
2026-10-06T21:39:38.2700740Z Uploaded bytes 25165824
2026-10-06T21:39:38.6932500Z Uploaded bytes 33554432
2026-10-06T21:39:38.9580030Z Uploaded bytes 41943040
2026-10-06T21:39:39.4227070Z Uploaded bytes 50331648
2026-10-06T21:39:39.7506780Z Uploaded bytes 58720256
2026-10-06T21:39:40.0370610Z Uploaded bytes 67108864
2026-10-06T21:39:40.4809600Z Uploaded bytes 75497472
2026-10-06T21:39:40.8674100Z Uploaded bytes 83886080
2026-10-06T21:39:41.4437670Z Uploaded bytes 92274688
2026-10-06T21:39:41.8128430Z Uploaded bytes 100663296
2026-10-06T21:39:42.1808170Z Uploaded bytes 109051904
2026-10-06T21:39:42.5819660Z Uploaded bytes 117440512
2026-10-06T21:39:42.9761070Z Uploaded bytes 125829120
2026-10-06T21:39:43.3282830Z Uploaded bytes 134217728
2026-10-06T21:39:43.6599030Z Uploaded bytes 142606336
2026-10-06T21:39:44.0637160Z Uploaded bytes 150994944
2026-10-06T21:39:44.3782350Z Uploaded bytes 159383552
2026-10-06T21:39:44.8067680Z Uploaded bytes 167772160
2026-10-06T21:39:45.2187550Z Uploaded bytes 176160768
2026-10-06T21:39:45.6191690Z Uploaded bytes 184549376
2026-10-06T21:39:46.0054720Z Uploaded bytes 192937984
2026-10-06T21:39:46.4200930Z Uploaded bytes 201326592
2026-10-06T21:39:46.7212850Z Uploaded bytes 209715200
2026-10-06T21:39:47.0074100Z Uploaded bytes 218103808
2026-10-06T21:39:47.4683950Z Uploaded bytes 226492416
2026-10-06T21:39:48.5032270Z Uploaded bytes 234881024
2026-10-06T21:39:48.8002050Z Uploaded bytes 243269632
2026-10-06T21:39:49.1243020Z Uploaded bytes 251658240
2026-10-06T21:39:49.1738060Z Uploaded bytes 260046848
2026-10-06T21:39:49.5013950Z Uploaded bytes 268435456
2026-10-06T21:39:49.5510610Z Uploaded bytes 276824064
2026-10-06T21:39:49.8507790Z Uploaded bytes 285212672
2026-10-06T21:39:50.3301570Z Uploaded bytes 293601280
2026-10-06T21:39:50.5240090Z Uploaded bytes 298446886
2026-10-06T21:39:50.6081420Z Finished uploading artifact content to blob storage!
2026-10-06T21:39:50.6184990Z SHA256 digest of uploaded artifact zip is 9e47c9275a33ad33dacfdc1524878c8160ac5458d0b884c5714fb7695dcaf8aa
2026-10-06T21:39:50.6187810Z Finalizing artifact upload
2026-10-06T21:39:51.0386200Z Artifact desktop-macos-15-intel-x64.zip successfully finalized. Artifact ID 11445936952
2026-10-06T21:39:51.0451700Z Artifact desktop-macos-15-intel-x64 has been successfully uploaded! Final size is 298446886 bytes. Artifact ID is 11445936952
2026-10-06T21:39:51.0528930Z Artifact download URL: https://github.com/yceachan/ea-md-reader/actions/runs/37534770335/artifacts/11445936952
2026-10-06T21:39:51.0821750Z Post job cleanup.
2026-10-06T21:39:51.2654480Z [command]/usr/local/bin/git version
2026-10-06T21:39:51.2860540Z git version 2.55.0
2026-10-06T21:39:51.2893340Z Copying '/Users/runner/.gitconfig' to '/Users/runner/work/_temp/b2db0a7c-eddc-4994-a465-f5e5dc8a1044/.gitconfig'
2026-10-06T21:39:51.2896070Z Temporarily overriding HOME='/Users/runner/work/_temp/b2db0a7c-eddc-4994-a465-f5e5dc8a1044' before making global git config changes
2026-10-06T21:39:51.2898190Z Adding repository directory to the temporary git global config as a safe directory
2026-10-06T21:39:51.2899930Z [command]/usr/local/bin/git config --global --add safe.directory /Users/runner/work/ea-md-reader/ea-md-reader
2026-10-06T21:39:51.2990210Z [command]/usr/local/bin/git config --local --name-only --get-regexp core\.sshCommand
2026-10-06T21:39:51.3102470Z [command]/usr/local/bin/git submodule foreach --recursive sh -c "git config --local --name-only --get-regexp 'core\.sshCommand' && git config --local --unset-all 'core.sshCommand' || :"
2026-10-06T21:39:51.4747470Z [command]/usr/local/bin/git config --local --name-only --get-regexp http\.https\:\/\/github\.com\/\.extraheader
2026-10-06T21:39:51.4810450Z http.https://github.com/.extraheader
2026-10-06T21:39:51.4829290Z [command]/usr/local/bin/git config --local --unset-all http.https://github.com/.extraheader
2026-10-06T21:39:51.4956490Z [command]/usr/local/bin/git submodule foreach --recursive sh -c "git config --local --name-only --get-regexp 'http\.https\:\/\/github\.com\/\.extraheader' && git config --local --unset-all 'http.https://github.com/.extraheader' || :"
2026-10-06T21:39:51.6706290Z [command]/usr/local/bin/git config --local --name-only --get-regexp ^includeIf\.gitdir:
2026-10-06T21:39:51.6839230Z [command]/usr/local/bin/git submodule foreach --recursive git config --local --show-origin --name-only --get-regexp remote.origin.url
2026-10-06T21:39:52.0427770Z Cleaning up orphan processes
2026-10-06T21:39:53.5023840Z ##[warning]Node.js 20 is deprecated. The following actions target Node.js 20 but are being forced to run on Node.js 24: actions/checkout@v4, actions/setup-node@v4, actions/upload-artifact@v4. For more information see: https://github.blog/changelog/2025-09-19-deprecation-of-node-20-on-github-actions-runners/
