2026-10-06T21:44:37.2917980Z Current runner version: '2.337.0'
2026-10-06T21:44:37.2935030Z ##[group]Runner Image Provisioner
2026-10-06T21:44:37.2936140Z Hosted Compute Agent
2026-10-06T21:44:37.2936720Z Version: 20260828.587
2026-10-06T21:44:37.2937570Z Commit: abac92662cab4cc7352de4f9f9d2e2419aad9c29
2026-10-06T21:44:37.2938290Z Build Date: 2026-08-28T16:44:25Z
2026-10-06T21:44:37.2939020Z Worker ID: {a1a0e7e1-b6ba-4e72-b93f-b7017adab014}
2026-10-06T21:44:37.2939570Z Azure Region: westus
2026-10-06T21:44:37.2939980Z ##[endgroup]
2026-10-06T21:44:37.2941230Z ##[group]Operating System
2026-10-06T21:44:37.2941640Z macOS
2026-10-06T21:44:37.2942110Z 15.7.9
2026-10-06T21:44:37.2942530Z 24G830
2026-10-06T21:44:37.2942900Z ##[endgroup]
2026-10-06T21:44:37.2943260Z ##[group]Runner Image
2026-10-06T21:44:37.2943780Z Image: macos-15-arm64
2026-10-06T21:44:37.2944310Z Version: 20260907.0337.1
2026-10-06T21:44:37.2945390Z Included Software: https://github.com/actions/runner-images/blob/macos-15-arm64/20260907.0337/images/macos/macos-15-arm64-Readme.md
2026-10-06T21:44:37.2946720Z Image Release: https://github.com/actions/runner-images/releases/tag/macos-15-arm64%2F20260907.0337
2026-10-06T21:44:37.2947470Z ##[endgroup]
2026-10-06T21:44:37.2948410Z ##[group]GITHUB_TOKEN Permissions
2026-10-06T21:44:37.2950300Z Contents: read
2026-10-06T21:44:37.2950790Z Metadata: read
2026-10-06T21:44:37.2951260Z ##[endgroup]
2026-10-06T21:44:37.2952960Z Secret source: Actions
2026-10-06T21:44:37.2953740Z Cache mode: write
2026-10-06T21:44:37.2954360Z Prepare workflow directory
2026-10-06T21:44:37.3327680Z Prepare all required actions
2026-10-06T21:44:37.3364420Z Getting action download info
2026-10-06T21:44:37.8147050Z Download action repository 'actions/checkout@v4' (SHA:11d5960a326750d5838078e36cf38b85af677262)
2026-10-06T21:44:38.0644450Z Download action repository 'actions/setup-node@v4' (SHA:49933ea5288caeca8642d1e84afbd3f7d6820020)
2026-10-06T21:44:38.1808450Z Download action repository 'actions/upload-artifact@v4' (SHA:ea165f8d65b6e75b540449e92b4886f43607fa02)
2026-10-06T21:44:38.3642980Z Complete job name: macos-15 / arm64
2026-10-06T21:44:38.4181310Z ##[group]Run actions/checkout@v4
2026-10-06T21:44:38.4182090Z with:
2026-10-06T21:44:38.4182430Z   repository: yceachan/ea-md-reader
2026-10-06T21:44:38.4185120Z   token: ***
2026-10-06T21:44:38.4185420Z   ssh-strict: true
2026-10-06T21:44:38.4185740Z   ssh-user: git
2026-10-06T21:44:38.4186060Z   persist-credentials: true
2026-10-06T21:44:38.4186410Z   clean: true
2026-10-06T21:44:38.4186730Z   sparse-checkout-cone-mode: true
2026-10-06T21:44:38.4187110Z   fetch-depth: 1
2026-10-06T21:44:38.4187460Z   fetch-tags: false
2026-10-06T21:44:38.4187790Z   show-progress: true
2026-10-06T21:44:38.4188110Z   lfs: false
2026-10-06T21:44:38.4188410Z   submodules: false
2026-10-06T21:44:38.4188740Z   set-safe-directory: true
2026-10-06T21:44:38.4189100Z   allow-unsafe-pr-checkout: false
2026-10-06T21:44:38.4189580Z env:
2026-10-06T21:44:38.4189900Z   CSC_IDENTITY_AUTO_DISCOVERY: false
2026-10-06T21:44:38.4190290Z   CSC_FOR_PULL_REQUEST: true
2026-10-06T21:44:38.4190760Z   XDG_CURRENT_DESKTOP: 
2026-10-06T21:44:38.4191090Z ##[endgroup]
2026-10-06T21:44:38.7007040Z Syncing repository: yceachan/ea-md-reader
2026-10-06T21:44:38.7008920Z ##[group]Getting Git version info
2026-10-06T21:44:38.7009620Z Working directory is '/Users/runner/work/ea-md-reader/ea-md-reader'
2026-10-06T21:44:38.7010720Z [command]/opt/homebrew/bin/git version
2026-10-06T21:44:38.7590610Z git version 2.55.0
2026-10-06T21:44:38.7604790Z ##[endgroup]
2026-10-06T21:44:38.7614600Z Copying '/Users/runner/.gitconfig' to '/Users/runner/work/_temp/5cf8f130-71af-4ba6-ae95-6b93e910e7be/.gitconfig'
2026-10-06T21:44:38.7626240Z Temporarily overriding HOME='/Users/runner/work/_temp/5cf8f130-71af-4ba6-ae95-6b93e910e7be' before making global git config changes
2026-10-06T21:44:38.7627390Z Adding repository directory to the temporary git global config as a safe directory
2026-10-06T21:44:38.7630790Z [command]/opt/homebrew/bin/git config --global --add safe.directory /Users/runner/work/ea-md-reader/ea-md-reader
2026-10-06T21:44:38.7756620Z Deleting the contents of '/Users/runner/work/ea-md-reader/ea-md-reader'
2026-10-06T21:44:38.7761370Z ##[group]Initializing the repository
2026-10-06T21:44:38.7766110Z [command]/opt/homebrew/bin/git init /Users/runner/work/ea-md-reader/ea-md-reader
2026-10-06T21:44:38.7974010Z hint: Using 'master' as the name for the initial branch. This default branch name
2026-10-06T21:44:38.7974970Z hint: will change to "main" in Git 3.0. To configure the initial branch name
2026-10-06T21:44:38.7975780Z hint: to use in all of your new repositories, which will suppress this warning,
2026-10-06T21:44:38.8021630Z hint: call:
2026-10-06T21:44:38.8022530Z hint:
2026-10-06T21:44:38.8023030Z hint: 	git config --global init.defaultBranch <name>
2026-10-06T21:44:38.8023530Z hint:
2026-10-06T21:44:38.8024020Z hint: Names commonly chosen instead of 'master' are 'main', 'trunk' and
2026-10-06T21:44:38.8024810Z hint: 'development'. The just-created branch can be renamed via this command:
2026-10-06T21:44:38.8025470Z hint:
2026-10-06T21:44:38.8025860Z hint: 	git branch -m <name>
2026-10-06T21:44:38.8026240Z hint:
2026-10-06T21:44:38.8026850Z hint: Disable this message with "git config set advice.defaultBranchName false"
2026-10-06T21:44:38.8027660Z Initialized empty Git repository in /Users/runner/work/ea-md-reader/ea-md-reader/.git/
2026-10-06T21:44:38.8029270Z [command]/opt/homebrew/bin/git remote add origin https://github.com/yceachan/ea-md-reader
2026-10-06T21:44:38.8054320Z ##[endgroup]
2026-10-06T21:44:38.8055100Z ##[group]Disabling automatic garbage collection
2026-10-06T21:44:38.8057010Z [command]/opt/homebrew/bin/git config --local gc.auto 0
2026-10-06T21:44:38.8118310Z ##[endgroup]
2026-10-06T21:44:38.8119070Z ##[group]Setting up auth
2026-10-06T21:44:38.8122520Z [command]/opt/homebrew/bin/git config --local --name-only --get-regexp core\.sshCommand
2026-10-06T21:44:38.8184640Z [command]/opt/homebrew/bin/git submodule foreach --recursive sh -c "git config --local --name-only --get-regexp 'core\.sshCommand' && git config --local --unset-all 'core.sshCommand' || :"
2026-10-06T21:44:38.9064160Z [command]/opt/homebrew/bin/git config --local --name-only --get-regexp http\.https\:\/\/github\.com\/\.extraheader
2026-10-06T21:44:38.9140100Z [command]/opt/homebrew/bin/git submodule foreach --recursive sh -c "git config --local --name-only --get-regexp 'http\.https\:\/\/github\.com\/\.extraheader' && git config --local --unset-all 'http.https://github.com/.extraheader' || :"
2026-10-06T21:44:38.9968630Z [command]/opt/homebrew/bin/git config --local --name-only --get-regexp ^includeIf\.gitdir:
2026-10-06T21:44:39.0026050Z [command]/opt/homebrew/bin/git submodule foreach --recursive git config --local --show-origin --name-only --get-regexp remote.origin.url
2026-10-06T21:44:39.0802830Z [command]/opt/homebrew/bin/git config --local http.https://github.com/.extraheader AUTHORIZATION: basic ***
2026-10-06T21:44:39.0886530Z ##[endgroup]
2026-10-06T21:44:39.0887470Z ##[group]Fetching the repository
2026-10-06T21:44:39.0888920Z [command]/opt/homebrew/bin/git -c protocol.version=2 fetch --no-tags --prune --no-recurse-submodules --depth=1 origin +1f1bdc7602aadd38f093600c497a8f81bedb746f:refs/remotes/pull/2/merge
2026-10-06T21:44:39.5922520Z From https://github.com/yceachan/ea-md-reader
2026-10-06T21:44:39.5924030Z  * [new ref]         1f1bdc7602aadd38f093600c497a8f81bedb746f -> pull/2/merge
2026-10-06T21:44:39.5930930Z ##[endgroup]
2026-10-06T21:44:39.5932100Z ##[group]Determining the checkout info
2026-10-06T21:44:39.5933110Z ##[endgroup]
2026-10-06T21:44:39.5934530Z [command]/opt/homebrew/bin/git sparse-checkout disable
2026-10-06T21:44:39.6010560Z [command]/opt/homebrew/bin/git config --local --unset-all extensions.worktreeConfig
2026-10-06T21:44:39.6069100Z ##[group]Checking out the ref
2026-10-06T21:44:39.6071500Z [command]/opt/homebrew/bin/git checkout --progress --force refs/remotes/pull/2/merge
2026-10-06T21:44:39.6292510Z HEAD is now at 1f1bdc7 Merge f91d5db6ca791eea18b3dedab146ecbb3bd7fc03 into 7cebdef012f4a664e064cdc88a54888779db395b
2026-10-06T21:44:39.6299190Z ##[endgroup]
2026-10-06T21:44:39.6372430Z [command]/opt/homebrew/bin/git log -1 --format=%H
2026-10-06T21:44:39.6436540Z 1f1bdc7602aadd38f093600c497a8f81bedb746f
2026-10-06T21:44:39.6910970Z ##[group]Run actions/setup-node@v4
2026-10-06T21:44:39.6911880Z with:
2026-10-06T21:44:39.6912560Z   node-version: 22
2026-10-06T21:44:39.6913200Z   cache: npm
2026-10-06T21:44:39.6913820Z   always-auth: false
2026-10-06T21:44:39.6914470Z   check-latest: false
2026-10-06T21:44:39.6921660Z   token: ***
2026-10-06T21:44:39.6922280Z env:
2026-10-06T21:44:39.6922910Z   CSC_IDENTITY_AUTO_DISCOVERY: false
2026-10-06T21:44:39.6923740Z   CSC_FOR_PULL_REQUEST: true
2026-10-06T21:44:39.6924480Z   XDG_CURRENT_DESKTOP: 
2026-10-06T21:44:39.6925140Z ##[endgroup]
2026-10-06T21:44:39.8365830Z Found in cache @ /Users/runner/hostedtoolcache/node/22.23.2/arm64
2026-10-06T21:44:39.8370000Z (node:1874) [DEP0040] DeprecationWarning: The `punycode` module is deprecated. Please use a userland alternative instead.
2026-10-06T21:44:39.8373750Z (Use `node --trace-deprecation ...` to show where the warning was created)
2026-10-06T21:44:39.8375560Z ##[group]Environment details
2026-10-06T21:44:40.4313210Z node: v22.23.2
2026-10-06T21:44:40.4313710Z npm: 10.9.8
2026-10-06T21:44:40.4313990Z yarn: 1.22.22
2026-10-06T21:44:40.4314640Z ##[endgroup]
2026-10-06T21:44:40.4315710Z [command]/Users/runner/hostedtoolcache/node/22.23.2/arm64/bin/npm config get cache
2026-10-06T21:44:40.6387450Z /Users/runner/.npm
2026-10-06T21:44:40.9203480Z Cache hit for: node-cache-macOS-arm64-npm-37ac43c60893eb43bb5861b606f9365bfad3f831969b858b6db82b6a8592a500
2026-10-06T21:44:40.9271590Z (node:1874) [DEP0169] DeprecationWarning: `url.parse()` behavior is not standardized and prone to errors that have security implications. Use the WHATWG URL API instead. CVEs are not issued for `url.parse()` vulnerabilities.
2026-10-06T21:44:42.2055380Z Received 0 of 84832212 (0.0%), 0.0 MBs/sec
2026-10-06T21:44:43.1459360Z Received 84832212 of 84832212 (100.0%), 41.6 MBs/sec
2026-10-06T21:44:43.1474420Z Cache Size: ~81 MB (84832212 B)
2026-10-06T21:44:43.1684300Z [command]/opt/homebrew/bin/gtar -xf /Users/runner/work/_temp/2310c3d4-a1da-4b08-ac23-e5e21b48f8f6/cache.tzst -P -C /Users/runner/work/ea-md-reader/ea-md-reader --delay-directory-restore --use-compress-program unzstd
2026-10-06T21:44:43.6397530Z Cache restored successfully
2026-10-06T21:44:43.6426710Z Cache restored from key: node-cache-macOS-arm64-npm-37ac43c60893eb43bb5861b606f9365bfad3f831969b858b6db82b6a8592a500
2026-10-06T21:44:43.6625050Z ##[group]Run node -e "console.log({platform:process.platform,arch:process.arch,node:process.version}); if(process.arch!==process.env.EXPECTED_ARCH) process.exit(1)"
2026-10-06T21:44:43.6626020Z [36;1mnode -e "console.log({platform:process.platform,arch:process.arch,node:process.version}); if(process.arch!==process.env.EXPECTED_ARCH) process.exit(1)"[0m
2026-10-06T21:44:43.6675390Z shell: /bin/bash -e {0}
2026-10-06T21:44:43.6675720Z env:
2026-10-06T21:44:43.6675950Z   CSC_IDENTITY_AUTO_DISCOVERY: false
2026-10-06T21:44:43.6676240Z   CSC_FOR_PULL_REQUEST: true
2026-10-06T21:44:43.6676480Z   XDG_CURRENT_DESKTOP: 
2026-10-06T21:44:43.6676740Z   EXPECTED_ARCH: arm64
2026-10-06T21:44:43.6677030Z ##[endgroup]
2026-10-06T21:44:43.7645100Z { platform: 'darwin', arch: 'arm64', node: 'v22.23.2' }
2026-10-06T21:44:43.7729400Z ##[group]Run npm ci
2026-10-06T21:44:43.7729650Z [36;1mnpm ci[0m
2026-10-06T21:44:43.7761390Z shell: /bin/bash -e {0}
2026-10-06T21:44:43.7761610Z env:
2026-10-06T21:44:43.7761850Z   CSC_IDENTITY_AUTO_DISCOVERY: false
2026-10-06T21:44:43.7762140Z   CSC_FOR_PULL_REQUEST: true
2026-10-06T21:44:43.7762350Z   XDG_CURRENT_DESKTOP: 
2026-10-06T21:44:43.7762570Z ##[endgroup]
2026-10-06T21:44:45.9693740Z npm warn deprecated inflight@1.0.6: This module is not supported, and leaks memory. Do not use it. Check out lru-cache if you want a good and tested way to coalesce async requests by a key value, which is much more comprehensive and powerful.
2026-10-06T21:44:46.0294850Z npm warn deprecated rimraf@2.6.3: Rimraf versions prior to v4 are no longer supported
2026-10-06T21:44:46.1255630Z npm warn deprecated glob@7.2.3: Old versions of glob are not supported, and contain widely publicized security vulnerabilities, which have been fixed in the current version. Please update. Support for old versions may be purchased (at exorbitant rates) by contacting i@izs.me
2026-10-06T21:44:46.4608480Z npm warn deprecated boolean@3.2.0: Package no longer supported. Contact Support at https://www.npmjs.com/support for more info.
2026-10-06T21:44:50.3237000Z 
2026-10-06T21:44:50.3238200Z added 520 packages, and audited 521 packages in 6s
2026-10-06T21:44:50.3238760Z 
2026-10-06T21:44:50.3246220Z 86 packages are looking for funding
2026-10-06T21:44:50.3246610Z   run `npm fund` for details
2026-10-06T21:44:50.3380480Z 
2026-10-06T21:44:50.3381190Z 10 vulnerabilities (2 low, 8 moderate)
2026-10-06T21:44:50.3381640Z 
2026-10-06T21:44:50.3381990Z To address issues that do not require attention, run:
2026-10-06T21:44:50.3382510Z   npm audit fix
2026-10-06T21:44:50.3382900Z 
2026-10-06T21:44:50.3396910Z To address all issues (including breaking changes), run:
2026-10-06T21:44:50.3397700Z   npm audit fix --force
2026-10-06T21:44:50.3408070Z 
2026-10-06T21:44:50.3408500Z Run `npm audit` for details.
2026-10-06T21:44:50.4796680Z ##[group]Run npm run pack -- --platform=mac
2026-10-06T21:44:50.4797070Z [36;1mnpm run pack -- --platform=mac[0m
2026-10-06T21:44:50.4867300Z shell: /bin/bash -e {0}
2026-10-06T21:44:50.4868760Z env:
2026-10-06T21:44:50.4869020Z   CSC_IDENTITY_AUTO_DISCOVERY: false
2026-10-06T21:44:50.4869290Z   CSC_FOR_PULL_REQUEST: true
2026-10-06T21:44:50.4869720Z   XDG_CURRENT_DESKTOP: 
2026-10-06T21:44:50.4870010Z ##[endgroup]
2026-10-06T21:44:50.7439190Z 
2026-10-06T21:44:50.7453730Z > emd@0.1.0 pack
2026-10-06T21:44:50.7489390Z > node scripts/pack.mjs --platform=mac
2026-10-06T21:44:50.7492230Z 
2026-10-06T21:44:50.8052600Z 打包平台：macOS
2026-10-06T21:44:51.1713230Z 
2026-10-06T21:44:51.1815740Z > emd@0.1.0 build
2026-10-06T21:44:51.1917970Z > npm run build:icons && tsc --noEmit && vite build
2026-10-06T21:44:51.2028360Z 
2026-10-06T21:44:51.4988900Z 
2026-10-06T21:44:51.5098140Z > emd@0.1.0 build:icons
2026-10-06T21:44:51.5228060Z > node scripts/render-icons.mjs
2026-10-06T21:44:51.5335230Z 
2026-10-06T21:45:06.8009160Z Rendered application icons from assets/emd.svg
2026-10-06T21:45:09.4446880Z [36mvite v7.3.6 [32mbuilding client environment for production...[36m[39m
2026-10-06T21:45:09.5223000Z transforming...
2026-10-06T21:45:18.8375960Z [32m✓[39m 2528 modules transformed.
2026-10-06T21:45:19.7007330Z rendering chunks...
2026-10-06T21:45:20.8696160Z computing gzip size...
2026-10-06T21:45:21.2073160Z [2mdist/[22m[32mindex.html                                       [39m[1m[2m  0.69 kB[22m[1m[22m[2m │ gzip:   0.41 kB[22m
2026-10-06T21:45:21.2172990Z [33m
2026-10-06T21:45:21.2173820Z [2mdist/[22m[2massets/[22m[32mKaTeX_Size3-Regular-CTq5MqoE.woff         [39m[1m[2m  4.42 kB[22m[1m[22m
2026-10-06T21:45:21.2274190Z (!) Some chunks are larger than 500 kB after minification. Consider:
2026-10-06T21:45:21.2275470Z [2mdist/[22m[2massets/[22m[32mKaTeX_Size4-Regular-Dl5lxZxV.woff2        [39m[1m[2m  4.93 kB[22m[1m[22m
2026-10-06T21:45:21.2375770Z - Using dynamic import() to code-split the application
2026-10-06T21:45:21.2376850Z [2mdist/[22m[2massets/[22m[32mKaTeX_Size2-Regular-Dy4dx90m.woff2        [39m[1m[2m  5.21 kB[22m[1m[22m
2026-10-06T21:45:21.2478700Z - Use build.rollupOptions.output.manualChunks to improve chunking: https://rollupjs.org/configuration-options/#output-manualchunks
2026-10-06T21:45:21.2480020Z [2mdist/[22m[2massets/[22m[32mKaTeX_Size1-Regular-mCD8mA8B.woff2        [39m[1m[2m  5.47 kB[22m[1m[22m
2026-10-06T21:45:21.2540580Z - Adjust chunk size limit for this warning via build.chunkSizeWarningLimit.[39m
2026-10-06T21:45:21.2541820Z [2mdist/[22m[2massets/[22m[32mKaTeX_Size4-Regular-BF-4gkZK.woff         [39m[1m[2m  5.98 kB[22m[1m[22m
2026-10-06T21:45:21.2551870Z [2mdist/[22m[2massets/[22m[32mKaTeX_Size2-Regular-oD1tc_U0.woff         [39m[1m[2m  6.19 kB[22m[1m[22m
2026-10-06T21:45:21.2553160Z [2mdist/[22m[2massets/[22m[32mKaTeX_Size1-Regular-C195tn64.woff         [39m[1m[2m  6.50 kB[22m[1m[22m
2026-10-06T21:45:21.2554560Z [2mdist/[22m[2massets/[22m[32mKaTeX_Caligraphic-Regular-Di6jR-x-.woff2  [39m[1m[2m  6.91 kB[22m[1m[22m
2026-10-06T21:45:21.2556080Z [2mdist/[22m[2massets/[22m[32mKaTeX_Caligraphic-Bold-Dq_IR9rO.woff2     [39m[1m[2m  6.91 kB[22m[1m[22m
2026-10-06T21:45:21.2558310Z [2mdist/[22m[2massets/[22m[32mKaTeX_Size3-Regular-DgpXs0kz.ttf          [39m[1m[2m  7.59 kB[22m[1m[22m
2026-10-06T21:45:21.2559650Z [2mdist/[22m[2massets/[22m[32mKaTeX_Caligraphic-Regular-CTRA-rTL.woff   [39m[1m[2m  7.66 kB[22m[1m[22m
2026-10-06T21:45:21.2561810Z [2mdist/[22m[2massets/[22m[32mKaTeX_Caligraphic-Bold-BEiXGLvX.woff      [39m[1m[2m  7.72 kB[22m[1m[22m
2026-10-06T21:45:21.2565130Z [2mdist/[22m[2massets/[22m[32mKaTeX_Script-Regular-D3wIWfF6.woff2       [39m[1m[2m  9.64 kB[22m[1m[22m
2026-10-06T21:45:21.2566630Z [2mdist/[22m[2massets/[22m[32mKaTeX_SansSerif-Regular-DDBCnlJ7.woff2    [39m[1m[2m 10.34 kB[22m[1m[22m
2026-10-06T21:45:21.2571360Z [2mdist/[22m[2massets/[22m[32mKaTeX_Size4-Regular-DWFBv043.ttf          [39m[1m[2m 10.36 kB[22m[1m[22m
2026-10-06T21:45:21.2573360Z [2mdist/[22m[2massets/[22m[32mKaTeX_Script-Regular-D5yQViql.woff        [39m[1m[2m 10.59 kB[22m[1m[22m
2026-10-06T21:45:21.2574460Z [2mdist/[22m[2massets/[22m[32mKaTeX_Fraktur-Regular-CTYiF6lA.woff2      [39m[1m[2m 11.32 kB[22m[1m[22m
2026-10-06T21:45:21.2575610Z [2mdist/[22m[2massets/[22m[32mKaTeX_Fraktur-Bold-CL6g_b3V.woff2         [39m[1m[2m 11.35 kB[22m[1m[22m
2026-10-06T21:45:21.2576750Z [2mdist/[22m[2massets/[22m[32mKaTeX_Size2-Regular-B7gKUWhC.ttf          [39m[1m[2m 11.51 kB[22m[1m[22m
2026-10-06T21:45:21.2577790Z [2mdist/[22m[2massets/[22m[32mKaTeX_SansSerif-Italic-C3H0VqGB.woff2     [39m[1m[2m 12.03 kB[22m[1m[22m
2026-10-06T21:45:21.2579780Z [2mdist/[22m[2massets/[22m[32mKaTeX_SansSerif-Bold-D1sUS0GD.woff2       [39m[1m[2m 12.22 kB[22m[1m[22m
2026-10-06T21:45:21.2581520Z [2mdist/[22m[2massets/[22m[32mKaTeX_Size1-Regular-Dbsnue_I.ttf          [39m[1m[2m 12.23 kB[22m[1m[22m
2026-10-06T21:45:21.2582660Z [2mdist/[22m[2massets/[22m[32mKaTeX_SansSerif-Regular-CS6fqUqJ.woff     [39m[1m[2m 12.32 kB[22m[1m[22m
2026-10-06T21:45:21.2583870Z [2mdist/[22m[2massets/[22m[32mKaTeX_Caligraphic-Regular-wX97UBjC.ttf    [39m[1m[2m 12.34 kB[22m[1m[22m
2026-10-06T21:45:21.2585120Z [2mdist/[22m[2massets/[22m[32mKaTeX_Caligraphic-Bold-ATXxdsX0.ttf       [39m[1m[2m 12.37 kB[22m[1m[22m
2026-10-06T21:45:21.2586380Z [2mdist/[22m[2massets/[22m[32mKaTeX_Fraktur-Regular-Dxdc4cR9.woff       [39m[1m[2m 13.21 kB[22m[1m[22m
2026-10-06T21:45:21.2588710Z [2mdist/[22m[2massets/[22m[32mKaTeX_Fraktur-Bold-BsDP51OF.woff          [39m[1m[2m 13.30 kB[22m[1m[22m
2026-10-06T21:45:21.2589980Z [2mdist/[22m[2massets/[22m[32mKaTeX_Typewriter-Regular-CO6r4hn1.woff2   [39m[1m[2m 13.57 kB[22m[1m[22m
2026-10-06T21:45:21.2591450Z [2mdist/[22m[2massets/[22m[32mKaTeX_SansSerif-Italic-DN2j7dab.woff      [39m[1m[2m 14.11 kB[22m[1m[22m
2026-10-06T21:45:21.2592870Z [2mdist/[22m[2massets/[22m[32mKaTeX_SansSerif-Bold-DbIhKOiC.woff        [39m[1m[2m 14.41 kB[22m[1m[22m
2026-10-06T21:45:21.2594530Z [2mdist/[22m[2massets/[22m[32mKaTeX_Typewriter-Regular-C0xS9mPB.woff    [39m[1m[2m 16.03 kB[22m[1m[22m
2026-10-06T21:45:21.2596770Z [2mdist/[22m[2massets/[22m[32mKaTeX_Math-BoldItalic-CZnvNsCZ.woff2      [39m[1m[2m 16.40 kB[22m[1m[22m
2026-10-06T21:45:21.2601600Z [2mdist/[22m[2massets/[22m[32mKaTeX_Math-Italic-t53AETM-.woff2          [39m[1m[2m 16.44 kB[22m[1m[22m
2026-10-06T21:45:21.2605150Z [2mdist/[22m[2massets/[22m[32mKaTeX_Script-Regular-C5JkGWo-.ttf         [39m[1m[2m 16.65 kB[22m[1m[22m
2026-10-06T21:45:21.2607280Z [2mdist/[22m[2massets/[22m[32mKaTeX_Main-BoldItalic-DxDJ3AOS.woff2      [39m[1m[2m 16.78 kB[22m[1m[22m
2026-10-06T21:45:21.2609020Z [2mdist/[22m[2massets/[22m[32mKaTeX_Main-Italic-NWA7e6Wa.woff2          [39m[1m[2m 16.99 kB[22m[1m[22m
2026-10-06T21:45:21.2611670Z [2mdist/[22m[2massets/[22m[32mKaTeX_Math-BoldItalic-iY-2wyZ7.woff       [39m[1m[2m 18.67 kB[22m[1m[22m
2026-10-06T21:45:21.2615380Z [2mdist/[22m[2massets/[22m[32mKaTeX_Math-Italic-DA0__PXp.woff           [39m[1m[2m 18.75 kB[22m[1m[22m
2026-10-06T21:45:21.2619120Z [2mdist/[22m[2massets/[22m[32mKaTeX_Main-BoldItalic-SpSLRI95.woff       [39m[1m[2m 19.41 kB[22m[1m[22m
2026-10-06T21:45:21.2620650Z [2mdist/[22m[2massets/[22m[32mKaTeX_SansSerif-Regular-BNo7hRIc.ttf      [39m[1m[2m 19.44 kB[22m[1m[22m
2026-10-06T21:45:21.2622340Z [2mdist/[22m[2massets/[22m[32mKaTeX_Fraktur-Regular-CB_wures.ttf        [39m[1m[2m 19.57 kB[22m[1m[22m
2026-10-06T21:45:21.2623830Z [2mdist/[22m[2massets/[22m[32mKaTeX_Fraktur-Bold-BdnERNNW.ttf           [39m[1m[2m 19.58 kB[22m[1m[22m
2026-10-06T21:45:21.2625420Z [2mdist/[22m[2massets/[22m[32mKaTeX_Main-Italic-BMLOBm91.woff           [39m[1m[2m 19.68 kB[22m[1m[22m
2026-10-06T21:45:21.2627350Z [2mdist/[22m[2massets/[22m[32mKaTeX_SansSerif-Italic-YYjJ1zSn.ttf       [39m[1m[2m 22.36 kB[22m[1m[22m
2026-10-06T21:45:21.2628630Z [2mdist/[22m[2massets/[22m[32mKaTeX_SansSerif-Bold-CFMepnvq.ttf         [39m[1m[2m 24.50 kB[22m[1m[22m
2026-10-06T21:45:21.2629830Z [2mdist/[22m[2massets/[22m[32mKaTeX_Main-Bold-Cx986IdX.woff2            [39m[1m[2m 25.32 kB[22m[1m[22m
2026-10-06T21:45:21.2630790Z [2mdist/[22m[2massets/[22m[32mKaTeX_Main-Regular-B22Nviop.woff2         [39m[1m[2m 26.27 kB[22m[1m[22m
2026-10-06T21:45:21.2631760Z [2mdist/[22m[2massets/[22m[32mKaTeX_Typewriter-Regular-D3Ib7_Hf.ttf     [39m[1m[2m 27.56 kB[22m[1m[22m
2026-10-06T21:45:21.2632820Z [2mdist/[22m[2massets/[22m[32mKaTeX_AMS-Regular-BQhdFMY1.woff2          [39m[1m[2m 28.08 kB[22m[1m[22m
2026-10-06T21:45:21.2698640Z [2mdist/[22m[2massets/[22m[32mKaTeX_Main-Bold-Jm3AIy58.woff             [39m[1m[2m 29.91 kB[22m[1m[22m
2026-10-06T21:45:21.2700150Z [2mdist/[22m[2massets/[22m[32mKaTeX_Main-Regular-Dr94JaBh.woff          [39m[1m[2m 30.77 kB[22m[1m[22m
2026-10-06T21:45:21.2701090Z [2mdist/[22m[2massets/[22m[32mKaTeX_Math-BoldItalic-B3XSjfu4.ttf        [39m[1m[2m 31.20 kB[22m[1m[22m
2026-10-06T21:45:21.2702130Z [2mdist/[22m[2massets/[22m[32mKaTeX_Math-Italic-flOr_0UB.ttf            [39m[1m[2m 31.31 kB[22m[1m[22m
2026-10-06T21:45:21.2703040Z [2mdist/[22m[2massets/[22m[32mKaTeX_Main-BoldItalic-DzxPMmG6.ttf        [39m[1m[2m 32.97 kB[22m[1m[22m
2026-10-06T21:45:21.2703850Z [2mdist/[22m[2massets/[22m[32mKaTeX_AMS-Regular-DMm9YOAa.woff           [39m[1m[2m 33.52 kB[22m[1m[22m
2026-10-06T21:45:21.2704990Z [2mdist/[22m[2massets/[22m[32mKaTeX_Main-Italic-3WenGoN9.ttf            [39m[1m[2m 33.58 kB[22m[1m[22m
2026-10-06T21:45:21.2705900Z [2mdist/[22m[2massets/[22m[32mKaTeX_Main-Bold-waoOVXN0.ttf              [39m[1m[2m 51.34 kB[22m[1m[22m
2026-10-06T21:45:21.2706880Z [2mdist/[22m[2massets/[22m[32mKaTeX_Main-Regular-ypZvNtVU.ttf           [39m[1m[2m 53.58 kB[22m[1m[22m
2026-10-06T21:45:21.2709130Z [2mdist/[22m[2massets/[22m[32mKaTeX_AMS-Regular-DRggAlZN.ttf            [39m[1m[2m 63.63 kB[22m[1m[22m
2026-10-06T21:45:21.2710400Z [2mdist/[22m[2massets/[22m[35mindex-BwxPVEoW.css                        [39m[1m[2m 49.45 kB[22m[1m[22m[2m │ gzip:  12.80 kB[22m
2026-10-06T21:45:21.2712880Z [2mdist/[22m[2massets/[22m[36mchannel-FUdXnKJX.js                       [39m[1m[2m  0.11 kB[22m[1m[22m[2m │ gzip:   0.13 kB[22m
2026-10-06T21:45:21.2714380Z [2mdist/[22m[2massets/[22m[36minit-Gi6I4Gst.js                          [39m[1m[2m  0.15 kB[22m[1m[22m[2m │ gzip:   0.13 kB[22m
2026-10-06T21:45:21.2716400Z [2mdist/[22m[2massets/[22m[36mchunk-2Q5K7J3B-o2JtGGfA.js                [39m[1m[2m  0.19 kB[22m[1m[22m[2m │ gzip:   0.16 kB[22m
2026-10-06T21:45:21.2718040Z [2mdist/[22m[2massets/[22m[36mchunk-JWPE2WC7-Cl1QLhVt.js                [39m[1m[2m  0.23 kB[22m[1m[22m[2m │ gzip:   0.17 kB[22m
2026-10-06T21:45:21.2719360Z [2mdist/[22m[2massets/[22m[36mchunk-XXDRQBXY-I-YnLo6L.js                [39m[1m[2m  0.23 kB[22m[1m[22m[2m │ gzip:   0.21 kB[22m
2026-10-06T21:45:21.2720510Z [2mdist/[22m[2massets/[22m[36mchunk-5VM5RSS4-CLOA691W.js                [39m[1m[2m  0.37 kB[22m[1m[22m[2m │ gzip:   0.27 kB[22m
2026-10-06T21:45:21.2721990Z [2mdist/[22m[2massets/[22m[36mstateDiagram-v2-MP3YSRHH-B2P103kj.js      [39m[1m[2m  0.43 kB[22m[1m[22m[2m │ gzip:   0.30 kB[22m
2026-10-06T21:45:21.2723570Z [2mdist/[22m[2massets/[22m[36mclassDiagram-ZZMXUADV-Cx1tDEYN.js         [39m[1m[2m  0.47 kB[22m[1m[22m[2m │ gzip:   0.32 kB[22m
2026-10-06T21:45:21.2724810Z [2mdist/[22m[2massets/[22m[36mclassDiagram-v2-VYDZK3BY-Cx1tDEYN.js      [39m[1m[2m  0.47 kB[22m[1m[22m[2m │ gzip:   0.32 kB[22m
2026-10-06T21:45:21.2726380Z [2mdist/[22m[2massets/[22m[36mchunk-POPQ4Y6H-3TACjkb4.js                [39m[1m[2m  0.51 kB[22m[1m[22m[2m │ gzip:   0.36 kB[22m
2026-10-06T21:45:21.2727680Z [2mdist/[22m[2massets/[22m[36mcodeowners-Bp6g37R7.js                    [39m[1m[2m  0.55 kB[22m[1m[22m[2m │ gzip:   0.32 kB[22m
2026-10-06T21:45:21.2729140Z [2mdist/[22m[2massets/[22m[36mswimlanesDiagram-VR7AAH4N-C5wxo-hl.js     [39m[1m[2m  0.55 kB[22m[1m[22m[2m │ gzip:   0.37 kB[22m
2026-10-06T21:45:21.2730850Z [2mdist/[22m[2massets/[22m[36minfoDiagram-27XIBGKW-_RHcM5LJ.js          [39m[1m[2m  0.59 kB[22m[1m[22m[2m │ gzip:   0.41 kB[22m
2026-10-06T21:45:21.2732330Z [2mdist/[22m[2massets/[22m[36mshellsession-BADoaaVG.js                  [39m[1m[2m  0.71 kB[22m[1m[22m[2m │ gzip:   0.43 kB[22m
2026-10-06T21:45:21.2733870Z [2mdist/[22m[2massets/[22m[36mtsv-B_m7g4N7.js                           [39m[1m[2m  0.74 kB[22m[1m[22m[2m │ gzip:   0.34 kB[22m
2026-10-06T21:45:21.2735030Z [2mdist/[22m[2massets/[22m[36mhtml-derivative-DZhk3IEZ.js               [39m[1m[2m  0.90 kB[22m[1m[22m[2m │ gzip:   0.50 kB[22m
2026-10-06T21:45:21.2736730Z [2mdist/[22m[2massets/[22m[36msizeCapture-INFHLROL-nXGNq9r5.js          [39m[1m[2m  0.94 kB[22m[1m[22m[2m │ gzip:   0.53 kB[22m
2026-10-06T21:45:21.2738180Z [2mdist/[22m[2massets/[22m[36mgit-rebase-r7XF79zn.js                    [39m[1m[2m  0.98 kB[22m[1m[22m[2m │ gzip:   0.44 kB[22m
2026-10-06T21:45:21.2739750Z [2mdist/[22m[2massets/[22m[36mqmldir-C8lEn-DE.js                        [39m[1m[2m  1.00 kB[22m[1m[22m[2m │ gzip:   0.45 kB[22m
2026-10-06T21:45:21.2741250Z [2mdist/[22m[2massets/[22m[36mcsv-fuZLfV_i.js                           [39m[1m[2m  1.14 kB[22m[1m[22m[2m │ gzip:   0.37 kB[22m
2026-10-06T21:45:21.2742340Z [2mdist/[22m[2massets/[22m[36mordinal-Cboi1Yqb.js                       [39m[1m[2m  1.19 kB[22m[1m[22m[2m │ gzip:   0.57 kB[22m
2026-10-06T21:45:21.2743870Z [2mdist/[22m[2massets/[22m[36mgit-commit-F4YmCXRG.js                    [39m[1m[2m  1.23 kB[22m[1m[22m[2m │ gzip:   0.53 kB[22m
2026-10-06T21:45:21.2745360Z [2mdist/[22m[2massets/[22m[36mxsl-CtQFsRM5.js                           [39m[1m[2m  1.39 kB[22m[1m[22m[2m │ gzip:   0.52 kB[22m
2026-10-06T21:45:21.2746970Z [2mdist/[22m[2massets/[22m[36msparql-rVzFXLq3.js                        [39m[1m[2m  1.48 kB[22m[1m[22m[2m │ gzip:   0.82 kB[22m
2026-10-06T21:45:21.2748030Z [2mdist/[22m[2massets/[22m[36mini-BEwlwnbL.js                           [39m[1m[2m  1.53 kB[22m[1m[22m[2m │ gzip:   0.50 kB[22m
2026-10-06T21:45:21.2749110Z [2mdist/[22m[2massets/[22m[36mrailroadDiagram-O6MQD6OU-DEkPl9ae.js      [39m[1m[2m  1.61 kB[22m[1m[22m[2m │ gzip:   0.75 kB[22m
2026-10-06T21:45:21.2750940Z [2mdist/[22m[2massets/[22m[36mfortran-fixed-form-CkoXwp7k.js            [39m[1m[2m  1.67 kB[22m[1m[22m[2m │ gzip:   0.69 kB[22m
2026-10-06T21:45:21.2751930Z [2mdist/[22m[2massets/[22m[36mdocker-BcOcwvcX.js                        [39m[1m[2m  1.74 kB[22m[1m[22m[2m │ gzip:   0.60 kB[22m
2026-10-06T21:45:21.2753280Z [2mdist/[22m[2massets/[22m[36mdotenv-De0Btta0.js                        [39m[1m[2m  1.75 kB[22m[1m[22m[2m │ gzip:   0.61 kB[22m
2026-10-06T21:45:21.2754510Z [2mdist/[22m[2massets/[22m[36mabnfDiagram-VCTEODGH-CW857IX5.js          [39m[1m[2m  1.81 kB[22m[1m[22m[2m │ gzip:   0.89 kB[22m
2026-10-06T21:45:21.2755530Z [2mdist/[22m[2massets/[22m[36mdesktop-BmXAJ9_W.js                       [39m[1m[2m  1.83 kB[22m[1m[22m[2m │ gzip:   0.76 kB[22m
2026-10-06T21:45:21.2756550Z [2mdist/[22m[2massets/[22m[36mchunk-F27PBJKO-BHOfQOWm.js                [39m[1m[2m  1.88 kB[22m[1m[22m[2m │ gzip:   0.82 kB[22m
2026-10-06T21:45:21.2757570Z [2mdist/[22m[2massets/[22m[36mhxml-2-FPmUDs.js                          [39m[1m[2m  1.89 kB[22m[1m[22m[2m │ gzip:   0.90 kB[22m
2026-10-06T21:45:21.2758810Z [2mdist/[22m[2massets/[22m[36mpegDiagram-XKGWAZYB-CJfN6Ktr.js           [39m[1m[2m  1.96 kB[22m[1m[22m[2m │ gzip:   0.92 kB[22m
2026-10-06T21:45:21.2759990Z [2mdist/[22m[2massets/[22m[36mebnfDiagram-PWID7BFC-CHSS9qdm.js          [39m[1m[2m  2.01 kB[22m[1m[22m[2m │ gzip:   0.88 kB[22m
2026-10-06T21:45:21.2760890Z [2mdist/[22m[2massets/[22m[36mwenyan-BV7otONQ.js                        [39m[1m[2m  2.16 kB[22m[1m[22m[2m │ gzip:   1.09 kB[22m
2026-10-06T21:45:21.2761900Z [2mdist/[22m[2massets/[22m[36mjssm-C2t-YnRu.js                          [39m[1m[2m  2.24 kB[22m[1m[22m[2m │ gzip:   0.62 kB[22m
2026-10-06T21:45:21.2762930Z [2mdist/[22m[2massets/[22m[36mreg-C-SQnVFl.js                           [39m[1m[2m  2.35 kB[22m[1m[22m[2m │ gzip:   0.70 kB[22m
2026-10-06T21:45:21.2763930Z [2mdist/[22m[2massets/[22m[36medge-CJaD-t2L.js                          [39m[1m[2m  2.36 kB[22m[1m[22m[2m │ gzip:   0.70 kB[22m
2026-10-06T21:45:21.2765010Z [2mdist/[22m[2massets/[22m[36mdiff-D97Zzqfu.js                          [39m[1m[2m  2.57 kB[22m[1m[22m[2m │ gzip:   0.70 kB[22m
2026-10-06T21:45:21.2766050Z [2mdist/[22m[2massets/[22m[36mgleam-BspZqrRM.js                         [39m[1m[2m  2.58 kB[22m[1m[22m[2m │ gzip:   0.82 kB[22m
2026-10-06T21:45:21.2767110Z [2mdist/[22m[2massets/[22m[36merb-CSMaCouu.js                           [39m[1m[2m  2.61 kB[22m[1m[22m[2m │ gzip:   0.84 kB[22m
2026-10-06T21:45:21.2768160Z [2mdist/[22m[2massets/[22m[36mhy-DFXneXwc.js                            [39m[1m[2m  2.65 kB[22m[1m[22m[2m │ gzip:   1.18 kB[22m
2026-10-06T21:45:21.2769210Z [2mdist/[22m[2massets/[22m[36mjson-Cp-IABpG.js                          [39m[1m[2m  2.82 kB[22m[1m[22m[2m │ gzip:   0.78 kB[22m
2026-10-06T21:45:21.2770380Z [2mdist/[22m[2massets/[22m[36mopenscad-C4EeE6gA.js                      [39m[1m[2m  2.82 kB[22m[1m[22m[2m │ gzip:   1.01 kB[22m
2026-10-06T21:45:21.2771340Z [2mdist/[22m[2massets/[22m[36mlog-2UxHyX5q.js                           [39m[1m[2m  2.85 kB[22m[1m[22m[2m │ gzip:   0.90 kB[22m
2026-10-06T21:45:21.2772390Z [2mdist/[22m[2massets/[22m[36mcairo-KRGpt6FW.js                         [39m[1m[2m  2.94 kB[22m[1m[22m[2m │ gzip:   0.81 kB[22m
2026-10-06T21:45:21.2773550Z [2mdist/[22m[2massets/[22m[36mberry-uYugtg8r.js                         [39m[1m[2m  3.01 kB[22m[1m[22m[2m │ gzip:   0.81 kB[22m
2026-10-06T21:45:21.2774470Z [2mdist/[22m[2massets/[22m[36mjsonl-DcaNXYhu.js                         [39m[1m[2m  3.01 kB[22m[1m[22m[2m │ gzip:   0.79 kB[22m
2026-10-06T21:45:21.2775550Z [2mdist/[22m[2massets/[22m[36mjsonc-Des-eS-w.js                         [39m[1m[2m  3.11 kB[22m[1m[22m[2m │ gzip:   0.80 kB[22m
2026-10-06T21:45:21.2776970Z [2mdist/[22m[2massets/[22m[36mlogo-BtOb2qkB.js                          [39m[1m[2m  3.13 kB[22m[1m[22m[2m │ gzip:   1.47 kB[22m
2026-10-06T21:45:21.2777920Z [2mdist/[22m[2massets/[22m[36mpo-BTJTHyun.js                            [39m[1m[2m  3.24 kB[22m[1m[22m[2m │ gzip:   0.91 kB[22m
2026-10-06T21:45:21.2778960Z [2mdist/[22m[2massets/[22m[36mjson5-C9tS-k6U.js                         [39m[1m[2m  3.25 kB[22m[1m[22m[2m │ gzip:   0.83 kB[22m
2026-10-06T21:45:21.2780020Z [2mdist/[22m[2massets/[22m[36mmipsasm-CKIfxQSi.js                       [39m[1m[2m  3.26 kB[22m[1m[22m[2m │ gzip:   1.18 kB[22m
2026-10-06T21:45:21.2781040Z [2mdist/[22m[2massets/[22m[36mtasl-QIJgUcNo.js                          [39m[1m[2m  3.29 kB[22m[1m[22m[2m │ gzip:   0.85 kB[22m
2026-10-06T21:45:21.2782100Z [2mdist/[22m[2massets/[22m[36mrbs-CpoqiR4B.js                           [39m[1m[2m  3.31 kB[22m[1m[22m[2m │ gzip:   0.73 kB[22m
2026-10-06T21:45:21.2785770Z [2mdist/[22m[2massets/[22m[36mgenie-D0YGMca9.js                         [39m[1m[2m  3.36 kB[22m[1m[22m[2m │ gzip:   1.21 kB[22m
2026-10-06T21:45:21.2788500Z [2mdist/[22m[2massets/[22m[36mrel-C3B-1QV4.js                           [39m[1m[2m  3.37 kB[22m[1m[22m[2m │ gzip:   1.11 kB[22m
2026-10-06T21:45:21.2789690Z [2mdist/[22m[2massets/[22m[36mvala-CsfeWuGM.js                          [39m[1m[2m  3.37 kB[22m[1m[22m[2m │ gzip:   1.19 kB[22m
2026-10-06T21:45:21.2790750Z [2mdist/[22m[2massets/[22m[36marc-B3krsYDy.js                           [39m[1m[2m  3.43 kB[22m[1m[22m[2m │ gzip:   1.47 kB[22m
2026-10-06T21:45:21.2791700Z [2mdist/[22m[2massets/[22m[36msplunk-BtCnVYZw.js                        [39m[1m[2m  3.44 kB[22m[1m[22m[2m │ gzip:   1.52 kB[22m
2026-10-06T21:45:21.2792560Z [2mdist/[22m[2massets/[22m[36mfluent-C4IJs8-o.js                        [39m[1m[2m  3.61 kB[22m[1m[22m[2m │ gzip:   0.90 kB[22m
2026-10-06T21:45:21.2793920Z [2mdist/[22m[2massets/[22m[36mssh-config-_ykCGR6B.js                    [39m[1m[2m  3.62 kB[22m[1m[22m[2m │ gzip:   1.60 kB[22m
2026-10-06T21:45:21.2795070Z [2mdist/[22m[2massets/[22m[36mjsonnet-DFQXde-d.js                       [39m[1m[2m  3.62 kB[22m[1m[22m[2m │ gzip:   1.05 kB[22m
2026-10-06T21:45:21.2796180Z [2mdist/[22m[2massets/[22m[36mkdl-DV7GczEv.js                           [39m[1m[2m  3.63 kB[22m[1m[22m[2m │ gzip:   1.04 kB[22m
2026-10-06T21:45:21.2797060Z [2mdist/[22m[2massets/[22m[36mglsl-DplSGwfg.js                          [39m[1m[2m  3.63 kB[22m[1m[22m[2m │ gzip:   1.41 kB[22m
2026-10-06T21:45:21.2798170Z [2mdist/[22m[2massets/[22m[36mhurl-irOxFIW8.js                          [39m[1m[2m  3.65 kB[22m[1m[22m[2m │ gzip:   1.16 kB[22m
2026-10-06T21:45:21.2799130Z [2mdist/[22m[2massets/[22m[36mnarrat-DRg8JJMk.js                        [39m[1m[2m  3.67 kB[22m[1m[22m[2m │ gzip:   1.11 kB[22m
2026-10-06T21:45:21.2800310Z [2mdist/[22m[2massets/[22m[36mturtle-BsS91CYL.js                        [39m[1m[2m  3.70 kB[22m[1m[22m[2m │ gzip:   0.98 kB[22m
2026-10-06T21:45:21.2801460Z [2mdist/[22m[2massets/[22m[36mzenscript-DVFEvuxE.js                     [39m[1m[2m  3.91 kB[22m[1m[22m[2m │ gzip:   1.28 kB[22m
2026-10-06T21:45:21.2802820Z [2mdist/[22m[2massets/[22m[36mron-D8l8udqQ.js                           [39m[1m[2m  3.91 kB[22m[1m[22m[2m │ gzip:   0.98 kB[22m
2026-10-06T21:45:21.2803910Z [2mdist/[22m[2massets/[22m[36mgn-8iBmfbXw.js                            [39m[1m[2m  4.02 kB[22m[1m[22m[2m │ gzip:   1.50 kB[22m
2026-10-06T21:45:21.2805070Z [2mdist/[22m[2massets/[22m[36mpascal-D93ZcfNL.js                        [39m[1m[2m  4.15 kB[22m[1m[22m[2m │ gzip:   1.67 kB[22m
2026-10-06T21:45:21.2806170Z [2mdist/[22m[2massets/[22m[36mdiagram-Z3DM3KII-_CUAebxI.js              [39m[1m[2m  4.21 kB[22m[1m[22m[2m │ gzip:   1.83 kB[22m
2026-10-06T21:45:21.2808010Z [2mdist/[22m[2massets/[22m[36mtcl-dwOrl1Do.js                           [39m[1m[2m  4.43 kB[22m[1m[22m[2m │ gzip:   1.52 kB[22m
2026-10-06T21:45:21.2809040Z [2mdist/[22m[2massets/[22m[36mnextflow-BCxp2Aob.js                      [39m[1m[2m  4.51 kB[22m[1m[22m[2m │ gzip:   1.16 kB[22m
2026-10-06T21:45:21.2810510Z [2mdist/[22m[2massets/[22m[36mrosmsg-BJDFO7_C.js                        [39m[1m[2m  4.52 kB[22m[1m[22m[2m │ gzip:   1.06 kB[22m
2026-10-06T21:45:21.2811370Z [2mdist/[22m[2massets/[22m[36mhttp-jrhK8wxY.js                          [39m[1m[2m  4.55 kB[22m[1m[22m[2m │ gzip:   1.12 kB[22m
2026-10-06T21:45:21.2812460Z [2mdist/[22m[2massets/[22m[36mpolar-C0HS_06l.js                         [39m[1m[2m  4.67 kB[22m[1m[22m[2m │ gzip:   1.12 kB[22m
2026-10-06T21:45:21.2813430Z [2mdist/[22m[2massets/[22m[36mdefaultLocale-DX6XiGOO.js                 [39m[1m[2m  4.69 kB[22m[1m[22m[2m │ gzip:   2.18 kB[22m
2026-10-06T21:45:21.2814380Z [2mdist/[22m[2massets/[22m[36msdbl-DVxCFoDh.js                          [39m[1m[2m  4.70 kB[22m[1m[22m[2m │ gzip:   2.01 kB[22m
2026-10-06T21:45:21.2815980Z [2mdist/[22m[2massets/[22m[36mfennel-BYunw83y.js                        [39m[1m[2m  4.77 kB[22m[1m[22m[2m │ gzip:   1.53 kB[22m
2026-10-06T21:45:21.2817020Z [2mdist/[22m[2massets/[22m[36mbibtex-CHM0blh-.js                        [39m[1m[2m  4.80 kB[22m[1m[22m[2m │ gzip:   0.83 kB[22m
2026-10-06T21:45:21.2822100Z [2mdist/[22m[2massets/[22m[36mllvm-BZoOZj88.js                          [39m[1m[2m  5.04 kB[22m[1m[22m[2m │ gzip:   2.01 kB[22m
2026-10-06T21:45:21.2824840Z [2mdist/[22m[2massets/[22m[36mwgsl-Dx-B1_4e.js                          [39m[1m[2m  5.14 kB[22m[1m[22m[2m │ gzip:   1.39 kB[22m
2026-10-06T21:45:21.2827770Z [2mdist/[22m[2massets/[22m[36mgdresource-TyuKm33G.js                    [39m[1m[2m  5.29 kB[22m[1m[22m[2m │ gzip:   1.34 kB[22m
2026-10-06T21:45:21.2831080Z [2mdist/[22m[2massets/[22m[36mqml-3beO22l8.js                           [39m[1m[2m  5.34 kB[22m[1m[22m[2m │ gzip:   1.38 kB[22m
2026-10-06T21:45:21.2833790Z [2mdist/[22m[2massets/[22m[36mzig-VOosw3JB.js                           [39m[1m[2m  5.34 kB[22m[1m[22m[2m │ gzip:   1.55 kB[22m
2026-10-06T21:45:21.2835770Z [2mdist/[22m[2massets/[22m[36mdax-CEL-wOlO.js                           [39m[1m[2m  5.37 kB[22m[1m[22m[2m │ gzip:   2.23 kB[22m
2026-10-06T21:45:21.2837250Z [2mdist/[22m[2massets/[22m[36mbicep-Bmn6On1c.js                         [39m[1m[2m  5.38 kB[22m[1m[22m[2m │ gzip:   1.15 kB[22m
2026-10-06T21:45:21.2839520Z [2mdist/[22m[2massets/[22m[36mxml-sdJ4AIDG.js                           [39m[1m[2m  5.38 kB[22m[1m[22m[2m │ gzip:   1.21 kB[22m
2026-10-06T21:45:21.2840430Z [2mdist/[22m[2massets/[22m[36mawk-DMzUqQB5.js                           [39m[1m[2m  5.46 kB[22m[1m[22m[2m │ gzip:   1.38 kB[22m
2026-10-06T21:45:21.2841580Z [2mdist/[22m[2massets/[22m[36mlinear-CBDaVLx1.js                        [39m[1m[2m  5.66 kB[22m[1m[22m[2m │ gzip:   2.31 kB[22m
2026-10-06T21:45:21.2842480Z [2mdist/[22m[2massets/[22m[36mjinja-DFQZVq3b.js                         [39m[1m[2m  5.69 kB[22m[1m[22m[2m │ gzip:   1.40 kB[22m
2026-10-06T21:45:21.2843330Z [2mdist/[22m[2massets/[22m[36mlean-BZvkOJ9d.js                          [39m[1m[2m  5.78 kB[22m[1m[22m[2m │ gzip:   1.92 kB[22m
2026-10-06T21:45:21.2844230Z [2mdist/[22m[2massets/[22m[36mpowerquery-CEu0bR-o.js                    [39m[1m[2m  5.90 kB[22m[1m[22m[2m │ gzip:   1.52 kB[22m
2026-10-06T21:45:21.2845150Z [2mdist/[22m[2massets/[22m[36mshaderlab-Dg9Lc6iA.js                     [39m[1m[2m  5.92 kB[22m[1m[22m[2m │ gzip:   2.08 kB[22m
2026-10-06T21:45:21.2846330Z [2mdist/[22m[2massets/[22m[36mcypher-COkxafJQ.js                        [39m[1m[2m  5.96 kB[22m[1m[22m[2m │ gzip:   1.73 kB[22m
2026-10-06T21:45:21.2848200Z [2mdist/[22m[2massets/[22m[36mcoq-BqXF5kFF.js                           [39m[1m[2m  6.02 kB[22m[1m[22m[2m │ gzip:   1.96 kB[22m
2026-10-06T21:45:21.2849160Z [2mdist/[22m[2massets/[22m[36mvb-Cu-pLBUe.js                            [39m[1m[2m  6.08 kB[22m[1m[22m[2m │ gzip:   2.33 kB[22m
2026-10-06T21:45:21.2850230Z [2mdist/[22m[2massets/[22m[36mmoonbit-Bag4Rp_g.js                       [39m[1m[2m  6.08 kB[22m[1m[22m[2m │ gzip:   1.71 kB[22m
2026-10-06T21:45:21.2852290Z [2mdist/[22m[2massets/[22m[36mdiagram-UQ7AKVKN-C6Wnrt-2.js              [39m[1m[2m  6.08 kB[22m[1m[22m[2m │ gzip:   2.62 kB[22m
2026-10-06T21:45:21.2854920Z [2mdist/[22m[2massets/[22m[36mmin-dark-CafNBF8u.js                      [39m[1m[2m  6.29 kB[22m[1m[22m[2m │ gzip:   1.71 kB[22m
2026-10-06T21:45:21.2855970Z [2mdist/[22m[2massets/[22m[36mpieDiagram-E7YTZNPT-DDKSzztx.js           [39m[1m[2m  6.29 kB[22m[1m[22m[2m │ gzip:   2.62 kB[22m
2026-10-06T21:45:21.2857040Z [2mdist/[22m[2massets/[22m[36mgdshader-DkwncUOv.js                      [39m[1m[2m  6.33 kB[22m[1m[22m[2m │ gzip:   1.73 kB[22m
2026-10-06T21:45:21.2858310Z [2mdist/[22m[2massets/[22m[36mara-BRHolxvo.js                           [39m[1m[2m  6.36 kB[22m[1m[22m[2m │ gzip:   1.81 kB[22m
2026-10-06T21:45:21.2859340Z [2mdist/[22m[2massets/[22m[36mverilog-nZwndyjY.js                       [39m[1m[2m  6.41 kB[22m[1m[22m[2m │ gzip:   1.92 kB[22m
2026-10-06T21:45:21.2860330Z [2mdist/[22m[2massets/[22m[36mclojure-P80f7IUj.js                       [39m[1m[2m  6.41 kB[22m[1m[22m[2m │ gzip:   1.42 kB[22m
2026-10-06T21:45:21.2861390Z [2mdist/[22m[2massets/[22m[36mpostcss-CXtECtnM.js                       [39m[1m[2m  6.42 kB[22m[1m[22m[2m │ gzip:   1.91 kB[22m
2026-10-06T21:45:21.2862320Z [2mdist/[22m[2massets/[22m[36mtoml-vGWfd6FD.js                          [39m[1m[2m  6.43 kB[22m[1m[22m[2m │ gzip:   1.28 kB[22m
2026-10-06T21:45:21.2863310Z [2mdist/[22m[2massets/[22m[36mproto-C7zT0LnQ.js                         [39m[1m[2m  6.55 kB[22m[1m[22m[2m │ gzip:   1.42 kB[22m
2026-10-06T21:45:21.2864320Z [2mdist/[22m[2massets/[22m[36mchapel-DTp_pixX.js                        [39m[1m[2m  6.62 kB[22m[1m[22m[2m │ gzip:   1.85 kB[22m
2026-10-06T21:45:21.2865200Z [2mdist/[22m[2massets/[22m[36mr-Cf5RLm7j.js                             [39m[1m[2m  6.74 kB[22m[1m[22m[2m │ gzip:   1.84 kB[22m
2026-10-06T21:45:21.2866100Z [2mdist/[22m[2massets/[22m[36mred-DMbB5_pp.js                           [39m[1m[2m  6.74 kB[22m[1m[22m[2m │ gzip:   1.71 kB[22m
2026-10-06T21:45:21.2867180Z [2mdist/[22m[2massets/[22m[36mtalonscript-CkByrt1z.js                   [39m[1m[2m  6.76 kB[22m[1m[22m[2m │ gzip:   1.49 kB[22m
2026-10-06T21:45:21.2868180Z [2mdist/[22m[2massets/[22m[36mriscv-BM1_JUlF.js                         [39m[1m[2m  6.91 kB[22m[1m[22m[2m │ gzip:   1.98 kB[22m
2026-10-06T21:45:21.2869170Z [2mdist/[22m[2massets/[22m[36msolarized-light-DCG28T6R.js               [39m[1m[2m  6.94 kB[22m[1m[22m[2m │ gzip:   1.82 kB[22m
2026-10-06T21:45:21.2870170Z [2mdist/[22m[2massets/[22m[36mmin-light-CTRr51gU.js                     [39m[1m[2m  6.97 kB[22m[1m[22m[2m │ gzip:   1.89 kB[22m
2026-10-06T21:45:21.2871110Z [2mdist/[22m[2massets/[22m[36msoy-zscZBeg6.js                           [39m[1m[2m  6.98 kB[22m[1m[22m[2m │ gzip:   1.66 kB[22m
2026-10-06T21:45:21.2872050Z [2mdist/[22m[2massets/[22m[36mscheme-C98Dy4si.js                        [39m[1m[2m  7.17 kB[22m[1m[22m[2m │ gzip:   2.05 kB[22m
2026-10-06T21:45:21.2875260Z [2mdist/[22m[2massets/[22m[36mhlsl-D3lLCCz7.js                          [39m[1m[2m  7.26 kB[22m[1m[22m[2m │ gzip:   2.19 kB[22m
2026-10-06T21:45:21.2878110Z [2mdist/[22m[2massets/[22m[36msolarized-dark-UcubFVte.js                [39m[1m[2m  7.39 kB[22m[1m[22m[2m │ gzip:   1.91 kB[22m
2026-10-06T21:45:21.2882010Z [2mdist/[22m[2massets/[22m[36mqss-IeuSbFQv.js                           [39m[1m[2m  7.47 kB[22m[1m[22m[2m │ gzip:   2.58 kB[22m
2026-10-06T21:45:21.2884630Z [2mdist/[22m[2massets/[22m[36mprisma-Vru482bI.js                        [39m[1m[2m  7.74 kB[22m[1m[22m[2m │ gzip:   1.48 kB[22m
2026-10-06T21:45:21.2887150Z [2mdist/[22m[2massets/[22m[36msystemd-4A_iFExJ.js                       [39m[1m[2m  7.87 kB[22m[1m[22m[2m │ gzip:   2.55 kB[22m
2026-10-06T21:45:21.2889600Z [2mdist/[22m[2massets/[22m[36mregexp-CDVJQ6XC.js                        [39m[1m[2m  7.99 kB[22m[1m[22m[2m │ gzip:   1.42 kB[22m
2026-10-06T21:45:21.2890950Z [2mdist/[22m[2massets/[22m[36mdiagram-S7CK7UJ4-CVENdfMO.js              [39m[1m[2m  8.22 kB[22m[1m[22m[2m │ gzip:   3.67 kB[22m
2026-10-06T21:45:21.2892280Z [2mdist/[22m[2massets/[22m[36mmonokai-CR4piiQ-.js                       [39m[1m[2m  8.25 kB[22m[1m[22m[2m │ gzip:   1.98 kB[22m
2026-10-06T21:45:21.2893210Z [2mdist/[22m[2massets/[22m[36mhaml-GN_XdMnF.js                          [39m[1m[2m  8.26 kB[22m[1m[22m[2m │ gzip:   1.81 kB[22m
2026-10-06T21:45:21.2895440Z [2mdist/[22m[2massets/[22m[36mvue-html-AaS7Mt5G.js                      [39m[1m[2m  8.47 kB[22m[1m[22m[2m │ gzip:   1.68 kB[22m
2026-10-06T21:45:21.2896540Z [2mdist/[22m[2massets/[22m[36mplsql-ChMvpjG-.js                         [39m[1m[2m  8.51 kB[22m[1m[22m[2m │ gzip:   3.00 kB[22m
2026-10-06T21:45:21.2897770Z [2mdist/[22m[2massets/[22m[36mdart-CtKP3W-j.js                          [39m[1m[2m  8.62 kB[22m[1m[22m[2m │ gzip:   2.00 kB[22m
2026-10-06T21:45:21.2905270Z [2mdist/[22m[2massets/[22m[36mhorizon-BUw7H-hv.js                       [39m[1m[2m  8.78 kB[22m[1m[22m[2m │ gzip:   1.96 kB[22m
2026-10-06T21:45:21.2911510Z [2mdist/[22m[2massets/[22m[36mkotlin-BdnUsdx6.js                        [39m[1m[2m  8.79 kB[22m[1m[22m[2m │ gzip:   2.13 kB[22m
2026-10-06T21:45:21.2912590Z [2mdist/[22m[2massets/[22m[36mhorizon-bright-CUuTKBJd.js                [39m[1m[2m  8.79 kB[22m[1m[22m[2m │ gzip:   1.97 kB[22m
2026-10-06T21:45:21.2913500Z [2mdist/[22m[2massets/[22m[36mmake-CHLpvVh8.js                          [39m[1m[2m  8.96 kB[22m[1m[22m[2m │ gzip:   1.77 kB[22m
2026-10-06T21:45:21.2914450Z [2mdist/[22m[2massets/[22m[36mandromeeda-C4gqWexZ.js                    [39m[1m[2m  9.02 kB[22m[1m[22m[2m │ gzip:   2.36 kB[22m
2026-10-06T21:45:21.2917290Z [2mdist/[22m[2massets/[22m[36msas-BGn39htG.js                           [39m[1m[2m  9.06 kB[22m[1m[22m[2m │ gzip:   3.81 kB[22m
2026-10-06T21:45:21.2918150Z [2mdist/[22m[2massets/[22m[36mdark-plus-C3mMm8J8.js                     [39m[1m[2m  9.10 kB[22m[1m[22m[2m │ gzip:   2.10 kB[22m
2026-10-06T21:45:21.2919030Z [2mdist/[22m[2massets/[22m[36mslack-dark-BthQWCQV.js                    [39m[1m[2m  9.12 kB[22m[1m[22m[2m │ gzip:   1.97 kB[22m
2026-10-06T21:45:21.2919970Z [2mdist/[22m[2massets/[22m[36msmithy-cds9vsN8.js                        [39m[1m[2m  9.13 kB[22m[1m[22m[2m │ gzip:   1.53 kB[22m
2026-10-06T21:45:21.2920860Z [2mdist/[22m[2massets/[22m[36msass-Cj5Yp3dK.js                          [39m[1m[2m  9.29 kB[22m[1m[22m[2m │ gzip:   2.49 kB[22m
2026-10-06T21:45:21.2921830Z [2mdist/[22m[2massets/[22m[36mplastic-3e1v2bzS.js                       [39m[1m[2m  9.30 kB[22m[1m[22m[2m │ gzip:   1.98 kB[22m
2026-10-06T21:45:21.2922770Z [2mdist/[22m[2massets/[22m[36mslack-ochin-DqwNpetd.js                   [39m[1m[2m  9.43 kB[22m[1m[22m[2m │ gzip:   2.10 kB[22m
2026-10-06T21:45:21.2923680Z [2mdist/[22m[2massets/[22m[36mtex-D96PA37w.js                           [39m[1m[2m  9.67 kB[22m[1m[22m[2m │ gzip:   3.06 kB[22m
2026-10-06T21:45:21.2924530Z [2mdist/[22m[2massets/[22m[36mjison-wvAkD_A8.js                         [39m[1m[2m  9.69 kB[22m[1m[22m[2m │ gzip:   1.85 kB[22m
2026-10-06T21:45:21.2925890Z [2mdist/[22m[2massets/[22m[36mcmake-D1j8_8rp.js                         [39m[1m[2m  9.86 kB[22m[1m[22m[2m │ gzip:   3.37 kB[22m
2026-10-06T21:45:21.2927710Z [2mdist/[22m[2massets/[22m[36mlight-plus-B7mTdjB0.js                    [39m[1m[2m  9.94 kB[22m[1m[22m[2m │ gzip:   2.27 kB[22m
2026-10-06T21:45:21.2931020Z [2mdist/[22m[2massets/[22m[36mhcl-BWvSN4gD.js                           [39m[1m[2m 10.05 kB[22m[1m[22m[2m │ gzip:   1.93 kB[22m
2026-10-06T21:45:21.2933850Z [2mdist/[22m[2massets/[22m[36mcynefinDiagram-5FMLGOSQ-BNh775dA.js       [39m[1m[2m 10.10 kB[22m[1m[22m[2m │ gzip:   3.63 kB[22m
2026-10-06T21:45:21.2935830Z [2mdist/[22m[2massets/[22m[36mstateDiagram-D77RDMKH-CdlHAbe9.js         [39m[1m[2m 10.37 kB[22m[1m[22m[2m │ gzip:   3.63 kB[22m
2026-10-06T21:45:21.2937390Z [2mdist/[22m[2massets/[22m[36mpkl-u5AG7uiY.js                           [39m[1m[2m 10.37 kB[22m[1m[22m[2m │ gzip:   1.38 kB[22m
2026-10-06T21:45:21.2938330Z [2mdist/[22m[2massets/[22m[36mdream-maker-BtqSS_iP.js                   [39m[1m[2m 10.47 kB[22m[1m[22m[2m │ gzip:   2.25 kB[22m
2026-10-06T21:45:21.2939260Z [2mdist/[22m[2massets/[22m[36mraku-DXvB9xmW.js                          [39m[1m[2m 10.47 kB[22m[1m[22m[2m │ gzip:   2.94 kB[22m
2026-10-06T21:45:21.2941200Z [2mdist/[22m[2massets/[22m[36myaml-Buea-lGh.js                          [39m[1m[2m 10.51 kB[22m[1m[22m[2m │ gzip:   2.27 kB[22m
2026-10-06T21:45:21.2942170Z [2mdist/[22m[2massets/[22m[36mnextflow-groovy-CedDknKX.js               [39m[1m[2m 10.53 kB[22m[1m[22m[2m │ gzip:   2.17 kB[22m
2026-10-06T21:45:21.2943100Z [2mdist/[22m[2massets/[22m[36mrst-CVOjT0e7.js                           [39m[1m[2m 10.67 kB[22m[1m[22m[2m │ gzip:   2.42 kB[22m
2026-10-06T21:45:21.2944130Z [2mdist/[22m[2massets/[22m[36mdagre-GXQ25YYZ-DBJ9PiOm.js                [39m[1m[2m 10.68 kB[22m[1m[22m[2m │ gzip:   4.03 kB[22m
2026-10-06T21:45:21.2945080Z [2mdist/[22m[2massets/[22m[36mdiagram-VSXAHHWV-CcBux2xS.js              [39m[1m[2m 10.72 kB[22m[1m[22m[2m │ gzip:   4.13 kB[22m
2026-10-06T21:45:21.2946050Z [2mdist/[22m[2massets/[22m[36melm-DbKCFpqz.js                           [39m[1m[2m 10.97 kB[22m[1m[22m[2m │ gzip:   2.12 kB[22m
2026-10-06T21:45:21.2946950Z [2mdist/[22m[2massets/[22m[36mgithub-light-DAi9KRSo.js                  [39m[1m[2m 11.18 kB[22m[1m[22m[2m │ gzip:   2.51 kB[22m
2026-10-06T21:45:21.2947810Z [2mdist/[22m[2massets/[22m[36mjust-CMxyWJJc.js                          [39m[1m[2m 11.23 kB[22m[1m[22m[2m │ gzip:   2.80 kB[22m
2026-10-06T21:45:21.2948670Z [2mdist/[22m[2massets/[22m[36mprolog-CbFg5uaA.js                        [39m[1m[2m 11.36 kB[22m[1m[22m[2m │ gzip:   3.83 kB[22m
2026-10-06T21:45:21.2949540Z [2mdist/[22m[2massets/[22m[36mterraform-BETggiCN.js                     [39m[1m[2m 11.39 kB[22m[1m[22m[2m │ gzip:   2.51 kB[22m
2026-10-06T21:45:21.2950420Z [2mdist/[22m[2massets/[22m[36mgithub-dark-DHJKELXO.js                   [39m[1m[2m 11.41 kB[22m[1m[22m[2m │ gzip:   2.55 kB[22m
2026-10-06T21:45:21.2951310Z [2mdist/[22m[2massets/[22m[36mpuppet-BMWR74SV.js                        [39m[1m[2m 11.44 kB[22m[1m[22m[2m │ gzip:   2.11 kB[22m
2026-10-06T21:45:21.2952190Z [2mdist/[22m[2massets/[22m[36mlaserwave-DUszq2jm.js                     [39m[1m[2m 11.50 kB[22m[1m[22m[2m │ gzip:   2.58 kB[22m
2026-10-06T21:45:21.2953060Z [2mdist/[22m[2massets/[22m[36mgherkin-DyxjwDmM.js                       [39m[1m[2m 11.95 kB[22m[1m[22m[2m │ gzip:   5.05 kB[22m
2026-10-06T21:45:21.2953970Z [2mdist/[22m[2massets/[22m[36mwasm-MzD3tlZU.js                          [39m[1m[2m 12.01 kB[22m[1m[22m[2m │ gzip:   2.19 kB[22m
2026-10-06T21:45:21.2954940Z [2mdist/[22m[2massets/[22m[36mhjson-D5-asLiD.js                         [39m[1m[2m 12.05 kB[22m[1m[22m[2m │ gzip:   1.64 kB[22m
2026-10-06T21:45:21.2956970Z [2mdist/[22m[2massets/[22m[36msurrealql-Cjom0U5J.js                     [39m[1m[2m 12.06 kB[22m[1m[22m[2m │ gzip:   3.30 kB[22m
2026-10-06T21:45:21.2957870Z [2mdist/[22m[2massets/[22m[36mapache-Pmp26Uib.js                        [39m[1m[2m 12.46 kB[22m[1m[22m[2m │ gzip:   3.72 kB[22m
2026-10-06T21:45:21.2958750Z [2mdist/[22m[2massets/[22m[36mhandlebars-DPT5vKgj.js                    [39m[1m[2m 12.48 kB[22m[1m[22m[2m │ gzip:   2.42 kB[22m
2026-10-06T21:45:21.2959710Z [2mdist/[22m[2massets/[22m[36mvesper-DRje8inN.js                        [39m[1m[2m 12.73 kB[22m[1m[22m[2m │ gzip:   1.98 kB[22m
2026-10-06T21:45:21.2960700Z [2mdist/[22m[2massets/[22m[36mbeancount-BgSHGh8x.js                     [39m[1m[2m 12.86 kB[22m[1m[22m[2m │ gzip:   2.21 kB[22m
2026-10-06T21:45:21.2961640Z [2mdist/[22m[2massets/[22m[36mbat-CickPsom.js                           [39m[1m[2m 12.89 kB[22m[1m[22m[2m │ gzip:   3.23 kB[22m
2026-10-06T21:45:21.2962540Z [2mdist/[22m[2massets/[22m[36mfish-BvzEVeQv.js                          [39m[1m[2m 13.04 kB[22m[1m[22m[2m │ gzip:   1.74 kB[22m
2026-10-06T21:45:21.2963470Z [2mdist/[22m[2massets/[22m[36mnsis-BlV79W_Q.js                          [39m[1m[2m 13.13 kB[22m[1m[22m[2m │ gzip:   4.07 kB[22m
2026-10-06T21:45:21.2964770Z [2mdist/[22m[2massets/[22m[36mv-BGw2Nkan.js                             [39m[1m[2m 13.33 kB[22m[1m[22m[2m │ gzip:   2.77 kB[22m
2026-10-06T21:45:21.2965780Z [2mdist/[22m[2massets/[22m[36mvitesse-light-CVO1_9PV.js                 [39m[1m[2m 13.62 kB[22m[1m[22m[2m │ gzip:   3.04 kB[22m
2026-10-06T21:45:21.2966700Z [2mdist/[22m[2massets/[22m[36maurora-x-D-2ljcwZ.js                      [39m[1m[2m 13.66 kB[22m[1m[22m[2m │ gzip:   2.28 kB[22m
2026-10-06T21:45:21.2967620Z [2mdist/[22m[2massets/[22m[36mvitesse-black-Bkuqu6BP.js                 [39m[1m[2m 13.68 kB[22m[1m[22m[2m │ gzip:   3.06 kB[22m
2026-10-06T21:45:21.2968520Z [2mdist/[22m[2massets/[22m[36mvitesse-dark-D0r3Knsf.js                  [39m[1m[2m 13.76 kB[22m[1m[22m[2m │ gzip:   3.06 kB[22m
2026-10-06T21:45:21.2969410Z [2mdist/[22m[2massets/[22m[36mpug-BtYPkAgq.js                           [39m[1m[2m 13.84 kB[22m[1m[22m[2m │ gzip:   2.58 kB[22m
2026-10-06T21:45:21.2970370Z [2mdist/[22m[2massets/[22m[36msynthwave-84-CbfX1IO0.js                  [39m[1m[2m 14.04 kB[22m[1m[22m[2m │ gzip:   2.87 kB[22m
2026-10-06T21:45:21.2971300Z [2mdist/[22m[2massets/[22m[36msmalltalk-BOQMe2GC.js                     [39m[1m[2m 14.13 kB[22m[1m[22m[2m │ gzip:   2.16 kB[22m
2026-10-06T21:45:21.2972220Z [2mdist/[22m[2massets/[22m[36mgithub-light-default-D7oLnXFd.js          [39m[1m[2m 14.16 kB[22m[1m[22m[2m │ gzip:   3.04 kB[22m
2026-10-06T21:45:21.2973210Z [2mdist/[22m[2massets/[22m[36mgithub-light-high-contrast-BfjtVDDH.js    [39m[1m[2m 14.28 kB[22m[1m[22m[2m │ gzip:   3.02 kB[22m
2026-10-06T21:45:21.2974150Z [2mdist/[22m[2massets/[22m[36mclarity-Dn5IMItf.js                       [39m[1m[2m 14.36 kB[22m[1m[22m[2m │ gzip:   2.51 kB[22m
2026-10-06T21:45:21.2975110Z [2mdist/[22m[2massets/[22m[36mgithub-dark-dimmed-DH5Ifo-i.js            [39m[1m[2m 14.43 kB[22m[1m[22m[2m │ gzip:   3.13 kB[22m
2026-10-06T21:45:21.2976110Z [2mdist/[22m[2massets/[22m[36mgithub-dark-default-Cuk6v7N8.js           [39m[1m[2m 14.44 kB[22m[1m[22m[2m │ gzip:   3.13 kB[22m
2026-10-06T21:45:21.2977120Z [2mdist/[22m[2massets/[22m[36mgithub-dark-high-contrast-E3gJ1_iC.js     [39m[1m[2m 14.60 kB[22m[1m[22m[2m │ gzip:   3.09 kB[22m
2026-10-06T21:45:21.2978130Z [2mdist/[22m[2massets/[22m[36mgnuplot-DdkO51Og.js                       [39m[1m[2m 14.78 kB[22m[1m[22m[2m │ gzip:   3.27 kB[22m
2026-10-06T21:45:21.2979010Z [2mdist/[22m[2massets/[22m[36mrust-DPvrY3IQ.js                          [39m[1m[2m 15.17 kB[22m[1m[22m[2m │ gzip:   2.73 kB[22m
2026-10-06T21:45:21.2980500Z [2mdist/[22m[2massets/[22m[36mkusto-wEQ09or8.js                         [39m[1m[2m 15.17 kB[22m[1m[22m[2m │ gzip:   3.92 kB[22m
2026-10-06T21:45:21.2981380Z [2mdist/[22m[2massets/[22m[36mnix-CwoSXNpI.js                           [39m[1m[2m 15.51 kB[22m[1m[22m[2m │ gzip:   2.48 kB[22m
2026-10-06T21:45:21.2982280Z [2mdist/[22m[2massets/[22m[36mlua-BaeVxFsk.js                           [39m[1m[2m 15.54 kB[22m[1m[22m[2m │ gzip:   3.16 kB[22m
2026-10-06T21:45:21.2983940Z [2mdist/[22m[2massets/[22m[36mactionscript-3-B3316cI-.js                [39m[1m[2m 15.54 kB[22m[1m[22m[2m │ gzip:   2.71 kB[22m
2026-10-06T21:45:21.2987570Z [2mdist/[22m[2massets/[22m[36mchunk-SVP7TREG-C-_jshwc.js                [39m[1m[2m 15.73 kB[22m[1m[22m[2m │ gzip:   4.41 kB[22m
2026-10-06T21:45:21.2990200Z [2mdist/[22m[2massets/[22m[36mabap-BdImnpbu.js                          [39m[1m[2m 15.85 kB[22m[1m[22m[2m │ gzip:   5.91 kB[22m
2026-10-06T21:45:21.2993150Z [2mdist/[22m[2massets/[22m[36mdiagram-VX7I27RA-CenI9kOk.js              [39m[1m[2m 15.96 kB[22m[1m[22m[2m │ gzip:   5.70 kB[22m
2026-10-06T21:45:21.2994410Z [2mdist/[22m[2massets/[22m[36mmatlab-D7o27uSR.js                        [39m[1m[2m 16.09 kB[22m[1m[22m[2m │ gzip:   3.06 kB[22m
2026-10-06T21:45:21.2996320Z [2mdist/[22m[2massets/[22m[36mcue-D82EKSYY.js                           [39m[1m[2m 16.20 kB[22m[1m[22m[2m │ gzip:   2.06 kB[22m
2026-10-06T21:45:21.2998940Z [2mdist/[22m[2massets/[22m[36mluau-nOZpfvQi.js                          [39m[1m[2m 16.30 kB[22m[1m[22m[2m │ gzip:   3.58 kB[22m
2026-10-06T21:45:21.3000110Z [2mdist/[22m[2massets/[22m[36melixir-DkJLSxtU.js                        [39m[1m[2m 16.32 kB[22m[1m[22m[2m │ gzip:   2.80 kB[22m
2026-10-06T21:45:21.3020540Z [2mdist/[22m[2massets/[22m[36msolidity-DijEV5ha.js                      [39m[1m[2m 16.41 kB[22m[1m[22m[2m │ gzip:   3.16 kB[22m
2026-10-06T21:45:21.3021510Z [2mdist/[22m[2massets/[22m[36modin-BBf5iR-q.js                          [39m[1m[2m 16.51 kB[22m[1m[22m[2m │ gzip:   2.94 kB[22m
2026-10-06T21:45:21.3022490Z [2mdist/[22m[2massets/[22m[36mts-tags-Ls60c9xG.js                       [39m[1m[2m 16.57 kB[22m[1m[22m[2m │ gzip:   2.07 kB[22m
2026-10-06T21:45:21.3023450Z [2mdist/[22m[2massets/[22m[36mkanagawa-wave-DFGoQZhC.js                 [39m[1m[2m 17.12 kB[22m[1m[22m[2m │ gzip:   2.93 kB[22m
2026-10-06T21:45:21.3024400Z [2mdist/[22m[2massets/[22m[36mkanagawa-lotus-C3DzagqV.js                [39m[1m[2m 17.12 kB[22m[1m[22m[2m │ gzip:   2.93 kB[22m
2026-10-06T21:45:21.3025440Z [2mdist/[22m[2massets/[22m[36mkanagawa-dragon-BuwD2xS4.js               [39m[1m[2m 17.12 kB[22m[1m[22m[2m │ gzip:   2.95 kB[22m
2026-10-06T21:45:21.3027140Z [2mdist/[22m[2massets/[22m[36mishikawaDiagram-5VMMS53U-DCz6yYPF.js      [39m[1m[2m 17.47 kB[22m[1m[22m[2m │ gzip:   6.64 kB[22m
2026-10-06T21:45:21.3028360Z [2mdist/[22m[2massets/[22m[36mmove-el3G9tDJ.js                          [39m[1m[2m 17.66 kB[22m[1m[22m[2m │ gzip:   3.06 kB[22m
2026-10-06T21:45:21.3029280Z [2mdist/[22m[2massets/[22m[36mgraphql-ChdNCCLP.js                       [39m[1m[2m 18.00 kB[22m[1m[22m[2m │ gzip:   2.52 kB[22m
2026-10-06T21:45:21.3030210Z [2mdist/[22m[2massets/[22m[36mliquid-B-duXHXw.js                        [39m[1m[2m 18.09 kB[22m[1m[22m[2m │ gzip:   3.16 kB[22m
2026-10-06T21:45:21.3031100Z [2mdist/[22m[2massets/[22m[36msvelte-D84K1R2Q.js                        [39m[1m[2m 18.25 kB[22m[1m[22m[2m │ gzip:   3.15 kB[22m
2026-10-06T21:45:21.3031990Z [2mdist/[22m[2massets/[22m[36mmaterial-theme-D5KoaKCx.js                [39m[1m[2m 18.62 kB[22m[1m[22m[2m │ gzip:   3.11 kB[22m
2026-10-06T21:45:21.3033220Z [2mdist/[22m[2massets/[22m[36mmaterial-theme-darker-BfHTSMKl.js         [39m[1m[2m 18.63 kB[22m[1m[22m[2m │ gzip:   3.11 kB[22m
2026-10-06T21:45:21.3034170Z [2mdist/[22m[2massets/[22m[36mmaterial-theme-ocean-CyktbL80.js          [39m[1m[2m 18.63 kB[22m[1m[22m[2m │ gzip:   3.14 kB[22m
2026-10-06T21:45:21.3036080Z [2mdist/[22m[2massets/[22m[36mmaterial-theme-lighter-B0m2ddpp.js        [39m[1m[2m 18.63 kB[22m[1m[22m[2m │ gzip:   3.11 kB[22m
2026-10-06T21:45:21.3037060Z [2mdist/[22m[2massets/[22m[36mmaterial-theme-palenight-Csfq5Kiy.js      [39m[1m[2m 18.64 kB[22m[1m[22m[2m │ gzip:   3.13 kB[22m
2026-10-06T21:45:21.3038000Z [2mdist/[22m[2massets/[22m[36mgdscript-DqcFQ5yU.js                      [39m[1m[2m 19.09 kB[22m[1m[22m[2m │ gzip:   3.77 kB[22m
2026-10-06T21:45:21.3038890Z [2mdist/[22m[2massets/[22m[36mgroovy-gcz8RCvz.js                        [39m[1m[2m 19.18 kB[22m[1m[22m[2m │ gzip:   3.60 kB[22m
2026-10-06T21:45:21.3039760Z [2mdist/[22m[2massets/[22m[36mglimmer-js-Drrc9bTt.js                    [39m[1m[2m 20.07 kB[22m[1m[22m[2m │ gzip:   2.95 kB[22m
2026-10-06T21:45:21.3040660Z [2mdist/[22m[2massets/[22m[36mglimmer-ts-zeybXsvi.js                    [39m[1m[2m 20.07 kB[22m[1m[22m[2m │ gzip:   2.94 kB[22m
2026-10-06T21:45:21.3041570Z [2mdist/[22m[2massets/[22m[36mayu-dark-DYE7WIF3.js                      [39m[1m[2m 20.08 kB[22m[1m[22m[2m │ gzip:   3.94 kB[22m
2026-10-06T21:45:21.3042930Z [2mdist/[22m[2massets/[22m[36mayu-mirage-32ctXXKs.js                    [39m[1m[2m 20.09 kB[22m[1m[22m[2m │ gzip:   3.94 kB[22m
2026-10-06T21:45:21.3043930Z [2mdist/[22m[2massets/[22m[36mayu-light-BA47KaF1.js                     [39m[1m[2m 20.15 kB[22m[1m[22m[2m │ gzip:   3.93 kB[22m
2026-10-06T21:45:21.3044850Z [2mdist/[22m[2massets/[22m[36mpowershell-Dd0kTxKP.js                    [39m[1m[2m 20.15 kB[22m[1m[22m[2m │ gzip:   4.07 kB[22m
2026-10-06T21:45:21.3045730Z [2mdist/[22m[2massets/[22m[36mmdc-DF4WjDMn.js                           [39m[1m[2m 20.18 kB[22m[1m[22m[2m │ gzip:   6.81 kB[22m
2026-10-06T21:45:21.3046780Z [2mdist/[22m[2massets/[22m[36mkanban-definition-UXKFOSKX-BfqL7w_0.js    [39m[1m[2m 20.30 kB[22m[1m[22m[2m │ gzip:   7.21 kB[22m
2026-10-06T21:45:21.3048780Z [2mdist/[22m[2massets/[22m[36mviml-CJc9bBzg.js                          [39m[1m[2m 20.37 kB[22m[1m[22m[2m │ gzip:   6.73 kB[22m
2026-10-06T21:45:21.3051720Z [2mdist/[22m[2massets/[22m[36msnazzy-light-Bw305WKR.js                  [39m[1m[2m 20.77 kB[22m[1m[22m[2m │ gzip:   3.83 kB[22m
2026-10-06T21:45:21.3052750Z [2mdist/[22m[2massets/[22m[36mdracula-BzJJZx-M.js                       [39m[1m[2m 21.07 kB[22m[1m[22m[2m │ gzip:   4.00 kB[22m
2026-10-06T21:45:21.3053730Z [2mdist/[22m[2massets/[22m[36mdracula-soft-BXkSAIEj.js                  [39m[1m[2m 21.08 kB[22m[1m[22m[2m │ gzip:   4.04 kB[22m
2026-10-06T21:45:21.3054840Z [2mdist/[22m[2massets/[22m[36mwit-5i3qLPDT.js                           [39m[1m[2m 21.47 kB[22m[1m[22m[2m │ gzip:   2.89 kB[22m
2026-10-06T21:45:21.3055800Z [2mdist/[22m[2massets/[22m[36mrose-pine-5qJOZa0Y.js                     [39m[1m[2m 21.74 kB[22m[1m[22m[2m │ gzip:   3.88 kB[22m
2026-10-06T21:45:21.3056750Z [2mdist/[22m[2massets/[22m[36mrose-pine-moon-C9pEdX9L.js                [39m[1m[2m 21.75 kB[22m[1m[22m[2m │ gzip:   3.90 kB[22m
2026-10-06T21:45:21.3057650Z [2mdist/[22m[2massets/[22m[36mrose-pine-dawn-zx0QlTCp.js                [39m[1m[2m 21.75 kB[22m[1m[22m[2m │ gzip:   3.90 kB[22m
2026-10-06T21:45:21.3059870Z [2mdist/[22m[2massets/[22m[36mnushell-BXD5iret.js                       [39m[1m[2m 21.77 kB[22m[1m[22m[2m │ gzip:   5.44 kB[22m
2026-10-06T21:45:21.3062180Z [2mdist/[22m[2massets/[22m[36mnim-nV83PyhX.js                           [39m[1m[2m 22.46 kB[22m[1m[22m[2m │ gzip:   3.16 kB[22m
2026-10-06T21:45:21.3064670Z [2mdist/[22m[2massets/[22m[36mcommon-lisp-Cg-RD9OK.js                   [39m[1m[2m 22.58 kB[22m[1m[22m[2m │ gzip:   6.06 kB[22m
2026-10-06T21:45:21.3067160Z [2mdist/[22m[2massets/[22m[36mgruvbox-dark-hard-CFHQjOhq.js             [39m[1m[2m 22.63 kB[22m[1m[22m[2m │ gzip:   4.18 kB[22m
2026-10-06T21:45:21.3069700Z [2mdist/[22m[2massets/[22m[36mgruvbox-dark-soft-CVdnzihN.js             [39m[1m[2m 22.63 kB[22m[1m[22m[2m │ gzip:   4.17 kB[22m
2026-10-06T21:45:21.3070750Z [2mdist/[22m[2massets/[22m[36mgruvbox-light-hard-CH1njM8p.js            [39m[1m[2m 22.64 kB[22m[1m[22m[2m │ gzip:   4.18 kB[22m
2026-10-06T21:45:21.3071810Z [2mdist/[22m[2massets/[22m[36mgruvbox-light-soft-hJgmCMqR.js            [39m[1m[2m 22.64 kB[22m[1m[22m[2m │ gzip:   4.18 kB[22m
2026-10-06T21:45:21.3072790Z [2mdist/[22m[2massets/[22m[36mgruvbox-dark-medium-GsRaNv29.js           [39m[1m[2m 22.64 kB[22m[1m[22m[2m │ gzip:   4.18 kB[22m
2026-10-06T21:45:21.3073730Z [2mdist/[22m[2massets/[22m[36mgruvbox-light-medium-DRw_LuNl.js          [39m[1m[2m 22.64 kB[22m[1m[22m[2m │ gzip:   4.18 kB[22m
2026-10-06T21:45:21.3074670Z [2mdist/[22m[2massets/[22m[36mmindmap-definition-YA3MSWOX-B_Ix6xuA.js   [39m[1m[2m 23.18 kB[22m[1m[22m[2m │ gzip:   7.83 kB[22m
2026-10-06T21:45:21.3075810Z [2mdist/[22m[2massets/[22m[36msankeyDiagram-P5KCCOFB-DwtJo_TO.js        [39m[1m[2m 23.20 kB[22m[1m[22m[2m │ gzip:   8.56 kB[22m
2026-10-06T21:45:21.3077440Z [2mdist/[22m[2massets/[22m[36mjourneyDiagram-3NMN7TZE-DIEEoj9H.js       [39m[1m[2m 23.57 kB[22m[1m[22m[2m │ gzip:   8.35 kB[22m
2026-10-06T21:45:21.3078450Z [2mdist/[22m[2massets/[22m[36mcadence-Bv_4Rxtq.js                       [39m[1m[2m 23.67 kB[22m[1m[22m[2m │ gzip:   3.67 kB[22m
2026-10-06T21:45:21.3079320Z [2mdist/[22m[2massets/[22m[36msql-DkvoVjww.js                           [39m[1m[2m 23.67 kB[22m[1m[22m[2m │ gzip:   7.48 kB[22m
2026-10-06T21:45:21.3080260Z [2mdist/[22m[2massets/[22m[36mastro-DTjqU0_L.js                         [39m[1m[2m 24.01 kB[22m[1m[22m[2m │ gzip:   7.55 kB[22m
2026-10-06T21:45:21.3081290Z [2mdist/[22m[2massets/[22m[36mapl-ChzvTHjC.js                           [39m[1m[2m 24.04 kB[22m[1m[22m[2m │ gzip:   4.20 kB[22m
2026-10-06T21:45:21.3082210Z [2mdist/[22m[2massets/[22m[36mtempl-Vpw5XpSW.js                         [39m[1m[2m 24.06 kB[22m[1m[22m[2m │ gzip:   5.40 kB[22m
2026-10-06T21:45:21.3083090Z [2mdist/[22m[2massets/[22m[36mvhdl-CeAyd5Ju.js                          [39m[1m[2m 24.26 kB[22m[1m[22m[2m │ gzip:   3.87 kB[22m
2026-10-06T21:45:21.3084000Z [2mdist/[22m[2massets/[22m[36mangular-html-D_SYSyRt.js                  [39m[1m[2m 24.29 kB[22m[1m[22m[2m │ gzip:   4.01 kB[22m
2026-10-06T21:45:21.3084960Z [2mdist/[22m[2massets/[22m[36mpurescript-CklMAg4u.js                    [39m[1m[2m 24.69 kB[22m[1m[22m[2m │ gzip:   3.25 kB[22m
2026-10-06T21:45:21.3085900Z [2mdist/[22m[2massets/[22m[36mvue-DSqPwMUe.js                           [39m[1m[2m 24.96 kB[22m[1m[22m[2m │ gzip:   3.04 kB[22m
2026-10-06T21:45:21.3086860Z [2mdist/[22m[2massets/[22m[36mone-light-C3Wv6jpd.js                     [39m[1m[2m 25.30 kB[22m[1m[22m[2m │ gzip:   3.67 kB[22m
2026-10-06T21:45:21.3087910Z [2mdist/[22m[2massets/[22m[36mfsharp-CXgrBDvD.js                        [39m[1m[2m 25.31 kB[22m[1m[22m[2m │ gzip:   4.13 kB[22m
2026-10-06T21:45:21.3088800Z [2mdist/[22m[2massets/[22m[36mtwig-D9-LOF2p.js                          [39m[1m[2m 25.31 kB[22m[1m[22m[2m │ gzip:   4.21 kB[22m
2026-10-06T21:45:21.3089770Z [2mdist/[22m[2massets/[22m[36mwardleyDiagram-VM6X3IG4-BqUFGpH4.js       [39m[1m[2m 25.50 kB[22m[1m[22m[2m │ gzip:   6.79 kB[22m
2026-10-06T21:45:21.3090720Z [2mdist/[22m[2massets/[22m[36mmarko-BYgDmDgU.js                         [39m[1m[2m 25.72 kB[22m[1m[22m[2m │ gzip:   3.66 kB[22m
2026-10-06T21:45:21.3091670Z [2mdist/[22m[2massets/[22m[36mnight-owl-light-CMTm3GFP.js               [39m[1m[2m 25.90 kB[22m[1m[22m[2m │ gzip:   4.26 kB[22m
2026-10-06T21:45:21.3092710Z [2mdist/[22m[2massets/[22m[36mc3-Dp5svz6Z.js                            [39m[1m[2m 26.39 kB[22m[1m[22m[2m │ gzip:   3.99 kB[22m
2026-10-06T21:45:21.3094170Z [2mdist/[22m[2massets/[22m[36msystem-verilog-0hqHdDBg.js                [39m[1m[2m 26.56 kB[22m[1m[22m[2m │ gzip:   4.88 kB[22m
2026-10-06T21:45:21.3095070Z [2mdist/[22m[2massets/[22m[36mnord-Ddv68eIx.js                          [39m[1m[2m 26.72 kB[22m[1m[22m[2m │ gzip:   4.40 kB[22m
2026-10-06T21:45:21.3096140Z [2mdist/[22m[2massets/[22m[36mcodeql-DsOJ9woJ.js                        [39m[1m[2m 26.88 kB[22m[1m[22m[2m │ gzip:   3.79 kB[22m
2026-10-06T21:45:21.3097340Z [2mdist/[22m[2massets/[22m[36mtypespec-ClX509-Q.js                      [39m[1m[2m 27.00 kB[22m[1m[22m[2m │ gzip:   2.76 kB[22m
2026-10-06T21:45:21.3098320Z [2mdist/[22m[2massets/[22m[36mscss-Cw6XMfVs.js                          [39m[1m[2m 27.20 kB[22m[1m[22m[2m │ gzip:   4.20 kB[22m
2026-10-06T21:45:21.3099280Z [2mdist/[22m[2massets/[22m[36mjava-CylS5w8V.js                          [39m[1m[2m 27.22 kB[22m[1m[22m[2m │ gzip:   4.26 kB[22m
2026-10-06T21:45:21.3101810Z [2mdist/[22m[2massets/[22m[36mcoffee-Ch7k5sss.js                        [39m[1m[2m 27.42 kB[22m[1m[22m[2m │ gzip:   6.35 kB[22m
2026-10-06T21:45:21.3105250Z [2mdist/[22m[2massets/[22m[36mrazor-CyjPwjZj.js                         [39m[1m[2m 27.51 kB[22m[1m[22m[2m │ gzip:   3.57 kB[22m
2026-10-06T21:45:21.3107860Z [2mdist/[22m[2massets/[22m[36mscala-CqE71os6.js                         [39m[1m[2m 28.89 kB[22m[1m[22m[2m │ gzip:   3.94 kB[22m
2026-10-06T21:45:21.3110180Z [2mdist/[22m[2massets/[22m[36mnight-owl-C39BiMTA.js                     [39m[1m[2m 28.91 kB[22m[1m[22m[2m │ gzip:   5.16 kB[22m
2026-10-06T21:45:21.3112490Z [2mdist/[22m[2massets/[22m[36mcrystal-LUwhHfY5.js                       [39m[1m[2m 29.39 kB[22m[1m[22m[2m │ gzip:   4.45 kB[22m
2026-10-06T21:45:21.3115460Z [2mdist/[22m[2massets/[22m[36mgitGraphDiagram-WWUBYQGX-BYmF1fPo.js      [39m[1m[2m 29.42 kB[22m[1m[22m[2m │ gzip:   8.70 kB[22m
2026-10-06T21:45:21.3116580Z [2mdist/[22m[2massets/[22m[36mapplescript-Co6uUVPk.js                   [39m[1m[2m 29.57 kB[22m[1m[22m[2m │ gzip:   5.93 kB[22m
2026-10-06T21:45:21.3117610Z [2mdist/[22m[2massets/[22m[36merDiagram-RLTQ6QDP-C11v4BrV.js            [39m[1m[2m 30.79 kB[22m[1m[22m[2m │ gzip:  10.59 kB[22m
2026-10-06T21:45:21.3118660Z [2mdist/[22m[2massets/[22m[36mtimeline-definition-24CTP7MA-mW6NuLip.js  [39m[1m[2m 30.84 kB[22m[1m[22m[2m │ gzip:  10.15 kB[22m
2026-10-06T21:45:21.3119830Z [2mdist/[22m[2massets/[22m[36mrequirementDiagram-BXWQKSXE-C9i98qcr.js   [39m[1m[2m 31.00 kB[22m[1m[22m[2m │ gzip:   9.73 kB[22m
2026-10-06T21:45:21.3121010Z [2mdist/[22m[2massets/[22m[36mstylus-BEDo0Tqx.js                        [39m[1m[2m 31.07 kB[22m[1m[22m[2m │ gzip:   7.99 kB[22m
2026-10-06T21:45:21.3121930Z [2mdist/[22m[2massets/[22m[36mjulia-Cu79e8SL.js                         [39m[1m[2m 31.29 kB[22m[1m[22m[2m │ gzip:   4.37 kB[22m
2026-10-06T21:45:21.3122810Z [2mdist/[22m[2massets/[22m[36mahk-BrbAagtO.js                           [39m[1m[2m 31.45 kB[22m[1m[22m[2m │ gzip:   7.81 kB[22m
2026-10-06T21:45:21.3123890Z [2mdist/[22m[2massets/[22m[36mpoimandres-CS3Unz2-.js                    [39m[1m[2m 33.49 kB[22m[1m[22m[2m │ gzip:   5.50 kB[22m
2026-10-06T21:45:21.3124760Z [2mdist/[22m[2massets/[22m[36mbsl-DlhNcFeZ.js                           [39m[1m[2m 33.95 kB[22m[1m[22m[2m │ gzip:   8.36 kB[22m
2026-10-06T21:45:21.3125700Z [2mdist/[22m[2massets/[22m[36mquadrantDiagram-AXDQQJYC-BOzng_oh.js      [39m[1m[2m 34.01 kB[22m[1m[22m[2m │ gzip:   9.98 kB[22m
2026-10-06T21:45:21.3126650Z [2mdist/[22m[2massets/[22m[36mnginx-BpAMiNFr.js                         [39m[1m[2m 35.37 kB[22m[1m[22m[2m │ gzip:   4.43 kB[22m
2026-10-06T21:45:21.3127600Z [2mdist/[22m[2massets/[22m[36mhouston-DnULxvSX.js                       [39m[1m[2m 35.42 kB[22m[1m[22m[2m │ gzip:   5.78 kB[22m
2026-10-06T21:45:21.3128990Z [2mdist/[22m[2massets/[22m[36mlayout-B2pWYY9-.js                        [39m[1m[2m 35.44 kB[22m[1m[22m[2m │ gzip:  12.75 kB[22m
2026-10-06T21:45:21.3130000Z [2mdist/[22m[2massets/[22m[36mtokyo-night-hegEt444.js                   [39m[1m[2m 35.67 kB[22m[1m[22m[2m │ gzip:   6.24 kB[22m
2026-10-06T21:45:21.3130890Z [2mdist/[22m[2massets/[22m[36mhaxe-CfZj7gIn.js                          [39m[1m[2m 35.95 kB[22m[1m[22m[2m │ gzip:   6.01 kB[22m
2026-10-06T21:45:21.3131820Z [2mdist/[22m[2massets/[22m[36morg-6a7ccXN_.js                           [39m[1m[2m 36.32 kB[22m[1m[22m[2m │ gzip:   3.70 kB[22m
2026-10-06T21:45:21.3132770Z [2mdist/[22m[2massets/[22m[36mone-dark-pro-CxGP3dtY.js                  [39m[1m[2m 37.06 kB[22m[1m[22m[2m │ gzip:   6.11 kB[22m
2026-10-06T21:45:21.3133650Z [2mdist/[22m[2massets/[22m[36merlang-DsQrWhSR.js                        [39m[1m[2m 37.48 kB[22m[1m[22m[2m │ gzip:   4.40 kB[22m
2026-10-06T21:45:21.3134530Z [2mdist/[22m[2massets/[22m[36mchunk-IMKFNOWR-C9iztqsZ.js                [39m[1m[2m 38.11 kB[22m[1m[22m[2m │ gzip:  12.53 kB[22m
2026-10-06T21:45:21.3135740Z [2mdist/[22m[2massets/[22m[36mbird2-Bx8U0n9b.js                         [39m[1m[2m 38.68 kB[22m[1m[22m[2m │ gzip:   8.50 kB[22m
2026-10-06T21:45:21.3136760Z [2mdist/[22m[2massets/[22m[36mcobol-BBKr1ja6.js                         [39m[1m[2m 39.13 kB[22m[1m[22m[2m │ gzip:  10.86 kB[22m
2026-10-06T21:45:21.3137710Z [2mdist/[22m[2massets/[22m[36masm-D_Q5rh1f.js                           [39m[1m[2m 40.72 kB[22m[1m[22m[2m │ gzip:   8.21 kB[22m
2026-10-06T21:45:21.3138610Z [2mdist/[22m[2massets/[22m[36mshellscript-Yzrsuije.js                   [39m[1m[2m 41.48 kB[22m[1m[22m[2m │ gzip:   6.09 kB[22m
2026-10-06T21:45:21.3139490Z [2mdist/[22m[2massets/[22m[36mhaskell-Df6bDoY_.js                       [39m[1m[2m 41.49 kB[22m[1m[22m[2m │ gzip:   6.44 kB[22m
2026-10-06T21:45:21.3140420Z [2mdist/[22m[2massets/[22m[36mblockDiagram-I7D4REHJ--3MbKKbn.js         [39m[1m[2m 41.76 kB[22m[1m[22m[2m │ gzip:  13.58 kB[22m
2026-10-06T21:45:21.3141390Z [2mdist/[22m[2massets/[22m[36mvennDiagram-4TSXK5OY-CuJerX2C.js          [39m[1m[2m 41.96 kB[22m[1m[22m[2m │ gzip:  15.70 kB[22m
2026-10-06T21:45:21.3142300Z [2mdist/[22m[2massets/[22m[36mperl-5klg-GXX.js                          [39m[1m[2m 43.16 kB[22m[1m[22m[2m │ gzip:   4.67 kB[22m
2026-10-06T21:45:21.3143160Z [2mdist/[22m[2massets/[22m[36md-85-TOEBH.js                             [39m[1m[2m 43.80 kB[22m[1m[22m[2m │ gzip:   8.47 kB[22m
2026-10-06T21:45:21.3144120Z [2mdist/[22m[2massets/[22m[36mxychartDiagram-S5SC5T6Z-ulGzTtn9.js       [39m[1m[2m 44.51 kB[22m[1m[22m[2m │ gzip:  12.61 kB[22m
2026-10-06T21:45:21.3145020Z [2mdist/[22m[2massets/[22m[36mahk2-8Zs4aa1G.js                          [39m[1m[2m 45.07 kB[22m[1m[22m[2m │ gzip:   9.88 kB[22m
2026-10-06T21:45:21.3145870Z [2mdist/[22m[2massets/[22m[36mruby-C8rp0wew.js                          [39m[1m[2m 46.76 kB[22m[1m[22m[2m │ gzip:   5.83 kB[22m
2026-10-06T21:45:21.3148160Z [2mdist/[22m[2massets/[22m[36mgo-C27-OAKa.js                            [39m[1m[2m 46.82 kB[22m[1m[22m[2m │ gzip:   5.18 kB[22m
2026-10-06T21:45:21.3149090Z [2mdist/[22m[2massets/[22m[36mapex-DhZFqWV2.js                          [39m[1m[2m 47.89 kB[22m[1m[22m[2m │ gzip:   6.90 kB[22m
2026-10-06T21:45:21.3150050Z [2mdist/[22m[2massets/[22m[36mada-BIOnG6TC.js                           [39m[1m[2m 48.08 kB[22m[1m[22m[2m │ gzip:   6.03 kB[22m
2026-10-06T21:45:21.3151030Z [2mdist/[22m[2massets/[22m[36mchunk-TICWLB2K-Dy-UYYod.js                [39m[1m[2m 49.21 kB[22m[1m[22m[2m │ gzip:  15.76 kB[22m
2026-10-06T21:45:21.3151960Z [2mdist/[22m[2massets/[22m[36mimba-DGztddWO.js                          [39m[1m[2m 49.93 kB[22m[1m[22m[2m │ gzip:   9.46 kB[22m
2026-10-06T21:45:21.3153170Z [2mdist/[22m[2massets/[22m[36mcatppuccin-mocha-Ct7hS0mc.js              [39m[1m[2m 50.85 kB[22m[1m[22m[2m │ gzip:   8.49 kB[22m
2026-10-06T21:45:21.3154110Z [2mdist/[22m[2massets/[22m[36mcatppuccin-latte-DH-8KZSZ.js              [39m[1m[2m 50.85 kB[22m[1m[22m[2m │ gzip:   8.49 kB[22m
2026-10-06T21:45:21.3155010Z [2mdist/[22m[2massets/[22m[36mcatppuccin-frappe-CZL1YF0i.js             [39m[1m[2m 50.85 kB[22m[1m[22m[2m │ gzip:   8.51 kB[22m
2026-10-06T21:45:21.3155940Z [2mdist/[22m[2massets/[22m[36mcatppuccin-macchiato-B7yYVSCf.js          [39m[1m[2m 50.86 kB[22m[1m[22m[2m │ gzip:   8.50 kB[22m
2026-10-06T21:45:21.3156840Z [2mdist/[22m[2massets/[22m[36mcss-Z72CF80r.js                           [39m[1m[2m 53.37 kB[22m[1m[22m[2m │ gzip:  12.44 kB[22m
2026-10-06T21:45:21.3157710Z [2mdist/[22m[2massets/[22m[36meverforest-dark-BgDCqdQA.js               [39m[1m[2m 53.75 kB[22m[1m[22m[2m │ gzip:   8.42 kB[22m
2026-10-06T21:45:21.3158640Z [2mdist/[22m[2massets/[22m[36meverforest-light-C8M2exoo.js              [39m[1m[2m 53.75 kB[22m[1m[22m[2m │ gzip:   8.42 kB[22m
2026-10-06T21:45:21.3159860Z [2mdist/[22m[2massets/[22m[36mmermaid-CQcHuHx7.js                       [39m[1m[2m 54.81 kB[22m[1m[22m[2m │ gzip:   4.81 kB[22m
2026-10-06T21:45:21.3160790Z [2mdist/[22m[2massets/[22m[36mwikitext-BhOHFoWU.js                      [39m[1m[2m 55.89 kB[22m[1m[22m[2m │ gzip:   4.76 kB[22m
2026-10-06T21:45:21.3161750Z [2mdist/[22m[2massets/[22m[36mstata-DACIj5bg.js                         [39m[1m[2m 56.99 kB[22m[1m[22m[2m │ gzip:  12.36 kB[22m
2026-10-06T21:45:21.3162670Z [2mdist/[22m[2massets/[22m[36mhtml-BlS82ilI.js                          [39m[1m[2m 57.25 kB[22m[1m[22m[2m │ gzip:  11.69 kB[22m
2026-10-06T21:45:21.3163650Z [2mdist/[22m[2massets/[22m[36mballerina-BFfxhgS-.js                     [39m[1m[2m 58.69 kB[22m[1m[22m[2m │ gzip:   8.15 kB[22m
2026-10-06T21:45:21.3164900Z [2mdist/[22m[2massets/[22m[36mmarkdown-Cvjx9yec.js                      [39m[1m[2m 59.34 kB[22m[1m[22m[2m │ gzip:   5.64 kB[22m
2026-10-06T21:45:21.3166030Z [2mdist/[22m[2massets/[22m[36mflowDiagram-HODETNUW-D2UmWm2m.js          [39m[1m[2m 61.88 kB[22m[1m[22m[2m │ gzip:  19.89 kB[22m
2026-10-06T21:45:21.3167050Z [2mdist/[22m[2massets/[22m[36mocaml-C0hk2d4L.js                         [39m[1m[2m 62.45 kB[22m[1m[22m[2m │ gzip:   5.02 kB[22m
2026-10-06T21:45:21.3168090Z [2mdist/[22m[2massets/[22m[36mc4Diagram-7LVT6UL2-D6Kz6980.js            [39m[1m[2m 65.47 kB[22m[1m[22m[2m │ gzip:  18.79 kB[22m
2026-10-06T21:45:21.3168980Z [2mdist/[22m[2massets/[22m[36mmojo-DJz3ZmWd.js                          [39m[1m[2m 69.52 kB[22m[1m[22m[2m │ gzip:   9.27 kB[22m
2026-10-06T21:45:21.3169860Z [2mdist/[22m[2massets/[22m[36mganttDiagram-EL5Y4UJY-50iHyRn3.js         [39m[1m[2m 69.69 kB[22m[1m[22m[2m │ gzip:  23.55 kB[22m
2026-10-06T21:45:21.3170810Z [2mdist/[22m[2massets/[22m[36mpython-B6aJPvgy.js                        [39m[1m[2m 69.95 kB[22m[1m[22m[2m │ gzip:   9.13 kB[22m
2026-10-06T21:45:21.3171650Z [2mdist/[22m[2massets/[22m[36mc-BIGW1oBm.js                             [39m[1m[2m 72.11 kB[22m[1m[22m[2m │ gzip:  10.51 kB[22m
2026-10-06T21:45:21.3172560Z [2mdist/[22m[2massets/[22m[36mlatex-DJVikpzR.js                         [39m[1m[2m 73.27 kB[22m[1m[22m[2m │ gzip:   6.82 kB[22m
2026-10-06T21:45:21.3173590Z [2mdist/[22m[2massets/[22m[36mvyper-CDx5xZoG.js                         [39m[1m[2m 74.65 kB[22m[1m[22m[2m │ gzip:  10.74 kB[22m
2026-10-06T21:45:21.3174450Z [2mdist/[22m[2massets/[22m[36mhack-Ck6-gGSS.js                          [39m[1m[2m 81.13 kB[22m[1m[22m[2m │ gzip:  26.38 kB[22m
2026-10-06T21:45:21.3175350Z [2mdist/[22m[2massets/[22m[36mcose-bilkent-JH36ORCC-BoaP8ffR.js         [39m[1m[2m 81.70 kB[22m[1m[22m[2m │ gzip:  22.48 kB[22m
2026-10-06T21:45:21.3176580Z [2mdist/[22m[2massets/[22m[36mswift-C2oV4EkX.js                         [39m[1m[2m 87.23 kB[22m[1m[22m[2m │ gzip:  14.84 kB[22m
2026-10-06T21:45:21.3177480Z [2mdist/[22m[2massets/[22m[36mfortran-free-form-BxgE0vQu.js             [39m[1m[2m 88.97 kB[22m[1m[22m[2m │ gzip:  11.27 kB[22m
2026-10-06T21:45:21.3178400Z [2mdist/[22m[2massets/[22m[36mcsharp-B_TYUkTI.js                        [39m[1m[2m 91.44 kB[22m[1m[22m[2m │ gzip:  10.84 kB[22m
2026-10-06T21:45:21.3179340Z [2mdist/[22m[2massets/[22m[36mracket-BqYA7rlc.js                        [39m[1m[2m 92.39 kB[22m[1m[22m[2m │ gzip:  15.02 kB[22m
2026-10-06T21:45:21.3180200Z [2mdist/[22m[2massets/[22m[36mless-B1dDrJ26.js                          [39m[1m[2m 97.63 kB[22m[1m[22m[2m │ gzip:  14.70 kB[22m
2026-10-06T21:45:21.3181070Z [2mdist/[22m[2massets/[22m[36mblade-k33SngOZ.js                         [39m[1m[2m104.98 kB[22m[1m[22m[2m │ gzip:  28.20 kB[22m
2026-10-06T21:45:21.3181990Z [2mdist/[22m[2massets/[22m[36mobjective-c-DXmwc3jG.js                   [39m[1m[2m105.41 kB[22m[1m[22m[2m │ gzip:  23.33 kB[22m
2026-10-06T21:45:21.3183460Z [2mdist/[22m[2massets/[22m[36mphp-DoruYMF0.js                           [39m[1m[2m113.13 kB[22m[1m[22m[2m │ gzip:  28.73 kB[22m
2026-10-06T21:45:21.3184500Z [2mdist/[22m[2massets/[22m[36mswimlanes-42K2YHIH-BdJ0LRlL.js            [39m[1m[2m115.79 kB[22m[1m[22m[2m │ gzip:  42.51 kB[22m
2026-10-06T21:45:21.3186100Z [2mdist/[22m[2massets/[22m[36msequenceDiagram-WJ2MYXX4-CEuvbsH4.js      [39m[1m[2m116.97 kB[22m[1m[22m[2m │ gzip:  31.14 kB[22m
2026-10-06T21:45:21.3187250Z [2mdist/[22m[2massets/[22m[36masciidoc-CSVQ5wI8.js                      [39m[1m[2m136.05 kB[22m[1m[22m[2m │ gzip:   9.50 kB[22m
2026-10-06T21:45:21.3188200Z [2mdist/[22m[2massets/[22m[36mmdx-Cmh6b_Ma.js                           [39m[1m[2m136.11 kB[22m[1m[22m[2m │ gzip:  23.35 kB[22m
2026-10-06T21:45:21.3189180Z [2mdist/[22m[2massets/[22m[36marchitectureDiagram-5GKGNRK7-cDa105zn.js  [39m[1m[2m151.82 kB[22m[1m[22m[2m │ gzip:  43.14 kB[22m
2026-10-06T21:45:21.3190250Z [2mdist/[22m[2massets/[22m[36mtypst-DamkJZ1Q.js                         [39m[1m[2m163.55 kB[22m[1m[22m[2m │ gzip:  10.98 kB[22m
2026-10-06T21:45:21.3191140Z [2mdist/[22m[2massets/[22m[36mobjective-cpp-CLxacb5B.js                 [39m[1m[2m171.97 kB[22m[1m[22m[2m │ gzip:  30.62 kB[22m
2026-10-06T21:45:21.3192020Z [2mdist/[22m[2massets/[22m[36mjavascript-wDzz0qaB.js                    [39m[1m[2m174.83 kB[22m[1m[22m[2m │ gzip:  16.51 kB[22m
2026-10-06T21:45:21.3192880Z [2mdist/[22m[2massets/[22m[36mtsx-COt5Ahok.js                           [39m[1m[2m175.54 kB[22m[1m[22m[2m │ gzip:  16.51 kB[22m
2026-10-06T21:45:21.3193740Z [2mdist/[22m[2massets/[22m[36mjsx-g9-lgVsj.js                           [39m[1m[2m177.79 kB[22m[1m[22m[2m │ gzip:  16.61 kB[22m
2026-10-06T21:45:21.3195140Z [2mdist/[22m[2massets/[22m[36mtypescript-BPQ3VLAy.js                    [39m[1m[2m181.08 kB[22m[1m[22m[2m │ gzip:  16.04 kB[22m
2026-10-06T21:45:21.3196360Z [2mdist/[22m[2massets/[22m[36mangular-ts-DGq0tZX5.js                    [39m[1m[2m183.82 kB[22m[1m[22m[2m │ gzip:  16.63 kB[22m
2026-10-06T21:45:21.3197240Z [2mdist/[22m[2massets/[22m[36mvue-vine-C0RcJ6UU.js                      [39m[1m[2m190.05 kB[22m[1m[22m[2m │ gzip:  17.98 kB[22m
2026-10-06T21:45:21.3198110Z [2mdist/[22m[2massets/[22m[36mkatex-HP8lGamR.js                         [39m[1m[2m261.31 kB[22m[1m[22m[2m │ gzip:  77.57 kB[22m
2026-10-06T21:45:21.3198990Z [2mdist/[22m[2massets/[22m[36mwolfram-lXgVvXCa.js                       [39m[1m[2m262.39 kB[22m[1m[22m[2m │ gzip:  77.14 kB[22m
2026-10-06T21:45:21.3200010Z [2mdist/[22m[2massets/[22m[36mcytoscape.esm-BB4DxJjf.js                 [39m[1m[2m443.04 kB[22m[1m[22m[2m │ gzip: 141.98 kB[22m
2026-10-06T21:45:21.3204180Z [2mdist/[22m[2massets/[22m[36mwasm-CG6Dc4jp.js                          [39m[1m[33m622.34 kB[39m[22m[2m │ gzip: 230.29 kB[22m
2026-10-06T21:45:21.3205080Z [2mdist/[22m[2massets/[22m[36mmermaid.core-BTy-rnv4.js                  [39m[1m[33m653.58 kB[39m[22m[2m │ gzip: 158.05 kB[22m
2026-10-06T21:45:21.3206050Z [2mdist/[22m[2massets/[22m[36mcynefin-OW5HDTMX-CcQKEihN.js              [39m[1m[33m688.15 kB[39m[22m[2m │ gzip: 154.16 kB[22m
2026-10-06T21:45:21.3206950Z [2mdist/[22m[2massets/[22m[36mindex-DRXQyUs7.js                         [39m[1m[33m755.39 kB[39m[22m[2m │ gzip: 233.42 kB[22m
2026-10-06T21:45:21.3207830Z [2mdist/[22m[2massets/[22m[36mcpp-BMRokrvK.js                           [39m[1m[33m785.49 kB[39m[22m[2m │ gzip:  53.20 kB[22m
2026-10-06T21:45:21.3208710Z [2mdist/[22m[2massets/[22m[36memacs-lisp-DaIrSCgJ.js                    [39m[1m[33m790.02 kB[39m[22m[2m │ gzip: 198.84 kB[22m
2026-10-06T21:45:21.3209230Z [32m✓ built in 11.74s[39m
2026-10-06T21:45:22.2024140Z   • electron-builder  version=26.15.3 os=24.6.0
2026-10-06T21:45:22.2071260Z   • loaded configuration  file=package.json ("build" field)
2026-10-06T21:45:23.0977900Z   • executing @electron/rebuild  electronVersion=44.5.1 arch=arm64 buildFromSource=false workspaceRoot=/Users/runner/work/ea-md-reader/ea-md-reader projectDir=./ appDir=./
2026-10-06T21:45:23.0981430Z   • installing native dependencies  arch=arm64
2026-10-06T21:45:23.3174960Z   • completed installing native dependencies
2026-10-06T21:45:23.3212170Z   • packaging       platform=darwin arch=arm64 electron=44.5.1 appOutDir=release/mac-arm64
2026-10-06T21:45:23.4222710Z   • downloaded      label=electron progress=100%
2026-10-06T21:45:26.4561420Z   • downloaded electron zip extracted successfully  output=/Users/runner/work/ea-md-reader/ea-md-reader/release/mac-arm64
2026-10-06T21:45:26.4885420Z   • searching for node modules  pm=npm searchDir=/Users/runner/work/ea-md-reader/ea-md-reader
2026-10-06T21:45:27.1645820Z   • searching for node modules  pm=traversal searchDir=/Users/runner/work/ea-md-reader/ea-md-reader
2026-10-06T21:45:27.1646670Z   • using manual traversal of node_modules to build dependency tree
2026-10-06T21:45:27.1656970Z   • no node modules returned while searching directories  searchDirectories=[""]
2026-10-06T21:45:27.7145290Z   • downloaded      label=icons-bundle.tar.gz progress=100%
2026-10-06T21:45:29.7038730Z   • There are serious security concerns with CSC_FOR_PULL_REQUEST=true (see the  CircleCI documentation (https://circleci.com/docs/1.0/fork-pr-builds/) for details)
2026-10-06T21:45:29.7040090Z If you have SSH keys, sensitive env vars or AWS credentials stored in your project settings and untrusted forks can make pull requests against your repo, then this option isn't for you.
2026-10-06T21:45:29.7461600Z   • signing         file=release/mac-arm64/emd.app platform=darwin type=distribution identityName=- identityHash=none provisioningProfile=none
2026-10-06T21:45:43.5195010Z   • skipped macOS notarization  reason=`notarize` options were set explicitly `false`
2026-10-06T21:45:43.5203580Z   • building        target=macOS zip arch=arm64 file=release/emd-0.1.0-mac-arm64.zip
2026-10-06T21:45:43.5209180Z   • building        target=DMG arch=arm64 file=release/emd-0.1.0-mac-arm64.dmg
2026-10-06T21:45:43.6209930Z   • downloaded      label=dmgbuild-bundle-arm64-75c8a6c.tar.gz progress=100%
2026-10-06T21:46:00.8928710Z   • building block map  blockMapFile=release/emd-0.1.0-mac-arm64.zip.blockmap
2026-10-06T21:46:01.0650320Z   • building block map  blockMapFile=release/emd-0.1.0-mac-arm64.dmg.blockmap
2026-10-06T21:46:10.2121610Z ##[group]Run npm run test:node
2026-10-06T21:46:10.2121920Z [36;1mnpm run test:node[0m
2026-10-06T21:46:10.2275910Z shell: /bin/bash -e {0}
2026-10-06T21:46:10.2276210Z env:
2026-10-06T21:46:10.2276410Z   CSC_IDENTITY_AUTO_DISCOVERY: false
2026-10-06T21:46:10.2276770Z   CSC_FOR_PULL_REQUEST: true
2026-10-06T21:46:10.2281820Z   XDG_CURRENT_DESKTOP: 
2026-10-06T21:46:10.2282120Z ##[endgroup]
2026-10-06T21:46:10.4412260Z 
2026-10-06T21:46:10.4413650Z > emd@0.1.0 test:node
2026-10-06T21:46:10.4416680Z > node --test tests/files.test.cjs tests/platforms.test.mjs tests/mac-platform.test.mjs tests/commands.test.cjs tests/runtime-platforms.test.cjs
2026-10-06T21:46:10.4417300Z 
2026-10-06T21:46:10.5092240Z TAP version 13
2026-10-06T21:46:10.5542480Z # Subtest: linux 命令映射保留主要键、精确修饰键与共同 Ctrl+Tab
2026-10-06T21:46:10.5558320Z ok 1 - linux 命令映射保留主要键、精确修饰键与共同 Ctrl+Tab
2026-10-06T21:46:10.5558850Z   ---
2026-10-06T21:46:10.5559270Z   duration_ms: 2.744417
2026-10-06T21:46:10.5559850Z   type: 'test'
2026-10-06T21:46:10.5560250Z   ...
2026-10-06T21:46:10.5562390Z # Subtest: linux 主键盘与小键盘缩放不消费无关 Shift 组合
2026-10-06T21:46:10.5565770Z ok 2 - linux 主键盘与小键盘缩放不消费无关 Shift 组合
2026-10-06T21:46:10.5566320Z   ---
2026-10-06T21:46:10.5567010Z   duration_ms: 0.2565
2026-10-06T21:46:10.5567310Z   type: 'test'
2026-10-06T21:46:10.5567830Z   ...
2026-10-06T21:46:10.5568290Z # Subtest: win32 命令映射保留主要键、精确修饰键与共同 Ctrl+Tab
2026-10-06T21:46:10.5568780Z ok 3 - win32 命令映射保留主要键、精确修饰键与共同 Ctrl+Tab
2026-10-06T21:46:10.5569140Z   ---
2026-10-06T21:46:10.5569370Z   duration_ms: 0.381833
2026-10-06T21:46:10.5569690Z   type: 'test'
2026-10-06T21:46:10.5570000Z   ...
2026-10-06T21:46:10.5570350Z # Subtest: win32 主键盘与小键盘缩放不消费无关 Shift 组合
2026-10-06T21:46:10.5570780Z ok 4 - win32 主键盘与小键盘缩放不消费无关 Shift 组合
2026-10-06T21:46:10.5571150Z   ---
2026-10-06T21:46:10.5571350Z   duration_ms: 0.093792
2026-10-06T21:46:10.5571720Z   type: 'test'
2026-10-06T21:46:10.5572020Z   ...
2026-10-06T21:46:10.5572490Z # Subtest: darwin 命令映射保留主要键、精确修饰键与共同 Ctrl+Tab
2026-10-06T21:46:10.5572990Z ok 5 - darwin 命令映射保留主要键、精确修饰键与共同 Ctrl+Tab
2026-10-06T21:46:10.5573310Z   ---
2026-10-06T21:46:10.5573500Z   duration_ms: 1.157916
2026-10-06T21:46:10.5573790Z   type: 'test'
2026-10-06T21:46:10.5574060Z   ...
2026-10-06T21:46:10.5574370Z # Subtest: darwin 主键盘与小键盘缩放不消费无关 Shift 组合
2026-10-06T21:46:10.5574790Z ok 6 - darwin 主键盘与小键盘缩放不消费无关 Shift 组合
2026-10-06T21:46:10.5575050Z   ---
2026-10-06T21:46:10.5575310Z   duration_ms: 0.112167
2026-10-06T21:46:10.5575600Z   type: 'test'
2026-10-06T21:46:10.5575820Z   ...
2026-10-06T21:46:10.5576500Z # Subtest: 键盘消费一次并让复制键继续进入原生菜单与输入框
2026-10-06T21:46:10.5576920Z ok 7 - 键盘消费一次并让复制键继续进入原生菜单与输入框
2026-10-06T21:46:10.5577150Z   ---
2026-10-06T21:46:10.5577410Z   duration_ms: 0.677541
2026-10-06T21:46:10.5577690Z   type: 'test'
2026-10-06T21:46:10.5577970Z   ...
2026-10-06T21:46:10.5578390Z # Subtest: POSIX 和 Windows 根目录及祖先使用 Node 路径语义
2026-10-06T21:46:10.5578860Z ok 8 - POSIX 和 Windows 根目录及祖先使用 Node 路径语义
2026-10-06T21:46:10.5579150Z   ---
2026-10-06T21:46:10.5579460Z   duration_ms: 0.604834
2026-10-06T21:46:10.5579700Z   type: 'test'
2026-10-06T21:46:10.5579930Z   ...
2026-10-06T21:46:10.5648510Z # Subtest: UTF-8 原始字节另存为，禁止覆盖源文件及其硬链接
2026-10-06T21:46:10.5649400Z ok 9 - UTF-8 原始字节另存为，禁止覆盖源文件及其硬链接
2026-10-06T21:46:10.5649790Z   ---
2026-10-06T21:46:10.5650260Z   duration_ms: 8.988166
2026-10-06T21:46:10.5651050Z   type: 'test'
2026-10-06T21:46:10.5651370Z   ...
2026-10-06T21:46:10.5651860Z # Subtest: HTML 原始字节另存为与文件 URL 参数
2026-10-06T21:46:10.5652400Z ok 10 - HTML 原始字节另存为与文件 URL 参数
2026-10-06T21:46:10.5652840Z   ---
2026-10-06T21:46:10.5653160Z   duration_ms: 6.222958
2026-10-06T21:46:10.5653530Z   type: 'test'
2026-10-06T21:46:10.5653930Z   ...
2026-10-06T21:46:10.5734070Z # Subtest: 工作区递归筛选 Markdown 和 HTML，剪去空目录，不遍历符号链接目录
2026-10-06T21:46:10.5736430Z ok 11 - 工作区递归筛选 Markdown 和 HTML，剪去空目录，不遍历符号链接目录
2026-10-06T21:46:10.5737200Z   ---
2026-10-06T21:46:10.5737620Z   duration_ms: 13.880334
2026-10-06T21:46:10.5738040Z   type: 'test'
2026-10-06T21:46:10.5739200Z   ...
2026-10-06T21:46:10.6054050Z # Subtest: macOS 打包包含应用、DMG、ZIP 和只读 Markdown / HTML 文件关联
2026-10-06T21:46:10.6055510Z ok 12 - macOS 打包包含应用、DMG、ZIP 和只读 Markdown / HTML 文件关联
2026-10-06T21:46:10.6056240Z   ---
2026-10-06T21:46:10.6058370Z   duration_ms: 2.64775
2026-10-06T21:46:10.6058770Z   type: 'test'
2026-10-06T21:46:10.6059380Z   ...
2026-10-06T21:46:10.6159000Z # 已安装用户级 emd：/private/var/folders/nj/vtw8zd2j31d1gdrtntc5y4600000gn/T/emd-mac-olyL2j/home with ' quote %/Applications/emd.app
2026-10-06T21:46:10.6160330Z # 终端命令：/private/var/folders/nj/vtw8zd2j31d1gdrtntc5y4600000gn/T/emd-mac-olyL2j/home with ' quote %/.local/bin/emd
2026-10-06T21:46:10.6161540Z # 日志：/private/var/folders/nj/vtw8zd2j31d1gdrtntc5y4600000gn/T/emd-mac-olyL2j/home with ' quote %/Library/Logs/emd/emd.log
2026-10-06T21:46:10.6162430Z # 请将 ~/.local/bin 加入 PATH；Finder 打开方式已注册，默认应用设置保留。
2026-10-06T21:46:10.6587180Z # Subtest: macOS 安装保留框架链接和权限，启动器传递字面参数与调用目录
2026-10-06T21:46:10.6588170Z ok 13 - macOS 安装保留框架链接和权限，启动器传递字面参数与调用目录
2026-10-06T21:46:10.6589030Z   ---
2026-10-06T21:46:10.6590160Z   duration_ms: 55.610416
2026-10-06T21:46:10.6590720Z   type: 'test'
2026-10-06T21:46:10.6591090Z   ...
2026-10-06T21:46:10.6761460Z # 已安装用户级 emd：/private/var/folders/nj/vtw8zd2j31d1gdrtntc5y4600000gn/T/emd-mac-5QOJ9t/home with ' quote %/Applications/emd.app
2026-10-06T21:46:10.6763010Z # 终端命令：/private/var/folders/nj/vtw8zd2j31d1gdrtntc5y4600000gn/T/emd-mac-5QOJ9t/home with ' quote %/.local/bin/emd
2026-10-06T21:46:10.6764260Z # 日志：/private/var/folders/nj/vtw8zd2j31d1gdrtntc5y4600000gn/T/emd-mac-5QOJ9t/home with ' quote %/Library/Logs/emd/emd.log
2026-10-06T21:46:10.6765240Z # 请将 ~/.local/bin 加入 PATH；Finder 打开方式已注册，默认应用设置保留。
2026-10-06T21:46:10.6823940Z # 已安装用户级 emd：/private/var/folders/nj/vtw8zd2j31d1gdrtntc5y4600000gn/T/emd-mac-5QOJ9t/home with ' quote %/Applications/emd.app
2026-10-06T21:46:10.6825900Z # 终端命令：/private/var/folders/nj/vtw8zd2j31d1gdrtntc5y4600000gn/T/emd-mac-5QOJ9t/home with ' quote %/.local/bin/emd
2026-10-06T21:46:10.6827310Z # 日志：/private/var/folders/nj/vtw8zd2j31d1gdrtntc5y4600000gn/T/emd-mac-5QOJ9t/home with ' quote %/Library/Logs/emd/emd.log
2026-10-06T21:46:10.6829330Z # 请将 ~/.local/bin 加入 PATH；Finder 打开方式已注册，默认应用设置保留。
2026-10-06T21:46:10.6904020Z # Subtest: macOS 默认产物目录和解包目录均能安装，升级清除旧包文件
2026-10-06T21:46:10.6912390Z ok 14 - macOS 默认产物目录和解包目录均能安装，升级清除旧包文件
2026-10-06T21:46:10.6912880Z   ---
2026-10-06T21:46:10.6913270Z   duration_ms: 30.886166
2026-10-06T21:46:10.6913630Z   type: 'test'
2026-10-06T21:46:10.6914270Z   ...
2026-10-06T21:46:10.6961760Z # 已安装用户级 emd：/private/var/folders/nj/vtw8zd2j31d1gdrtntc5y4600000gn/T/emd-mac-u2jyZe/home with ' quote %/Applications/emd.app
2026-10-06T21:46:10.6963580Z # 终端命令：/private/var/folders/nj/vtw8zd2j31d1gdrtntc5y4600000gn/T/emd-mac-u2jyZe/home with ' quote %/.local/bin/emd
2026-10-06T21:46:10.6964670Z # 日志：/private/var/folders/nj/vtw8zd2j31d1gdrtntc5y4600000gn/T/emd-mac-u2jyZe/home with ' quote %/Library/Logs/emd/emd.log
2026-10-06T21:46:10.6969220Z # 请将 ~/.local/bin 加入 PATH；Finder 打开方式已注册，默认应用设置保留。
2026-10-06T21:46:10.7242270Z # Subtest: macOS 无效源包、复制失败与注册失败保留已有安装
2026-10-06T21:46:10.7264010Z ok 15 - macOS 无效源包、复制失败与注册失败保留已有安装
2026-10-06T21:46:10.7267160Z   ---
2026-10-06T21:46:10.7267870Z   duration_ms: 34.152583
2026-10-06T21:46:10.7278640Z   type: 'test'
2026-10-06T21:46:10.7283960Z   ...
2026-10-06T21:46:10.7419790Z # Subtest: macOS 首次安装注册后启动器提交失败恢复注册与原文件
2026-10-06T21:46:10.7452280Z ok 16 - macOS 首次安装注册后启动器提交失败恢复注册与原文件
2026-10-06T21:46:10.7455160Z   ---
2026-10-06T21:46:10.7514210Z   duration_ms: 14.273833
2026-10-06T21:46:10.7607350Z   type: 'test'
2026-10-06T21:46:10.7609570Z   ...
2026-10-06T21:46:10.7610840Z # 已安装用户级 emd：/private/var/folders/nj/vtw8zd2j31d1gdrtntc5y4600000gn/T/emd-mac-twJRmU/home with ' quote %/Applications/emd.app
2026-10-06T21:46:10.7612200Z # 终端命令：/private/var/folders/nj/vtw8zd2j31d1gdrtntc5y4600000gn/T/emd-mac-twJRmU/home with ' quote %/.local/bin/emd
2026-10-06T21:46:10.7613360Z # 日志：/private/var/folders/nj/vtw8zd2j31d1gdrtntc5y4600000gn/T/emd-mac-twJRmU/home with ' quote %/Library/Logs/emd/emd.log
2026-10-06T21:46:10.7614360Z # 请将 ~/.local/bin 加入 PATH；Finder 打开方式已注册，默认应用设置保留。
2026-10-06T21:46:10.7615190Z # Subtest: macOS 升级注册后启动器提交失败恢复注册与原文件
2026-10-06T21:46:10.7615670Z ok 17 - macOS 升级注册后启动器提交失败恢复注册与原文件
2026-10-06T21:46:10.7616060Z   ---
2026-10-06T21:46:10.7616640Z   duration_ms: 22.022375
2026-10-06T21:46:10.7617130Z   type: 'test'
2026-10-06T21:46:10.7617570Z   ...
2026-10-06T21:46:10.7664950Z # 已安装用户级 emd：/private/var/folders/nj/vtw8zd2j31d1gdrtntc5y4600000gn/T/emd-mac-giPf2W/home with ' quote %/Applications/emd.app
2026-10-06T21:46:10.7666470Z # 终端命令：/private/var/folders/nj/vtw8zd2j31d1gdrtntc5y4600000gn/T/emd-mac-giPf2W/home with ' quote %/.local/bin/emd
2026-10-06T21:46:10.7667780Z # 日志：/private/var/folders/nj/vtw8zd2j31d1gdrtntc5y4600000gn/T/emd-mac-giPf2W/home with ' quote %/Library/Logs/emd/emd.log
2026-10-06T21:46:10.7671570Z # 请将 ~/.local/bin 加入 PATH；Finder 打开方式已注册，默认应用设置保留。
2026-10-06T21:46:10.7773560Z # Subtest: macOS 注册恢复失败同时报告原故障并继续恢复旧包和启动器
2026-10-06T21:46:10.7774410Z     # Subtest: unregister
2026-10-06T21:46:10.7775070Z     ok 1 - unregister
2026-10-06T21:46:10.7775620Z       ---
2026-10-06T21:46:10.7776010Z       duration_ms: 16.748917
2026-10-06T21:46:10.7776420Z       type: 'test'
2026-10-06T21:46:10.7776860Z       ...
2026-10-06T21:46:10.7829910Z # 已安装用户级 emd：/private/var/folders/nj/vtw8zd2j31d1gdrtntc5y4600000gn/T/emd-mac-PauOmW/home with ' quote %/Applications/emd.app
2026-10-06T21:46:10.7831130Z # 终端命令：/private/var/folders/nj/vtw8zd2j31d1gdrtntc5y4600000gn/T/emd-mac-PauOmW/home with ' quote %/.local/bin/emd
2026-10-06T21:46:10.7848650Z # 日志：/private/var/folders/nj/vtw8zd2j31d1gdrtntc5y4600000gn/T/emd-mac-PauOmW/home with ' quote %/Library/Logs/emd/emd.log
2026-10-06T21:46:10.7849490Z # 请将 ~/.local/bin 加入 PATH；Finder 打开方式已注册，默认应用设置保留。
2026-10-06T21:46:10.7965300Z     # Subtest: restore
2026-10-06T21:46:10.7973640Z     ok 2 - restore
2026-10-06T21:46:10.7974300Z       ---
2026-10-06T21:46:10.7974620Z       duration_ms: 17.790416
2026-10-06T21:46:10.7975000Z       type: 'test'
2026-10-06T21:46:10.7975290Z       ...
2026-10-06T21:46:10.7975550Z     1..2
2026-10-06T21:46:10.7976090Z ok 18 - macOS 注册恢复失败同时报告原故障并继续恢复旧包和启动器
2026-10-06T21:46:10.7976420Z   ---
2026-10-06T21:46:10.7976690Z   duration_ms: 35.171625
2026-10-06T21:46:10.7979390Z   type: 'test'
2026-10-06T21:46:10.7989650Z   ...
2026-10-06T21:46:26.9965400Z # 已移除用户级 emd 应用和命令；配置、日志和源文档保留。
2026-10-06T21:46:26.9984540Z # Subtest: macOS 原生 首次安装启动器失败恢复 LaunchServices 绑定
2026-10-06T21:46:26.9985280Z ok 19 - macOS 原生 首次安装启动器失败恢复 LaunchServices 绑定
2026-10-06T21:46:26.9985540Z   ---
2026-10-06T21:46:26.9985720Z   duration_ms: 16194.81225
2026-10-06T21:46:26.9985940Z   type: 'test'
2026-10-06T21:46:26.9986090Z   ...
2026-10-06T21:46:32.3084860Z # 已安装用户级 emd：/private/var/folders/nj/vtw8zd2j31d1gdrtntc5y4600000gn/T/emd-mac-XF9PuD/home with ' quote %/Applications/emd.app
2026-10-06T21:46:32.3342540Z # 终端命令：/private/var/folders/nj/vtw8zd2j31d1gdrtntc5y4600000gn/T/emd-mac-XF9PuD/home with ' quote %/.local/bin/emd
2026-10-06T21:46:32.3344100Z # 日志：/private/var/folders/nj/vtw8zd2j31d1gdrtntc5y4600000gn/T/emd-mac-XF9PuD/home with ' quote %/Library/Logs/emd/emd.log
2026-10-06T21:46:32.3344730Z # 请将 ~/.local/bin 加入 PATH；Finder 打开方式已注册，默认应用设置保留。
2026-10-06T21:46:48.0270990Z # 已移除用户级 emd 应用和命令；配置、日志和源文档保留。
2026-10-06T21:46:48.0311650Z # Subtest: macOS 原生 升级启动器失败恢复 LaunchServices 绑定
2026-10-06T21:46:48.0313210Z ok 20 - macOS 原生 升级启动器失败恢复 LaunchServices 绑定
2026-10-06T21:46:48.0314170Z   ---
2026-10-06T21:46:48.0314490Z   duration_ms: 21019.791959
2026-10-06T21:46:48.0314760Z   type: 'test'
2026-10-06T21:46:48.0315080Z   ...
2026-10-06T21:46:48.0408900Z # Subtest: macOS 拒绝覆盖或卸载不属于 emd 的应用和命令
2026-10-06T21:46:48.0509290Z ok 21 - macOS 拒绝覆盖或卸载不属于 emd 的应用和命令
2026-10-06T21:46:48.0611080Z   ---
2026-10-06T21:46:48.0615110Z   duration_ms: 11.917167
2026-10-06T21:46:48.0718120Z   type: 'test'
2026-10-06T21:46:48.0819160Z   ...
2026-10-06T21:46:48.0921220Z # 已安装用户级 emd：/private/var/folders/nj/vtw8zd2j31d1gdrtntc5y4600000gn/T/emd-mac-lcawA1/home with ' quote %/Applications/emd.app
2026-10-06T21:46:48.0980310Z # 终端命令：/private/var/folders/nj/vtw8zd2j31d1gdrtntc5y4600000gn/T/emd-mac-lcawA1/home with ' quote %/.local/bin/emd
2026-10-06T21:46:48.1053910Z # 日志：/private/var/folders/nj/vtw8zd2j31d1gdrtntc5y4600000gn/T/emd-mac-lcawA1/home with ' quote %/Library/Logs/emd/emd.log
2026-10-06T21:46:48.1088120Z # 请将 ~/.local/bin 加入 PATH；Finder 打开方式已注册，默认应用设置保留。
2026-10-06T21:46:48.1147130Z # Subtest: macOS 拒绝目标应用中被替换成链接的可执行文件
2026-10-06T21:46:48.1148250Z ok 22 - macOS 拒绝目标应用中被替换成链接的可执行文件
2026-10-06T21:46:48.1149170Z   ---
2026-10-06T21:46:48.1149560Z   duration_ms: 8.41375
2026-10-06T21:46:48.1150730Z   type: 'test'
2026-10-06T21:46:48.1151730Z   ...
2026-10-06T21:46:48.1152430Z # Subtest: macOS 拒绝应用和命令路径的符号链接，不修改链接目标
2026-10-06T21:46:48.1153130Z ok 23 - macOS 拒绝应用和命令路径的符号链接，不修改链接目标
2026-10-06T21:46:48.1153740Z   ---
2026-10-06T21:46:48.1154190Z   duration_ms: 8.278833
2026-10-06T21:46:48.1155120Z   type: 'test'
2026-10-06T21:46:48.1155710Z   ...
2026-10-06T21:46:48.1157540Z # 已安装用户级 emd：/private/var/folders/nj/vtw8zd2j31d1gdrtntc5y4600000gn/T/emd-mac-kLejc2/home with ' quote %/Applications/emd.app
2026-10-06T21:46:48.1158960Z # 终端命令：/private/var/folders/nj/vtw8zd2j31d1gdrtntc5y4600000gn/T/emd-mac-kLejc2/home with ' quote %/.local/bin/emd
2026-10-06T21:46:48.1162130Z # 日志：/private/var/folders/nj/vtw8zd2j31d1gdrtntc5y4600000gn/T/emd-mac-kLejc2/home with ' quote %/Library/Logs/emd/emd.log
2026-10-06T21:46:48.1171020Z # 请将 ~/.local/bin 加入 PATH；Finder 打开方式已注册，默认应用设置保留。
2026-10-06T21:46:48.1171940Z # 已移除用户级 emd 应用和命令；配置、日志和源文档保留。
2026-10-06T21:46:48.1172460Z # 已移除用户级 emd 应用和命令；配置、日志和源文档保留。
2026-10-06T21:46:48.1173210Z # Subtest: macOS 卸载可重复执行并保留用户配置和日志
2026-10-06T21:46:48.1173890Z ok 24 - macOS 卸载可重复执行并保留用户配置和日志
2026-10-06T21:46:48.1174420Z   ---
2026-10-06T21:46:48.1174960Z   duration_ms: 18.930584
2026-10-06T21:46:48.1175890Z   type: 'test'
2026-10-06T21:46:48.1176350Z   ...
2026-10-06T21:46:48.1176970Z # Subtest: 平台选择支持 KDE 和 macOS，TODO 平台和错误参数明确失败
2026-10-06T21:46:48.1180070Z ok 25 - 平台选择支持 KDE 和 macOS，TODO 平台和错误参数明确失败
2026-10-06T21:46:48.1180620Z   ---
2026-10-06T21:46:48.1180970Z   duration_ms: 2.926084
2026-10-06T21:46:48.1181770Z   type: 'test'
2026-10-06T21:46:48.1182710Z   ...
2026-10-06T21:46:48.1183130Z # Subtest: TODO 打包、安装和卸载入口在执行外部命令或写入前退出
2026-10-06T21:46:48.1183980Z ok 26 - TODO 打包、安装和卸载入口在执行外部命令或写入前退出
2026-10-06T21:46:48.1184550Z   ---
2026-10-06T21:46:48.1185230Z   duration_ms: 390.378917
2026-10-06T21:46:48.1185970Z   type: 'test'
2026-10-06T21:46:48.1186170Z   ...
2026-10-06T21:46:48.1186810Z # Subtest: KDE 模块保留安装产物、启动器、desktop 校验与卸载行为
2026-10-06T21:46:48.1187960Z ok 27 - KDE 模块保留安装产物、启动器、desktop 校验与卸载行为 # SKIP 需要 Linux desktop 工具和 POSIX 启动器
2026-10-06T21:46:48.1188440Z   ---
2026-10-06T21:46:48.1188890Z   duration_ms: 0.105667
2026-10-06T21:46:48.1189510Z   type: 'test'
2026-10-06T21:46:48.1189740Z   ...
2026-10-06T21:46:48.1190550Z # Subtest: 桌面平台选择明确，Linux 身份与 macOS 文件打开和激活各自归属
2026-10-06T21:46:48.1191100Z ok 28 - 桌面平台选择明确，Linux 身份与 macOS 文件打开和激活各自归属
2026-10-06T21:46:48.1191630Z   ---
2026-10-06T21:46:48.1191970Z   duration_ms: 3.532167
2026-10-06T21:46:48.1192330Z   type: 'test'
2026-10-06T21:46:48.1192530Z   ...
2026-10-06T21:46:48.1193090Z # Subtest: macOS 菜单使用同一命令配置，关闭标签与退出不重复设置原生角色
2026-10-06T21:46:48.1193800Z ok 29 - macOS 菜单使用同一命令配置，关闭标签与退出不重复设置原生角色
2026-10-06T21:46:48.1194330Z   ---
2026-10-06T21:46:48.1194690Z   duration_ms: 0.602875
2026-10-06T21:46:48.1194910Z   type: 'test'
2026-10-06T21:46:48.1195400Z   ...
2026-10-06T21:46:48.1195690Z 1..29
2026-10-06T21:46:48.1196090Z # tests 31
2026-10-06T21:46:48.1196480Z # suites 0
2026-10-06T21:46:48.1196770Z # pass 30
2026-10-06T21:46:48.1197120Z # fail 0
2026-10-06T21:46:48.1197710Z # cancelled 0
2026-10-06T21:46:48.1198180Z # skipped 1
2026-10-06T21:46:48.1198550Z # todo 0
2026-10-06T21:46:48.1198820Z # duration_ms 37570.595333
2026-10-06T21:46:48.1389810Z ##[group]Run npx playwright test --reporter=line,html
2026-10-06T21:46:48.1390610Z [36;1mnpx playwright test --reporter=line,html[0m
2026-10-06T21:46:48.1453120Z shell: /bin/bash -e {0}
2026-10-06T21:46:48.1453370Z env:
2026-10-06T21:46:48.1453650Z   CSC_IDENTITY_AUTO_DISCOVERY: false
2026-10-06T21:46:48.1453960Z   CSC_FOR_PULL_REQUEST: true
2026-10-06T21:46:48.1454220Z   XDG_CURRENT_DESKTOP: 
2026-10-06T21:46:48.1454520Z   PLAYWRIGHT_HTML_OUTPUT_DIR: playwright-report/reader
2026-10-06T21:46:48.1454840Z ##[endgroup]
2026-10-06T21:46:49.7425160Z 
2026-10-06T21:46:49.7425690Z Running 6 tests using 1 worker
2026-10-06T21:46:49.7426120Z 
2026-10-06T21:46:50.0380840Z [1/6] tests/commands.spec.cjs:8:1 › 真实键盘、按钮和原生菜单共用命令，查找输入保留复制粘贴
2026-10-06T21:46:50.0812440Z tests/commands.spec.cjs:8:1 › 真实键盘、按钮和原生菜单共用命令，查找输入保留复制粘贴
2026-10-06T21:46:50.0813360Z Downloading Electron binary...
2026-10-06T21:46:50.0813760Z 
2026-10-06T21:47:01.7035800Z   1) tests/commands.spec.cjs:8:1 › 真实键盘、按钮和原生菜单共用命令，查找输入保留复制粘贴 ─────────────────────────────────────
2026-10-06T21:47:01.7036730Z 
2026-10-06T21:47:01.7037330Z     Error: expect(locator).toHaveValue(expected) failed
2026-10-06T21:47:01.7037760Z 
2026-10-06T21:47:01.7038070Z     Locator:  getByRole('textbox', { name: '查找内容' })
2026-10-06T21:47:01.7038810Z     Expected: "原生复制"
2026-10-06T21:47:01.7039250Z     Received: ""
2026-10-06T21:47:01.7039610Z     Timeout:  5000ms
2026-10-06T21:47:01.7039940Z 
2026-10-06T21:47:01.7050980Z     Call log:
2026-10-06T21:47:01.7060610Z       - Expect "toHaveValue" getByRole('textbox', { name: '查找内容' }) with timeout 5000ms
2026-10-06T21:47:01.7061320Z       - waiting for getByRole('textbox', { name: '查找内容' })
2026-10-06T21:47:01.7062140Z         14 × locator resolved to <input value="" aria-label="查找内容" placeholder="在文档中查找…"/>
2026-10-06T21:47:01.7062620Z            - unexpected value ""
2026-10-06T21:47:01.7062860Z 
2026-10-06T21:47:01.7062860Z 
2026-10-06T21:47:01.7063080Z       100 |     await expect(search).toHaveValue('');
2026-10-06T21:47:01.7063570Z       101 |     await edit('V', 'paste:');
2026-10-06T21:47:01.7064020Z     > 102 |     await expect(search).toHaveValue('原生复制');
2026-10-06T21:47:01.7064440Z           |                          ^
2026-10-06T21:47:01.7065200Z       103 |     await page.getByRole('button', { name: '关闭查找' }).click();
2026-10-06T21:47:01.7065990Z       104 |     const zoom = () => application.evaluate(({ BrowserWindow }) => BrowserWindow.getAllWindows()[0].webContents.getZoomLevel());
2026-10-06T21:47:01.7066720Z       105 |     await key('+', [primary, 'shift']);
2026-10-06T21:47:01.7067280Z         at /Users/runner/work/ea-md-reader/ea-md-reader/tests/commands.spec.cjs:102:26
2026-10-06T21:47:01.7067640Z 
2026-10-06T21:47:01.7068120Z     attachment #1: screenshot (image/png) ──────────────────────────────────────────────────────────
2026-10-06T21:47:01.7069210Z     test-results/reader/commands-真实键盘、按钮和原生菜单共用命令，查找输入保留复制粘贴/test-failed-1.png
2026-10-06T21:47:01.7069880Z     ────────────────────────────────────────────────────────────────────────────────────────────────
2026-10-06T21:47:01.7070220Z 
2026-10-06T21:47:01.7070690Z     Error Context: test-results/reader/commands-真实键盘、按钮和原生菜单共用命令，查找输入保留复制粘贴/error-context.md
2026-10-06T21:47:01.7071080Z 
2026-10-06T21:47:01.7071550Z     attachment #3: trace (application/zip) ─────────────────────────────────────────────────────────
2026-10-06T21:47:01.7072240Z     test-results/reader/commands-真实键盘、按钮和原生菜单共用命令，查找输入保留复制粘贴/trace.zip
2026-10-06T21:47:01.7072740Z     Usage:
2026-10-06T21:47:01.7072900Z 
2026-10-06T21:47:01.7073350Z         npx playwright show-trace test-results/reader/commands-真实键盘、按钮和原生菜单共用命令，查找输入保留复制粘贴/trace.zip
2026-10-06T21:47:01.7073790Z 
2026-10-06T21:47:01.7074340Z     ────────────────────────────────────────────────────────────────────────────────────────────────
2026-10-06T21:47:01.7074680Z 
2026-10-06T21:47:01.7074690Z 
2026-10-06T21:47:02.0843590Z [2/6] tests/commands.spec.cjs:144:1 › 全屏使用本平台绑定，工作区祖先由主进程返回
2026-10-06T21:47:05.6094860Z [3/6] tests/reader.spec.cjs:10:1 › HTML 内嵌脚本与样式、隔离、工作区切换、查找、重读和原始字节另存为
2026-10-06T21:47:09.1695060Z [4/6] tests/reader.spec.cjs:86:1 › 渲染、只读、多标签、另存为、重读、第二次启动及相对图片
2026-10-06T21:47:11.3073690Z tests/reader.spec.cjs:86:1 › 渲染、只读、多标签、另存为、重读、第二次启动及相对图片
2026-10-06T21:47:11.3181750Z Native normal-window state: {
2026-10-06T21:47:11.3285930Z   maximized: false,
2026-10-06T21:47:11.3392100Z   bounds: { x: 0, y: 25, width: 924, height: 584 },
2026-10-06T21:47:11.3492500Z   workArea: { x: 0, y: 25, width: 1024, height: 684 }
2026-10-06T21:47:11.3594930Z }
2026-10-06T21:47:11.3695880Z 
2026-10-06T21:47:13.8598460Z [5/6] tests/reader.spec.cjs:198:1 › 工作区切换、右键菜单、面板拖拽与容器自适应
2026-10-06T21:47:17.4308520Z [6/6] tests/reader.spec.cjs:366:1 › macOS Finder 打开恢复窗口、Dock 激活及 Command 快捷键
2026-10-06T21:47:20.1367410Z   1 failed
2026-10-06T21:47:20.1369890Z     tests/commands.spec.cjs:8:1 › 真实键盘、按钮和原生菜单共用命令，查找输入保留复制粘贴 ──────────────────────────────────────
2026-10-06T21:47:20.1371450Z   5 passed (31.1s)
2026-10-06T21:47:20.2437360Z ##[error]Process completed with exit code 1.
2026-10-06T21:47:20.2592720Z ##[group]Run npx playwright test --config=playwright.packaged.config.cjs --reporter=line,html
2026-10-06T21:47:20.2593380Z [36;1mnpx playwright test --config=playwright.packaged.config.cjs --reporter=line,html[0m
2026-10-06T21:47:20.2640690Z shell: /bin/bash -e {0}
2026-10-06T21:47:20.2641130Z env:
2026-10-06T21:47:20.2641390Z   CSC_IDENTITY_AUTO_DISCOVERY: false
2026-10-06T21:47:20.2641830Z   CSC_FOR_PULL_REQUEST: true
2026-10-06T21:47:20.2642110Z   XDG_CURRENT_DESKTOP: 
2026-10-06T21:47:20.2642480Z   PLAYWRIGHT_HTML_OUTPUT_DIR: playwright-report/packaged
2026-10-06T21:47:20.2642930Z ##[endgroup]
2026-10-06T21:47:21.6684840Z 
2026-10-06T21:47:21.6787270Z Running 2 tests using 1 worker
2026-10-06T21:47:21.6840440Z 
2026-10-06T21:47:21.9596540Z [1/2] tests/packaged-linux.spec.cjs:7:1 › Linux 原生打包产物启动且源文件保持只读
2026-10-06T21:47:21.9946100Z [2/2] tests/packaged-mac.spec.cjs:10:1 › macOS 原生包、隔离安装、系统打开、升级与重复卸载
2026-10-06T21:47:23.1420500Z tests/packaged-mac.spec.cjs:10:1 › macOS 原生包、隔离安装、系统打开、升级与重复卸载
2026-10-06T21:47:23.1600660Z 已安装用户级 emd：/private/var/folders/nj/vtw8zd2j31d1gdrtntc5y4600000gn/T/emd-packaged-mftzbL/isolated home/Applications/emd.app
2026-10-06T21:47:23.1615120Z 终端命令：/private/var/folders/nj/vtw8zd2j31d1gdrtntc5y4600000gn/T/emd-packaged-mftzbL/isolated home/.local/bin/emd
2026-10-06T21:47:23.1616900Z 日志：/private/var/folders/nj/vtw8zd2j31d1gdrtntc5y4600000gn/T/emd-packaged-mftzbL/isolated home/Library/Logs/emd/emd.log
2026-10-06T21:47:23.1619470Z 
2026-10-06T21:47:23.1620940Z 请将 ~/.local/bin 加入 PATH；Finder 打开方式已注册，默认应用设置保留。
2026-10-06T21:47:23.1621940Z 
2026-10-06T21:47:33.9879960Z 已安装用户级 emd：/private/var/folders/nj/vtw8zd2j31d1gdrtntc5y4600000gn/T/emd-packaged-mftzbL/isolated home/Applications/emd.app
2026-10-06T21:47:33.9984210Z 终端命令：/private/var/folders/nj/vtw8zd2j31d1gdrtntc5y4600000gn/T/emd-packaged-mftzbL/isolated home/.local/bin/emd
2026-10-06T21:47:34.0106340Z 日志：/private/var/folders/nj/vtw8zd2j31d1gdrtntc5y4600000gn/T/emd-packaged-mftzbL/isolated home/Library/Logs/emd/emd.log
2026-10-06T21:47:34.0212770Z 
2026-10-06T21:47:34.0247760Z 请将 ~/.local/bin 加入 PATH；Finder 打开方式已注册，默认应用设置保留。
2026-10-06T21:47:34.0248280Z 
2026-10-06T21:47:34.8370800Z 已移除用户级 emd 应用和命令；配置、日志和源文档保留。
2026-10-06T21:47:34.8469200Z 
2026-10-06T21:47:34.8571690Z 已移除用户级 emd 应用和命令；配置、日志和源文档保留。
2026-10-06T21:47:34.8610300Z 
2026-10-06T21:47:34.8618080Z 已移除用户级 emd 应用和命令；配置、日志和源文档保留。
2026-10-06T21:47:34.8619140Z 
2026-10-06T21:47:34.8637990Z   1 skipped
2026-10-06T21:47:34.8639630Z   1 passed (13.4s)
2026-10-06T21:47:34.9852740Z ##[group]Run actions/upload-artifact@v4
2026-10-06T21:47:34.9853380Z with:
2026-10-06T21:47:34.9853650Z   name: desktop-macos-15-arm64
2026-10-06T21:47:34.9854060Z   retention-days: 7
2026-10-06T21:47:34.9854620Z   path: playwright-report/
test-results/
release/*.dmg
release/*.zip
release/*.tar.gz

2026-10-06T21:47:34.9855090Z   if-no-files-found: warn
2026-10-06T21:47:34.9855440Z   compression-level: 6
2026-10-06T21:47:34.9856200Z   overwrite: false
2026-10-06T21:47:34.9857160Z   include-hidden-files: false
2026-10-06T21:47:34.9858040Z env:
2026-10-06T21:47:34.9858670Z   CSC_IDENTITY_AUTO_DISCOVERY: false
2026-10-06T21:47:34.9859450Z   CSC_FOR_PULL_REQUEST: true
2026-10-06T21:47:34.9859790Z   XDG_CURRENT_DESKTOP: 
2026-10-06T21:47:34.9860020Z ##[endgroup]
2026-10-06T21:47:35.5027500Z (node:22804) [DEP0040] DeprecationWarning: The `punycode` module is deprecated. Please use a userland alternative instead.
2026-10-06T21:47:35.5028630Z (Use `node --trace-deprecation ...` to show where the warning was created)
2026-10-06T21:47:35.5196460Z Multiple search paths detected. Calculating the least common ancestor of all paths
2026-10-06T21:47:35.5211770Z The least common ancestor is /Users/runner/work/ea-md-reader/ea-md-reader. This will be the root directory of the artifact
2026-10-06T21:47:35.5213860Z With the provided path, there will be 55 files uploaded
2026-10-06T21:47:35.5214460Z Artifact name is valid!
2026-10-06T21:47:35.5214820Z Root directory input is valid!
2026-10-06T21:47:35.9445860Z Beginning upload of artifact content to blob storage
2026-10-06T21:47:36.9147760Z (node:22804) [DEP0169] DeprecationWarning: `url.parse()` behavior is not standardized and prone to errors that have security implications. Use the WHATWG URL API instead. CVEs are not issued for `url.parse()` vulnerabilities.
2026-10-06T21:47:37.8729930Z Uploaded bytes 8388608
2026-10-06T21:47:38.5741300Z Uploaded bytes 16777216
2026-10-06T21:47:38.7440160Z Uploaded bytes 25165824
2026-10-06T21:47:39.0191380Z Uploaded bytes 33554432
2026-10-06T21:47:39.2556200Z Uploaded bytes 41943040
2026-10-06T21:47:39.4916930Z Uploaded bytes 50331648
2026-10-06T21:47:39.5228870Z Uploaded bytes 58720256
2026-10-06T21:47:39.8391490Z Uploaded bytes 67108864
2026-10-06T21:47:40.1135320Z Uploaded bytes 75497472
2026-10-06T21:47:40.3574550Z Uploaded bytes 83886080
2026-10-06T21:47:40.7337300Z Uploaded bytes 92274688
2026-10-06T21:47:40.9296180Z Uploaded bytes 100663296
2026-10-06T21:47:41.2077580Z Uploaded bytes 109051904
2026-10-06T21:47:41.4317320Z Uploaded bytes 117440512
2026-10-06T21:47:41.6225860Z Uploaded bytes 125829120
2026-10-06T21:47:41.9069170Z Uploaded bytes 134217728
2026-10-06T21:47:42.1658100Z Uploaded bytes 142606336
2026-10-06T21:47:42.3907890Z Uploaded bytes 150994944
2026-10-06T21:47:42.6594460Z Uploaded bytes 159383552
2026-10-06T21:47:42.8413190Z Uploaded bytes 167772160
2026-10-06T21:47:43.0586980Z Uploaded bytes 176160768
2026-10-06T21:47:43.2915520Z Uploaded bytes 184549376
2026-10-06T21:47:43.5694400Z Uploaded bytes 192937984
2026-10-06T21:47:43.8713670Z Uploaded bytes 201326592
2026-10-06T21:47:44.2364690Z Uploaded bytes 209715200
2026-10-06T21:47:44.4396290Z Uploaded bytes 218103808
2026-10-06T21:47:44.5823970Z Uploaded bytes 226492416
2026-10-06T21:47:44.8643150Z Uploaded bytes 234881024
2026-10-06T21:47:45.1053430Z Uploaded bytes 243269632
2026-10-06T21:47:45.2691820Z Uploaded bytes 251658240
2026-10-06T21:47:45.4485810Z Uploaded bytes 260046848
2026-10-06T21:47:45.6810540Z Uploaded bytes 268435456
2026-10-06T21:47:45.8824210Z Uploaded bytes 276824064
2026-10-06T21:47:46.0535250Z Uploaded bytes 285212672
2026-10-06T21:47:46.2252000Z Uploaded bytes 287596291
2026-10-06T21:47:46.3059560Z Finished uploading artifact content to blob storage!
2026-10-06T21:47:46.3161280Z SHA256 digest of uploaded artifact zip is efb23790e7c9c6118c80c85d3713898f54759391d561e0360dc965e81f312fa6
2026-10-06T21:47:46.3261360Z Finalizing artifact upload
2026-10-06T21:47:46.7715730Z Artifact desktop-macos-15-arm64.zip successfully finalized. Artifact ID 11447030754
2026-10-06T21:47:46.7736210Z Artifact desktop-macos-15-arm64 has been successfully uploaded! Final size is 287596291 bytes. Artifact ID is 11447030754
2026-10-06T21:47:46.7737360Z Artifact download URL: https://github.com/yceachan/ea-md-reader/actions/runs/37535988656/artifacts/11447030754
2026-10-06T21:47:46.7921560Z Post job cleanup.
2026-10-06T21:47:46.9020450Z [command]/opt/homebrew/bin/git version
2026-10-06T21:47:46.9224890Z git version 2.55.0
2026-10-06T21:47:46.9243740Z Copying '/Users/runner/.gitconfig' to '/Users/runner/work/_temp/e6797ee2-b735-4a37-9cd1-a0c584e435ce/.gitconfig'
2026-10-06T21:47:46.9251070Z Temporarily overriding HOME='/Users/runner/work/_temp/e6797ee2-b735-4a37-9cd1-a0c584e435ce' before making global git config changes
2026-10-06T21:47:46.9251960Z Adding repository directory to the temporary git global config as a safe directory
2026-10-06T21:47:46.9255230Z [command]/opt/homebrew/bin/git config --global --add safe.directory /Users/runner/work/ea-md-reader/ea-md-reader
2026-10-06T21:47:46.9361960Z [command]/opt/homebrew/bin/git config --local --name-only --get-regexp core\.sshCommand
2026-10-06T21:47:46.9430460Z [command]/opt/homebrew/bin/git submodule foreach --recursive sh -c "git config --local --name-only --get-regexp 'core\.sshCommand' && git config --local --unset-all 'core.sshCommand' || :"
2026-10-06T21:47:47.0361000Z [command]/opt/homebrew/bin/git config --local --name-only --get-regexp http\.https\:\/\/github\.com\/\.extraheader
2026-10-06T21:47:47.0413480Z http.https://github.com/.extraheader
2026-10-06T21:47:47.0420060Z [command]/opt/homebrew/bin/git config --local --unset-all http.https://github.com/.extraheader
2026-10-06T21:47:47.0480730Z [command]/opt/homebrew/bin/git submodule foreach --recursive sh -c "git config --local --name-only --get-regexp 'http\.https\:\/\/github\.com\/\.extraheader' && git config --local --unset-all 'http.https://github.com/.extraheader' || :"
2026-10-06T21:47:47.1199050Z [command]/opt/homebrew/bin/git config --local --name-only --get-regexp ^includeIf\.gitdir:
2026-10-06T21:47:47.1258910Z [command]/opt/homebrew/bin/git submodule foreach --recursive git config --local --show-origin --name-only --get-regexp remote.origin.url
2026-10-06T21:47:47.2855570Z Cleaning up orphan processes
2026-10-06T21:47:49.0941720Z ##[warning]Node.js 20 is deprecated. The following actions target Node.js 20 but are being forced to run on Node.js 24: actions/checkout@v4, actions/setup-node@v4, actions/upload-artifact@v4. For more information see: https://github.blog/changelog/2025-09-19-deprecation-of-node-20-on-github-actions-runners/
